"quad_id","standardized_PCA_n_pixels","standardized_PCA_manual_excluded","standardized_PCA_metric_method","standardized_PCA_pca_euclidean_mean","standardized_PCA_pca_euclidean_median","standardized_PCA_pca_euclidean_sd","standardized_PCA_rao_q_pca","standardized_PCA_rao_q_distance","standardized_PCA_alpha_hull_area","standardized_PCA_alpha_hull_method","standardized_PCA_alpha_hull_n_points","standardized_PCA_alpha_hull_alpha","standardized_PCA_pca_convex_hull_area","standardized_PCA_pca_hull_volume_3d","standardized_PCA_pca_hull_area_3d","standardized_PCA_pca_hull_3d_method","standardized_PCA_pca_hull_3d_n_points"
"sub50_1",175140,FALSE,"all_pixels",7.32612832570273,6.41919179788318,4.43776928734269,146.731680092648,"squared_euclidean_pc1_pc3",748.713336785807,"sampled_pixels",10000,1,2621.97577632116,39290.1443533046,6748.82284916304,"sampled_pixels",10000
"sub50_10",190670,FALSE,"all_pixels",6.98219124036181,6.11593665976419,4.23182239440795,133.318442743361,"squared_euclidean_pc1_pc3",651.028426233409,"sampled_pixels",10000,1,2753.8296109451,37895.1175367291,6698.95403718927,"sampled_pixels",10000
"sub50_11",176363,FALSE,"all_pixels",6.44814617275558,5.91009454273122,3.33831620441557,105.445761912032,"squared_euclidean_pc1_pc3",563.745965638832,"sampled_pixels",10000,1,1894.46737250446,22365.6292271188,4570.1266695206,"sampled_pixels",10000
"sub50_12",169495,FALSE,"all_pixels",9.30138517745539,7.52302810421332,9.89614679342539,368.897819558599,"squared_euclidean_pc1_pc3",817.380315371005,"sampled_pixels",10000,1,7744.28210207835,132442.909465245,18281.5255891386,"sampled_pixels",10000
"sub50_13",203330,FALSE,"all_pixels",8.72050184462044,7.06012779617267,7.31895528609759,259.227990905639,"squared_euclidean_pc1_pc3",909.462187020793,"sampled_pixels",10000,1,4778.39882012142,110429.132077085,15172.3367796364,"sampled_pixels",10000
"sub50_14",178478,FALSE,"all_pixels",6.31630238567498,5.53655277493296,3.97043311437437,111.319853232985,"squared_euclidean_pc1_pc3",634.343316139819,"sampled_pixels",10000,1,2930.21894492042,39964.1645273183,7245.96368376868,"sampled_pixels",10000
"sub50_15",172782,FALSE,"all_pixels",6.79336049035095,6.02479444245195,4.07849827615707,125.567597336035,"squared_euclidean_pc1_pc3",650.050187629565,"sampled_pixels",10000,1,2394.80222752736,47745.0575211304,7570.75686332931,"sampled_pixels",10000
"sub50_16",157562,FALSE,"all_pixels",6.73064751994651,6.09448517602805,3.80787993739936,119.60294725693,"squared_euclidean_pc1_pc3",632.459667349762,"sampled_pixels",10000,1,2285.40251491549,36119.0775740868,6423.07021212006,"sampled_pixels",10000
"sub50_17",170415,FALSE,"all_pixels",8.8379004230835,7.94051121545608,4.93642340716664,204.953233898869,"squared_euclidean_pc1_pc3",894.209432815716,"sampled_pixels",10000,1,2782.09001145233,52547.1496112677,8283.22682152364,"sampled_pixels",10000
"sub50_18",175121,FALSE,"all_pixels",8.255780706098,7.31942973083018,4.8004159334482,182.403553224614,"squared_euclidean_pc1_pc3",839.576652195317,"sampled_pixels",10000,1,2716.72657255171,60113.9290302696,9246.42661462839,"sampled_pixels",10000
"sub50_19",200918,FALSE,"all_pixels",10.010302254184,8.78174839537281,6.00292211862218,272.482091660444,"squared_euclidean_pc1_pc3",1052.81082719872,"sampled_pixels",10000,1,3581.36243614419,67275.4391976077,10643.6233055029,"sampled_pixels",10000
"sub50_2",164543,FALSE,"all_pixels",6.84083818531104,6.13388805704254,4.06166963672917,126.588254110114,"squared_euclidean_pc1_pc3",617.02959126377,"sampled_pixels",10000,1,2582.43995344391,44416.5135514978,7117.34504179066,"sampled_pixels",10000
"sub50_20",181089,FALSE,"all_pixels",8.31540586483368,7.1457255335638,6.6675257357602,227.203257283885,"squared_euclidean_pc1_pc3",833.9838893848,"sampled_pixels",10000,1,5329.91323027528,89208.4176268448,14927.9566137251,"sampled_pixels",10000
"sub50_21",185088,FALSE,"all_pixels",7.10577359820847,6.21722551828387,4.53030215035498,142.031090233343,"squared_euclidean_pc1_pc3",705.270176658633,"sampled_pixels",10000,1,3522.94592771487,60561.2811515231,9454.49878864502,"sampled_pixels",10000
"sub50_22",159220,FALSE,"all_pixels",6.97772172680723,6.2459704484245,4.11633909206245,131.265483194506,"squared_euclidean_pc1_pc3",665.709895907039,"sampled_pixels",10000,1,2356.40370784987,59134.3179511588,9021.00705148636,"sampled_pixels",10000
"sub50_23",173628,FALSE,"all_pixels",7.13081556230308,6.21887627742231,4.65602314426384,145.053914494387,"squared_euclidean_pc1_pc3",741.710219906701,"sampled_pixels",10000,1,3073.1896289117,64046.4247578802,9604.70835532806,"sampled_pixels",10000
"sub50_24",166816,FALSE,"all_pixels",7.06743490705676,6.27098396500223,4.4816710673419,140.067782633926,"squared_euclidean_pc1_pc3",639.11815676347,"sampled_pixels",10000,1,3264.89836853528,44787.6282519689,7899.29245202558,"sampled_pixels",10000
"sub50_25",200712,FALSE,"all_pixels",6.70937261292127,5.95700727725841,4.13908102065099,124.295174396881,"squared_euclidean_pc1_pc3",641.004602779434,"sampled_pixels",10000,1,2811.57192383342,38872.9389948268,6789.28823883436,"sampled_pixels",10000
"sub50_26",168753,FALSE,"all_pixels",6.99973233724005,6.26722382104905,3.89515206825954,128.336745040157,"squared_euclidean_pc1_pc3",648.216208724741,"sampled_pixels",10000,1,2674.89697842507,29647.3882889686,5324.41264553038,"sampled_pixels",10000
"sub50_27",167394,FALSE,"all_pixels",7.8700113593205,6.83788501918072,4.8145483189518,170.233631672814,"squared_euclidean_pc1_pc3",839.735701425613,"sampled_pixels",10000,1,1834.98700730783,30212.430769136,5624.57302903155,"sampled_pixels",10000
"sub50_28",178528,FALSE,"all_pixels",7.36850196830415,6.71136891434602,4.012927795867,140.796641099412,"squared_euclidean_pc1_pc3",684.645445727802,"sampled_pixels",10000,1,2043.38701685221,46270.736540096,7694.3582268678,"sampled_pixels",10000
"sub50_29",172241,FALSE,"all_pixels",8.74600777636104,7.49010585525553,6.66128359801942,241.730187155137,"squared_euclidean_pc1_pc3",825.88901386789,"sampled_pixels",10000,1,4749.05770173708,74485.4462003188,11213.8575293555,"sampled_pixels",10000
"sub50_3",170209,FALSE,"all_pixels",6.97687388208275,6.1312364871421,4.25890548873896,133.629877127541,"squared_euclidean_pc1_pc3",639.480210684094,"sampled_pixels",10000,1,2025.05370235602,33867.4498014285,5869.63478877612,"sampled_pixels",10000
"sub50_30",160607,FALSE,"all_pixels",7.22638115695713,6.15122901178996,6.57699643643371,190.954394833517,"squared_euclidean_pc1_pc3",662.167080416324,"sampled_pixels",10000,1,4974.72858135838,76827.8992806745,12858.7472938038,"sampled_pixels",10000
"sub50_31",187329,FALSE,"all_pixels",7.99959055353564,6.69223332402623,5.72039970867834,193.432494338865,"squared_euclidean_pc1_pc3",818.647170956715,"sampled_pixels",10000,1,3025.05740009241,42853.593300826,7746.72332643825,"sampled_pixels",10000
"sub50_32",162092,FALSE,"all_pixels",7.44209733634923,6.51823231819755,4.52691871833682,151.755358835932,"squared_euclidean_pc1_pc3",748.707973145379,"sampled_pixels",10000,1,1989.53138245635,35071.5944876387,5982.50222935646,"sampled_pixels",10000
"sub50_33",178883,FALSE,"all_pixels",8.21579326632104,6.50829315266279,8.05194560462274,264.665449155346,"squared_euclidean_pc1_pc3",716.982434607733,"sampled_pixels",10000,1,4135.13553975355,75691.0233101844,12553.5911987444,"sampled_pixels",10000
"sub50_34",182142,FALSE,"all_pixels",6.8345601042788,5.98199715461815,4.38264850734385,131.837428607785,"squared_euclidean_pc1_pc3",634.157004680711,"sampled_pixels",10000,1,4664.80973827168,90941.5978891891,13400.7900702177,"sampled_pixels",10000
"sub50_35",193953,FALSE,"all_pixels",7.12549090540849,6.16725308045854,4.87070174704899,148.99246766967,"squared_euclidean_pc1_pc3",687.258512183339,"sampled_pixels",10000,1,3953.09260833235,60229.6043617743,8702.35748411382,"sampled_pixels",10000
"sub50_36",174203,FALSE,"all_pixels",8.28807805959215,7.27072274887567,5.97326612869442,208.743882696222,"squared_euclidean_pc1_pc3",760.500009558805,"sampled_pixels",10000,1,4441.90437360752,75287.2763929423,12783.5560593712,"sampled_pixels",10000
"sub50_37",188112,FALSE,"all_pixels",6.84260662665288,6.07318135412427,4.22536814358053,129.349812971521,"squared_euclidean_pc1_pc3",645.158103378815,"sampled_pixels",10000,1,2630.66402864867,37184.9255360847,6616.84463779482,"sampled_pixels",10000
"sub50_38",172053,FALSE,"all_pixels",6.69724078932833,5.9458755142112,4.11439177752888,123.562310999352,"squared_euclidean_pc1_pc3",621.276605149698,"sampled_pixels",10000,1,2805.12484147924,38556.9087724716,6957.77886860712,"sampled_pixels",10000
"sub50_39",201042,FALSE,"all_pixels",8.35687425104809,7.28047954857927,5.23907905974933,194.570320227401,"squared_euclidean_pc1_pc3",904.030875059971,"sampled_pixels",10000,1,2441.15693002647,44924.0108528839,7300.09665791899,"sampled_pixels",10000
"sub50_4",144375,FALSE,"all_pixels",9.00838167369754,7.17755574738649,11.1312153493785,410.108074648072,"squared_euclidean_pc1_pc3",722.881695885303,"sampled_pixels",10000,1,6229.2830297747,119315.282478394,16626.9617209647,"sampled_pixels",10000
"sub50_40",171408,FALSE,"all_pixels",7.14522317812104,6.06676786119168,6.33872105193208,182.466728862986,"squared_euclidean_pc1_pc3",650.688468883843,"sampled_pixels",10000,1,5629.76799484961,99159.5837439178,14319.5128451192,"sampled_pixels",10000
"sub50_41",183905,FALSE,"all_pixels",6.32561738359662,5.40770514931194,4.92465976501557,128.5311544218,"squared_euclidean_pc1_pc3",541.430023859362,"sampled_pixels",10000,1,3881.26496451534,54875.7408708022,9607.40022806396,"sampled_pixels",10000
"sub50_42",177583,FALSE,"all_pixels",5.96180287180025,5.30815083705493,3.69443893670234,98.3837913601492,"squared_euclidean_pc1_pc3",528.898930833563,"sampled_pixels",10000,1,2803.24506689609,48194.5351508508,7709.08917802446,"sampled_pixels",10000
"sub50_43",180378,FALSE,"all_pixels",7.56307550405012,6.41439948339442,6.15609787331633,190.19488401026,"squared_euclidean_pc1_pc3",732.347297138031,"sampled_pixels",10000,1,4811.94967098882,101492.482070989,13396.3643327335,"sampled_pixels",10000
"sub50_44",152090,FALSE,"all_pixels",10.2080467651076,8.11660432245234,10.5434172735476,430.734271311499,"squared_euclidean_pc1_pc3",881.95508699246,"sampled_pixels",10000,1,6125.74128339611,102347.921692012,14653.5031696432,"sampled_pixels",10000
"sub50_45",196375,FALSE,"all_pixels",9.96037614721904,8.60733622700852,6.62738462939024,286.262192709807,"squared_euclidean_pc1_pc3",1010.81569614626,"sampled_pixels",10000,1,3952.33782545287,87948.5435829521,12019.5760396706,"sampled_pixels",10000
"sub50_46",178822,FALSE,"all_pixels",7.26859281801478,6.53201896298784,4.19083432641676,140.790871380136,"squared_euclidean_pc1_pc3",701.863232208072,"sampled_pixels",10000,1,2228.16517121361,46597.1809694349,7579.3852355648,"sampled_pixels",10000
"sub50_47",180256,FALSE,"all_pixels",7.29511529418168,6.54109937281304,4.2367720671849,142.337690245535,"squared_euclidean_pc1_pc3",678.970855937048,"sampled_pixels",10000,1,2642.16202774986,48997.0307065713,7627.38061246242,"sampled_pixels",10000
"sub50_48",141246,FALSE,"all_pixels",6.76233620925987,6.0557904967178,4.10626929204724,125.181038258834,"squared_euclidean_pc1_pc3",604.515482980477,"sampled_pixels",10000,1,2264.43730982734,40588.7405483515,7322.06554805672,"sampled_pixels",10000
"sub50_49",206958,FALSE,"all_pixels",7.41468380306874,6.19423230037192,6.3814709728697,191.401021813691,"squared_euclidean_pc1_pc3",680.927173746802,"sampled_pixels",10000,1,4344.84519361428,85794.4740678161,12605.3103290466,"sampled_pixels",10000
"sub50_5",176981,FALSE,"all_pixels",7.01801802497104,6.1308918812457,4.54084478925338,139.743463786686,"squared_euclidean_pc1_pc3",659.116955248333,"sampled_pixels",10000,1,3657.63714794915,61040.9960858918,10083.7472298921,"sampled_pixels",10000
"sub50_50",192715,FALSE,"all_pixels",6.90699373980403,6.06170018381784,4.39426355900786,134.032029100526,"squared_euclidean_pc1_pc3",655.950138489621,"sampled_pixels",10000,1,3054.83983477151,61027.550704969,8860.22107947454,"sampled_pixels",10000
"sub50_51",200631,FALSE,"all_pixels",6.76878806718678,5.79312151531165,4.78587367796355,137.441929194327,"squared_euclidean_pc1_pc3",686.961212775581,"sampled_pixels",10000,1,4382.50065946244,60248.263485605,9255.73900769418,"sampled_pixels",10000
"sub50_52",148734,FALSE,"all_pixels",6.92908861773829,6.19996216070796,3.97724163833353,127.661227536393,"squared_euclidean_pc1_pc3",640.934010165813,"sampled_pixels",10000,1,2672.84112359288,39388.8904170468,7297.71551768502,"sampled_pixels",10000
"sub50_53",NA,TRUE,"manual_excluded",NA,NA,NA,NA,"squared_euclidean_pc1_pc3",NA,"manual_excluded",NA,1,NA,NA,NA,"manual_excluded",NA
"sub50_54",156070,FALSE,"all_pixels",8.42219816262703,7.41647089691287,5.17502742529819,195.428318295304,"squared_euclidean_pc1_pc3",829.680114206154,"sampled_pixels",10000,1,3587.36719508638,96723.273563154,11977.6889392024,"sampled_pixels",10000
"sub50_55",175675,FALSE,"all_pixels",7.25075757133681,6.67586842929893,3.88016508882927,135.258161545937,"squared_euclidean_pc1_pc3",674.457939700864,"sampled_pixels",10000,1,1856.06333668873,32193.1175098617,5493.63705074631,"sampled_pixels",10000
"sub50_56",145500,FALSE,"all_pixels",6.99036642874515,6.2849886852638,4.05585390087945,130.630121230649,"squared_euclidean_pc1_pc3",646.457403851166,"sampled_pixels",10000,1,2816.87474408587,41630.8030476386,7139.53654672487,"sampled_pixels",10000
"sub50_57",194198,FALSE,"all_pixels",6.67309803741661,5.58132386223818,5.38724397962046,147.104971330942,"squared_euclidean_pc1_pc3",605.091410040095,"sampled_pixels",10000,1,3918.88360885603,62926.2851498364,9713.70020050139,"sampled_pixels",10000
"sub50_58",189724,FALSE,"all_pixels",6.73781353480676,5.69308036119126,5.29538074686151,146.878081369694,"squared_euclidean_pc1_pc3",597.640035907504,"sampled_pixels",10000,1,5414.92306063334,131620.930267118,15329.5866040347,"sampled_pixels",10000
"sub50_59",182287,FALSE,"all_pixels",6.28110067198998,5.38072837071249,4.62498367781929,121.68516465347,"squared_euclidean_pc1_pc3",545.558707614117,"sampled_pixels",10000,1,3062.42790665709,94375.992673555,12659.8287053936,"sampled_pixels",10000
"sub50_6",154062,FALSE,"all_pixels",7.28888452577612,6.50147178619157,4.35264304235883,144.14643222213,"squared_euclidean_pc1_pc3",684.408272787508,"sampled_pixels",10000,1,2893.67499638642,51832.8142503484,8251.74676955889,"sampled_pixels",10000
"sub50_60",164492,FALSE,"all_pixels",7.66473132617642,6.6767471862252,5.87185874816047,186.453243707024,"squared_euclidean_pc1_pc3",720.458029029841,"sampled_pixels",10000,1,5481.31576306734,93724.14399225,14660.0095983344,"sampled_pixels",10000
"sub50_61",121379,FALSE,"all_pixels",7.22922088980328,6.05550234345948,5.50436399114525,165.118816011106,"squared_euclidean_pc1_pc3",712.615146002433,"sampled_pixels",10000,1,2717.4609442541,44578.7533808771,7411.43355376077,"sampled_pixels",10000
"sub50_62",NA,TRUE,"manual_excluded",NA,NA,NA,NA,"squared_euclidean_pc1_pc3",NA,"manual_excluded",NA,1,NA,NA,NA,"manual_excluded",NA
"sub50_63",184856,FALSE,"all_pixels",8.13496227546765,6.92456510421542,5.89986360368983,201.971626930789,"squared_euclidean_pc1_pc3",824.57125304214,"sampled_pixels",10000,1,3839.8462269118,51681.7830235815,9349.14961860686,"sampled_pixels",10000
"sub50_64",159846,FALSE,"all_pixels",6.86159390882677,6.2736775510685,3.69698236919462,121.498128204988,"squared_euclidean_pc1_pc3",646.851075711711,"sampled_pixels",10000,1,2065.70665091569,21703.0724298774,4389.41655922484,"sampled_pixels",10000
"sub50_65",190561,FALSE,"all_pixels",5.90912655417417,5.25863084669316,3.3732421101687,92.5929585102923,"squared_euclidean_pc1_pc3",522.595579859749,"sampled_pixels",10000,1,1678.21745969487,31632.808836616,5910.0668344447,"sampled_pixels",10000
"sub50_66",194951,FALSE,"all_pixels",6.55127513135391,5.78254463613997,4.05368119888723,118.702905638724,"squared_euclidean_pc1_pc3",596.219950647979,"sampled_pixels",10000,1,2833.9578792955,72532.0749606784,10829.4892292595,"sampled_pixels",10000
"sub50_67",194915,FALSE,"all_pixels",6.40572372575606,5.4076994146339,4.98269602079073,131.720857423031,"squared_euclidean_pc1_pc3",597.081632268104,"sampled_pixels",10000,1,4601.3865744253,60540.0727928928,10603.6988356165,"sampled_pixels",10000
"sub50_68",180561,FALSE,"all_pixels",6.21013916625151,5.61692814700491,3.42853271701453,100.641199908206,"squared_euclidean_pc1_pc3",548.621411955938,"sampled_pixels",10000,1,1727.23003968803,33618.8400903459,5814.61264611998,"sampled_pixels",10000
"sub50_69",150307,FALSE,"all_pixels",6.33193516207316,5.63053997182206,3.68672055412263,107.370441826482,"squared_euclidean_pc1_pc3",561.041750779612,"sampled_pixels",10000,1,1878.64578315433,37228.4618747814,6250.62107490624,"sampled_pixels",10000
"sub50_7",186194,FALSE,"all_pixels",7.73718189793407,6.76026275133358,5.00832361855438,169.894308947835,"squared_euclidean_pc1_pc3",794.030085049946,"sampled_pixels",10000,1,3176.63971605295,61470.8332121127,9536.25938405081,"sampled_pixels",10000
"sub50_70",NA,TRUE,"manual_excluded",NA,NA,NA,NA,"squared_euclidean_pc1_pc3",NA,"manual_excluded",NA,1,NA,NA,NA,"manual_excluded",NA
"sub50_71",NA,TRUE,"manual_excluded",NA,NA,NA,NA,"squared_euclidean_pc1_pc3",NA,"manual_excluded",NA,1,NA,NA,NA,"manual_excluded",NA
"sub50_72",185114,FALSE,"all_pixels",9.66307109129502,8.10978570754004,7.48315687964032,298.744554594417,"squared_euclidean_pc1_pc3",933.050031498928,"sampled_pixels",10000,1,4897.96050467255,101598.603114969,14071.3189384843,"sampled_pixels",10000
"sub50_73",165703,FALSE,"all_pixels",6.71454059408471,5.74921834654843,4.80880905030537,136.419120634276,"squared_euclidean_pc1_pc3",618.897168616718,"sampled_pixels",10000,1,3541.39272774849,79659.6901793356,10917.735099582,"sampled_pixels",10000
"sub50_74",185454,FALSE,"all_pixels",6.28333160200063,5.50214403135577,4.3896376974374,117.498142468247,"squared_euclidean_pc1_pc3",563.821236755789,"sampled_pixels",10000,1,2975.0760263466,55616.7142899994,8462.31078171565,"sampled_pixels",10000
"sub50_75",206301,FALSE,"all_pixels",5.97991755408378,5.2120834809414,3.98902327802382,103.3432870695,"squared_euclidean_pc1_pc3",553.847747140712,"sampled_pixels",10000,1,2342.00765105829,39765.2929752411,7444.00292404485,"sampled_pixels",10000
"sub50_76",196683,FALSE,"all_pixels",6.42441319619527,5.55675272807954,4.1512440025892,117.011648134429,"squared_euclidean_pc1_pc3",613.212122233718,"sampled_pixels",10000,1,2312.98403695126,47532.3845871768,7659.02700260989,"sampled_pixels",10000
"sub50_77",182980,FALSE,"all_pixels",6.43330737142061,5.77313913970324,3.83702453380606,112.22024109437,"squared_euclidean_pc1_pc3",531.434870992553,"sampled_pixels",10000,1,2543.8752187215,38106.524322724,6596.10337928208,"sampled_pixels",10000
"sub50_78",128427,FALSE,"all_pixels",6.72146914034041,6.04256788614655,3.70691012613307,117.838446183437,"squared_euclidean_pc1_pc3",649.62458917644,"sampled_pixels",10000,1,2146.31384925489,38269.4539886987,6311.42150767164,"sampled_pixels",10000
"sub50_79",NA,TRUE,"manual_excluded",NA,NA,NA,NA,"squared_euclidean_pc1_pc3",NA,"manual_excluded",NA,1,NA,NA,NA,"manual_excluded",NA
"sub50_8",187893,FALSE,"all_pixels",7.03962257122666,6.29011063011126,4.66931206984916,142.717290228616,"squared_euclidean_pc1_pc3",658.851850401153,"sampled_pixels",10000,1,4654.34459428721,56347.699426433,10452.1377359843,"sampled_pixels",10000
"sub50_80",NA,TRUE,"manual_excluded",NA,NA,NA,NA,"squared_euclidean_pc1_pc3",NA,"manual_excluded",NA,1,NA,NA,NA,"manual_excluded",NA
"sub50_9",167680,FALSE,"all_pixels",7.21629390597637,6.56775359628494,3.80575254539032,133.117127593672,"squared_euclidean_pc1_pc3",656.109770240299,"sampled_pixels",10000,1,1552.9298053375,30067.0302166943,5570.33459509,"sampled_pixels",10000
