scale,response,predictor,n,pearson_r,spearman_r,pearson_p
10m,spec_sa,phy_faith,1587,0.0875995444186255,0.10556544409110788,4.764011341870207e-4
10m,spec_sa,phy_afaith,1587,0.10227372558246824,0.08020759499300405,4.468969258829207e-5
10m,spec_sa,sp_shannon,1587,-0.050767389672185144,-0.01876708226566161,0.04316194275547389
10m,spec_sa,env_elev,1587,-0.17730259877999302,-0.18925066063135498,1.1264327956070302e-12
10m,spec_sa,env_tri11,1587,-0.045522846558226485,-0.05064659451304368,0.06982992451047094
10m,spec_pca_mean,phy_faith,1440,0.022699756575731943,0.019186860875108704,0.3893713054265834
10m,spec_pca_mean,phy_afaith,1440,0.04348303116305104,0.02378334453353337,0.09906320921918
10m,spec_pca_mean,sp_shannon,1440,-0.037768552897516385,-0.04840954175590021,0.15200584203234146
10m,spec_pca_mean,env_elev,1440,-0.02493621869978504,-0.06942046171897266,0.34435863387551724
10m,spec_pca_mean,env_tri11,1440,-0.0760670099312219,-0.05234194669911267,0.0038743044651356573
10m,spec_rao_q,phy_faith,1440,-0.008066072901338754,0.002411905878526302,0.7597378053155464
10m,spec_rao_q,phy_afaith,1440,0.003072307975071197,0.006928497654717593,0.9072682353107745
10m,spec_rao_q,sp_shannon,1440,-0.05909089864544424,-0.05695810195032191,0.02493848766978464
10m,spec_rao_q,env_elev,1440,-0.04544205797402433,-0.0457418960946644,0.08474433922960758
10m,spec_rao_q,env_tri11,1440,-0.055572000929463204,-0.039464706049723214,0.03497848288857286
10m,spec_alpha,phy_faith,1439,0.023325283113903143,9.313846418227722e-4,0.37660108206361664
10m,spec_alpha,phy_afaith,1439,0.047596282967113004,0.022664517279033864,0.07107801848517073
10m,spec_alpha,sp_shannon,1439,-0.04335247532003128,-0.05038588194990415,0.10020033103428157
10m,spec_alpha,env_elev,1439,-0.002702924018495228,-0.03708353106697557,0.9184040859930869
10m,spec_alpha,env_tri11,1439,-0.06479611015626859,-0.02585946880769916,0.013954467403511868
20m,spec_sa,phy_faith,405,0.14038208032301147,0.21116167739539315,0.004648522916946665
20m,spec_sa,phy_afaith,405,0.1657587565167074,0.12400226886399643,8.118744275026843e-4
20m,spec_sa,sp_shannon,405,-0.06454824194543364,-0.020324758255792743,0.1948564649162774
20m,spec_sa,env_elev,405,-0.2944116775142737,-0.30207106096488145,1.5314851343861466e-9
20m,spec_sa,env_tri11,405,-0.11086957123606536,-0.12398980456337919,0.025668314443372798
20m,spec_pca_mean,phy_faith,360,0.08740500420340915,0.06977467646962468,0.0977631274857825
20m,spec_pca_mean,phy_afaith,360,0.15605042206132572,0.07844067726860032,0.0029900470164037603
20m,spec_pca_mean,sp_shannon,360,-0.10449755259926956,-0.1441600629634488,0.04756509647552643
20m,spec_pca_mean,env_elev,360,-0.07700550314876324,-0.1438905135584894,0.14479608580190037
20m,spec_pca_mean,env_tri11,360,-0.11401554956420568,-0.10734727891418916,0.030554495103777446
20m,spec_rao_q,phy_faith,360,0.08725564938546658,0.05087301454621212,0.0983398531782634
20m,spec_rao_q,phy_afaith,360,0.11232910298325956,0.05475453771505439,0.033119623684220084
20m,spec_rao_q,sp_shannon,360,-0.10473384627859826,-0.14903021371049674,0.04706239091152547
20m,spec_rao_q,env_elev,360,-0.09653704092408738,-0.11631365468354951,0.06731475688460375
20m,spec_rao_q,env_tri11,360,-0.091874767494863,-0.09926414041260606,0.08171475406636138
20m,spec_alpha,phy_faith,360,0.11399674094219764,0.12070414728537632,0.030582138538734694
20m,spec_alpha,phy_afaith,360,0.2096764849339205,0.1590215459481426,6.093777006796946e-5
20m,spec_alpha,sp_shannon,360,-0.11219662415283521,-0.12267944454303915,0.033328683256704024
20m,spec_alpha,env_elev,360,-0.1136824094630549,-0.17451420664254097,0.03104729355081844
20m,spec_alpha,env_tri11,360,-0.1340675470772606,-0.12968695746109152,0.010883669553438929
50m,spec_sa,phy_faith,80,0.17064920383440527,0.24472573839662448,0.13016906714227774
50m,spec_sa,phy_afaith,80,0.22783820452203735,0.2806610407876231,0.04209382783595236
50m,spec_sa,sp_shannon,80,0.04710130942099124,0.13907641819034225,0.6782247107176529
50m,spec_sa,env_elev,80,-0.45767521048415877,-0.423019221753399,1.9692016627733472e-5
50m,spec_sa,env_tri11,80,-0.056873596805572156,-0.16336146272855134,0.6163058564094579
50m,spec_pca_mean,phy_faith,74,0.12698848619881023,0.05750462791558682,0.28095763666645096
50m,spec_pca_mean,phy_afaith,74,0.37542867177486183,0.237319511292114,9.806152890544154e-4
50m,spec_pca_mean,sp_shannon,74,-0.15767358837679152,-0.18142910033320991,0.17970062602495196
50m,spec_pca_mean,env_elev,74,-0.23019654648048887,-0.29406886338393184,0.048484421117434486
50m,spec_pca_mean,env_tri11,74,-0.04853286037625288,-0.04408737504627915,0.6813439796131946
50m,spec_rao_q,phy_faith,74,0.1604491149171858,0.07349870418363569,0.17206354781936686
50m,spec_rao_q,phy_afaith,74,0.3452361189515804,0.22564975934838946,0.0025912298286790278
50m,spec_rao_q,sp_shannon,74,-0.10951841286854577,-0.16682710107367638,0.35295548695488876
50m,spec_rao_q,env_elev,74,-0.24277434165070289,-0.28509440947797104,0.03714563503997362
50m,spec_rao_q,env_tri11,74,-0.00729417872551507,-0.03244724176231025,0.9508181029270961
50m,spec_alpha,phy_faith,74,0.1485884407172905,0.11200296186597555,0.20641954851180871
50m,spec_alpha,phy_afaith,74,0.41407876668356164,0.2705812661977045,2.449598912734053e-4
50m,spec_alpha,sp_shannon,74,-0.16150775487179414,-0.1778748611625324,0.16921415370750206
50m,spec_alpha,env_elev,74,-0.3027409098268434,-0.3354461310625694,0.008747389524143024
50m,spec_alpha,env_tri11,74,-0.18198326805060025,-0.24262125138837462,0.12070609909730347
