term,estimate,std.error,statistic,p.value,conf.low,conf.high,scale,response,model_type,predictor,n,r_squared,adj_r_squared,aic,bic,residual_sd
(Intercept),0.03583107446375906,0.026367977252019288,1.3588859745020858,0.17437593636730603,-0.01588868099648768,0.08755082992400581,10m,spec_sa,Null,NA,1587,0,0,4662.856700867208,4673.5959023082605,1.0504255547463093
(Intercept),0.028135093114169573,0.025987978286454997,1.0826195406217365,0.27914210517816684,-0.02283935840070012,0.07910954462903927,10m,spec_sa,Environment,NA,1587,0.03161763977300836,0.030394934772721705,4615.869137229237,4637.347540111343,1.03433856260141
env_elev_z,-0.2031263575124655,0.02921916830013202,-6.951818594766358,5.253000165483191e-12,-0.26043866789700176,-0.14581404712792925,10m,spec_sa,Environment,NA,1587,0.03161763977300836,0.030394934772721705,4615.869137229237,4637.347540111343,1.03433856260141
env_tri11_z,-0.013554609011186693,0.02488171999922581,-0.5447617371953564,0.5859940821272873,-0.06235917609704414,0.035249958074670754,10m,spec_sa,Environment,NA,1587,0.03161763977300836,0.030394934772721705,4615.869137229237,4637.347540111343,1.03433856260141
(Intercept),0.06499722562230181,0.02756398884185185,2.358048611731155,0.01849217294733666,0.010931514183825243,0.11906293706077839,10m,spec_sa,Biodiversity,phy_faith,1587,0.007673680182350744,0.007047606794453043,4652.631604456552,4668.740406618132,1.0467175168581122
phy_faith_z,0.12278342507574835,0.03507119131010574,3.5009767415676123,4.764011341870443e-4,0.0539926226975105,0.19157422745398622,10m,spec_sa,Biodiversity,phy_faith,1587,0.007673680182350744,0.007047606794453043,4652.631604456552,4668.740406618132,1.0467175168581122
(Intercept),0.05215179217125995,0.027244150879994326,1.914238120357628,0.05576985907520519,-0.0012866209149895932,0.1055902052575095,10m,spec_sa,Biodiversity + environment,phy_faith,1587,0.03663624431026273,0.0348105391510275,4609.623184768208,4636.4711883708405,1.0319806739404933
phy_faith_z,0.09978025932301612,0.03474624158521836,2.8716849584521493,0.004137251501086308,0.031626767617426665,0.16793375102860558,10m,spec_sa,Biodiversity + environment,phy_faith,1587,0.03663624431026273,0.0348105391510275,4609.623184768208,4636.4711883708405,1.0319806739404933
env_elev_z,-0.19575867698376156,0.02926523893935888,-6.6891193811674405,3.104747152518483e-11,-0.2531613809402147,-0.13835597302730845,10m,spec_sa,Biodiversity + environment,phy_faith,1587,0.03663624431026273,0.0348105391510275,4609.623184768208,4636.4711883708405,1.0319806739404933
env_tri11_z,-0.011528065818777187,0.024835027767772595,-0.46418574307924426,0.6425785018439194,-0.060241071362923046,0.03718493972536867,10m,spec_sa,Biodiversity + environment,phy_faith,1587,0.03663624431026273,0.0348105391510275,4609.623184768208,4636.4711883708405,1.0319806739404933
(Intercept),0.058865726343964975,0.028123698328404615,2.0931004754986744,0.036499111336812225,0.003702086181049384,0.11402936650688056,10m,spec_sa,Biodiversity x elevation,phy_faith,1587,0.03719997956838475,0.03476559266463841,4610.694242077794,4642.9118464009525,1.032004702054772
phy_faith_z,0.11251142626879053,0.03717981311768701,3.0261428671696873,0.002516918389314007,0.039584537059590225,0.18543831547799083,10m,spec_sa,Biodiversity x elevation,phy_faith,1587,0.03719997956838475,0.03476559266463841,4610.694242077794,4642.9118464009525,1.032004702054772
env_elev_z,-0.17149698293297722,0.03862598142275031,-4.439938523658255,9.621867791437018e-6,-0.24726048015382557,-0.09573348571212886,10m,spec_sa,Biodiversity x elevation,phy_faith,1587,0.03719997956838475,0.03476559266463841,4610.694242077794,4642.9118464009525,1.032004702054772
env_tri11_z,-0.009953061546790615,0.024889463055189624,-0.39989056914248433,0.6892911041722494,-0.05877286354409601,0.038866740450514775,10m,spec_sa,Biodiversity x elevation,phy_faith,1587,0.03719997956838475,0.03476559266463841,4610.694242077794,4642.9118464009525,1.032004702054772
phy_faith_z:env_elev_z,0.05019423881565879,0.052153214235368554,0.9624380692843041,0.33597668045551965,-0.05210244741047741,0.152490925041795,10m,spec_sa,Biodiversity x elevation,phy_faith,1587,0.03719997956838475,0.03476559266463841,4610.694242077794,4642.9118464009525,1.032004702054772
(Intercept),0.1561013009694823,0.03939279672127982,3.9626864290434356,7.740327303349341e-5,0.07883383462029067,0.23336876731867393,10m,spec_sa,Biodiversity,phy_afaith,1587,0.01045991494451802,0.009835599433442033,4648.169388971371,4664.27819113295,1.0452470072556441
phy_afaith_z,0.4200102501996906,0.1026119345197829,4.0931910324594405,4.468969258829357e-5,0.21874085941155696,0.6212796409878243,10m,spec_sa,Biodiversity,phy_afaith,1587,0.01045991494451802,0.009835599433442033,4648.169388971371,4664.27819113295,1.0452470072556441
(Intercept),0.13531254845061744,0.03912950941909692,3.458069126329986,5.584715731447866e-4,0.058561435985759844,0.21206366091547502,10m,spec_sa,Biodiversity + environment,phy_afaith,1587,0.039711249478018025,0.03789137187121705,4604.549464496909,4631.397468099542,1.0303323442086367
phy_afaith_z,0.37283753946172843,0.10207255069780259,3.652671917306705,2.6797964671349006e-4,0.17262593613509689,0.5730491427883599,10m,spec_sa,Biodiversity + environment,phy_afaith,1587,0.039711249478018025,0.03789137187121705,4604.549464496909,4631.397468099542,1.0303323442086367
env_elev_z,-0.19855346381032132,0.029132908207347322,-6.815435740131365,1.331687832991879e-11,-0.2556966058390642,-0.14141032178157845,10m,spec_sa,Biodiversity + environment,phy_afaith,1587,0.039711249478018025,0.03789137187121705,4604.549464496909,4631.397468099542,1.0303323442086367
env_tri11_z,-0.0028220116961512765,0.024958905994443843,-0.1130663217682494,0.909992311420396,-0.051777999885577936,0.046133976493275386,10m,spec_sa,Biodiversity + environment,phy_afaith,1587,0.039711249478018025,0.03789137187121705,4604.549464496909,4631.397468099542,1.0303323442086367
(Intercept),0.15011130279754653,0.04274755044033414,3.511576716122431,4.579655897798982e-4,0.06626349363672179,0.23395911195837127,10m,spec_sa,Biodiversity x elevation,phy_afaith,1587,0.04016017665347966,0.03773327444527097,4605.807381440456,4638.0249857636145,1.0304169948372028
phy_afaith_z,0.41576543130829985,0.1136268853778007,3.659040991275186,2.6146747733658604e-4,0.19289031208960275,0.638640550526997,10m,spec_sa,Biodiversity x elevation,phy_afaith,1587,0.04016017665347966,0.03773327444527097,4605.807381440456,4638.0249857636145,1.0304169948372028
env_elev_z,-0.14787441199952928,0.06572682530785766,-2.2498334782929317,0.024596485759290312,-0.2767952565483248,-0.018953567450733733,10m,spec_sa,Biodiversity x elevation,phy_afaith,1587,0.04016017665347966,0.03773327444527097,4605.807381440456,4638.0249857636145,1.0304169948372028
env_tri11_z,-0.0030546945651177266,0.02496242226939437,-0.1223717206668277,0.9026201763969064,-0.05201760348214479,0.04590821435190934,10m,spec_sa,Biodiversity x elevation,phy_afaith,1587,0.04016017665347966,0.03773327444527097,4605.807381440456,4638.0249857636145,1.0304169948372028
phy_afaith_z:env_elev_z,0.144511853486995,0.1680009223507826,0.860184881516645,0.38981747237816644,-0.18501601725667524,0.4740397242306652,10m,spec_sa,Biodiversity x elevation,phy_afaith,1587,0.04016017665347966,0.03773327444527097,4605.807381440456,4638.0249857636145,1.0304169948372028
(Intercept),0.016246276262250618,0.028063644148898597,0.5789082906001796,0.5627333115697448,-0.03879948997905172,0.07129204250355295,10m,spec_sa,Biodiversity,sp_shannon,1587,0.002577327854127494,0.001948039101984933,4660.7612015705035,4676.870003732083,1.0494019209564414
sp_shannon_z,-0.06613384296777831,0.03267863524124889,-2.0237639203579803,0.04316194275547375,-0.13023173798919768,-0.0020359479463589597,10m,spec_sa,Biodiversity,sp_shannon,1587,0.002577327854127494,0.001948039101984933,4660.7612015705035,4676.870003732083,1.0494019209564414
(Intercept),0.015152264839857632,0.027662183274762647,0.5477609879651716,0.5839332526790848,-0.03910610361565497,0.06941063329537023,10m,spec_sa,Biodiversity + environment,sp_shannon,1587,0.032759534325513505,0.030926482274329925,4615.996678565489,4642.844682168121,1.034055006197536
sp_shannon_z,-0.04447349102138494,0.03253231675425732,-1.3670557605020535,0.17180192126861493,-0.1082844495285668,0.019337467485796928,10m,spec_sa,Biodiversity + environment,sp_shannon,1587,0.032759534325513505,0.030926482274329925,4615.996678565489,4642.844682168121,1.034055006197536
env_elev_z,-0.20040065631029705,0.029279125422548385,-6.844489151167229,1.0938754211790876e-11,-0.2578305980994969,-0.14297071452109722,10m,spec_sa,Biodiversity + environment,sp_shannon,1587,0.032759534325513505,0.030926482274329925,4615.996678565489,4642.844682168121,1.034055006197536
env_tri11_z,-0.009742100681767367,0.025030746223713003,-0.38920536346368045,0.6971765844351261,-0.05883900087336311,0.03935479950982838,10m,spec_sa,Biodiversity + environment,sp_shannon,1587,0.032759534325513505,0.030926482274329925,4615.996678565489,4642.844682168121,1.034055006197536
(Intercept),0.01458971392774099,0.027664426872373058,0.527381752567986,0.5980024620602966,-0.03967308150836158,0.06885250936384356,10m,spec_sa,Biodiversity x elevation,sp_shannon,1587,0.03353051712954753,0.031086852191821945,4616.731183938688,4648.948788261847,1.0339694408744058
sp_shannon_z,-0.03778395167969994,0.03307016369872968,-1.142538997505819,0.2534029292780701,-0.10264990882029923,0.027082005460899346,10m,spec_sa,Biodiversity x elevation,sp_shannon,1587,0.03353051712954753,0.031086852191821945,4616.731183938688,4648.948788261847,1.0339694408744058
env_elev_z,-0.18471874130309943,0.03243440938767969,-5.695147369425059,1.4669706377363907e-8,-0.24833768883503132,-0.12109979377116754,10m,spec_sa,Biodiversity x elevation,sp_shannon,1587,0.03353051712954753,0.031086852191821945,4616.731183938688,4648.948788261847,1.0339694408744058
env_tri11_z,-0.008006846101921617,0.025076294247951082,-0.319299415725106,0.7495416316245738,-0.057193110879774335,0.041179418675931105,10m,spec_sa,Biodiversity x elevation,sp_shannon,1587,0.03353051712954753,0.031086852191821945,4616.731183938688,4648.948788261847,1.0339694408744058
sp_shannon_z:env_elev_z,0.041615820357165205,0.037044773810621295,1.1233924809451346,0.26144128694394875,-0.031046194024555558,0.11427783473888597,10m,spec_sa,Biodiversity x elevation,sp_shannon,1587,0.03353051712954753,0.031086852191821945,4616.731183938688,4648.948788261847,1.0339694408744058
(Intercept),-0.0777216998717473,0.028465957118892347,-2.730338542531029,0.006404122412775191,-0.13356091714273627,-0.021882482600758348,10m,spec_pca_mean,Null,NA,1440,0,0,4311.742702478495,4322.287499263635,1.0802071232686117
(Intercept),-0.08002544304699663,0.028454644844921464,-2.812385938504498,0.0049844171924178764,-0.1358425353997046,-0.024208350694288658,10m,spec_pca_mean,Environment,NA,1440,0.00587404095885601,0.004490427933050767,4307.259142643542,4328.348736213822,1.0777790983641964
env_elev_z,-0.011363015074287877,0.03188692590855596,-0.35635341916854174,0.7216282213741712,-0.07391292557157131,0.05118689542299556,10m,spec_pca_mean,Environment,NA,1440,0.00587404095885601,0.004490427933050767,4307.259142643542,4328.348736213822,1.0777790983641964
env_tri11_z,-0.07526846390940735,0.02731704231072597,-2.7553665236976763,0.005936666763845014,-0.12885401669949106,-0.021682911119323627,10m,spec_pca_mean,Environment,NA,1440,0.00587404095885601,0.004490427933050767,4307.259142643542,4328.348736213822,1.0777790983641964
(Intercept),-0.07025508774400678,0.029759991879273192,-2.360722678588398,0.018372190727336663,-0.1286327357670438,-0.01187743972096978,10m,spec_pca_mean,Biodiversity,phy_faith,1440,5.152789485974856e-4,-1.7977301319072048e-4,4313.0005095578945,4328.817704735605,1.0803042149499018
phy_faith_z,0.03285626029921827,0.0381597540802401,0.8610186593480148,0.38937130542658227,-0.04199848769193984,0.10771100829037639,10m,spec_pca_mean,Biodiversity,phy_faith,1440,5.152789485974856e-4,-1.7977301319072048e-4,4313.0005095578945,4328.817704735605,1.0803042149499018
(Intercept),-0.0742754371196418,0.02973266937433805,-2.498108601838089,0.01259689617214601,-0.13259955733378423,-0.015951316905499356,10m,spec_pca_mean,Biodiversity + environment,phy_faith,1440,0.0061830327812512275,0.004106813490404315,4308.811495759968,4335.173487722818,1.0779867366516764
phy_faith_z,0.025694246538774577,0.03845372158760064,0.668186211320042,0.5041221170714945,-0.049737241038728404,0.10112573411627757,10m,spec_pca_mean,Biodiversity + environment,phy_faith,1440,0.0061830327812512275,0.004106813490404315,4308.811495759968,4335.173487722818,1.0779867366516764
env_elev_z,-0.008593205026298492,0.032161329096281534,-0.2671906064756519,0.7893607747998996,-0.07168142629704279,0.0544950162444458,10m,spec_pca_mean,Biodiversity + environment,phy_faith,1440,0.0061830327812512275,0.004106813490404315,4308.811495759968,4335.173487722818,1.0779867366516764
env_tri11_z,-0.07479121891244277,0.02733163901055597,-2.7364337310161697,0.006287457666486052,-0.12840543629842213,-0.021177001526463395,10m,spec_pca_mean,Biodiversity + environment,phy_faith,1440,0.0061830327812512275,0.004106813490404315,4308.811495759968,4335.173487722818,1.0779867366516764
(Intercept),-0.026489548953399514,0.04210546193617971,-0.6291238175595931,0.5293679251352508,-0.10908425686626039,0.05610515895946136,10m,spec_pca_mean,Biodiversity,phy_afaith,1440,0.0018907739991268686,0.001196678570753451,4311.017410651605,4326.8346058293155,1.079560599432211
phy_afaith_z,0.18255662779366197,0.11060821559099676,1.6504798203120241,0.09906320921917981,-0.03441411280403667,0.3995273683913606,10m,spec_pca_mean,Biodiversity,phy_afaith,1440,0.0018907739991268686,0.001196678570753451,4311.017410651605,4326.8346058293155,1.079560599432211
(Intercept),-0.03978421807608417,0.04231520460045724,-0.9401873026901134,0.34727961467590307,-0.12279045774231487,0.04322202159014652,10m,spec_pca_mean,Biodiversity + environment,phy_afaith,1440,0.00701518220123677,0.0049407013841084035,4307.60524031578,4333.96723227863,1.0775353286328733
phy_afaith_z,0.14338284937402274,0.11161474980538642,1.2846227727430986,0.1991313228990137,-0.07556258076415906,0.36232827951220453,10m,spec_pca_mean,Biodiversity + environment,phy_afaith,1440,0.00701518220123677,0.0049407013841084035,4307.60524031578,4333.96723227863,1.0775353286328733
env_elev_z,-0.007980142848637586,0.03198829048603989,-0.24947075093369636,0.8030323421347494,-0.07072892857868561,0.05476864288141044,10m,spec_pca_mean,Biodiversity + environment,phy_afaith,1440,0.00701518220123677,0.0049407013841084035,4307.60524031578,4333.96723227863,1.0775353286328733
env_tri11_z,-0.07162499346008935,0.02745773871046906,-2.608553975086821,0.00918693497927599,-0.1254865702057045,-0.017763416714474206,10m,spec_pca_mean,Biodiversity + environment,phy_afaith,1440,0.00701518220123677,0.0049407013841084035,4307.60524031578,4333.96723227863,1.0775353286328733
(Intercept),-0.0920125098429943,0.03015190911872685,-3.051631307347198,0.0023177008547736458,-0.15115894862215112,-0.03286607106383749,10m,spec_pca_mean,Biodiversity,sp_shannon,1440,0.0014264635879724895,7.320452733604599e-4,4311.687128462267,4327.504323639977,1.0798116706236325
sp_shannon_z,-0.05182950151716839,0.03616240202210443,-1.4332427775535312,0.152005842032341,-0.12276621364659158,0.019107210612254802,10m,spec_pca_mean,Biodiversity,sp_shannon,1440,0.0014264635879724895,7.320452733604599e-4,4311.687128462267,4327.504323639977,1.0798116706236325
(Intercept),-0.0907312424986903,0.03014364309036724,-3.009962738302344,0.002658355088949978,-0.14986153588607723,-0.03160094911130337,10m,spec_pca_mean,Biodiversity + environment,sp_shannon,1440,0.0066743787216903255,0.004599185919576865,4308.099379606103,4334.461371568953,1.077720223849289
sp_shannon_z,-0.039141255146466956,0.03638871272953111,-1.0756427532184185,0.2822677454367173,-0.11052198551260209,0.03223947521966817,10m,spec_pca_mean,Biodiversity + environment,sp_shannon,1440,0.0066743787216903255,0.004599185919576865,4308.099379606103,4334.461371568953,1.077720223849289
env_elev_z,-0.010373194214098729,0.03189846007655838,-0.3251942002592723,0.7450814698138888,-0.07294576705402506,0.0521993786258276,10m,spec_pca_mean,Biodiversity + environment,sp_shannon,1440,0.0066743787216903255,0.004599185919576865,4308.099379606103,4334.461371568953,1.077720223849289
env_tri11_z,-0.07184766014409523,0.02750005842370818,-2.612636636515447,0.009078447764898582,-0.12579225197360044,-0.017903068314590015,10m,spec_pca_mean,Biodiversity + environment,sp_shannon,1440,0.0066743787216903255,0.004599185919576865,4308.099379606103,4334.461371568953,1.077720223849289
(Intercept),-0.04447599078644144,0.028040514395361416,-1.586133198533578,0.11292880185225776,-0.09948065369565776,0.01052867212277487,10m,spec_rao_q,Null,NA,1440,0,0,4268.374282393674,4278.919079178814,1.064062707024975
(Intercept),-0.04464229856347406,0.028051683466670377,-1.5914302831955107,0.11173271718637802,-0.09966893534778545,0.010384338220837327,10m,spec_rao_q,Environment,NA,1440,0.004290698906601257,0.0029048822036181754,4266.182382659567,4287.2719762298475,1.0625160946158096
env_elev_z,-0.041410866775240016,0.03143535817041231,-1.3173340208420747,0.18793668948546022,-0.10307497468103667,0.02025324113055664,10m,spec_rao_q,Environment,NA,1440,0.004290698906601257,0.0029048822036181754,4266.182382659567,4287.2719762298475,1.0625160946158096
env_tri11_z,-0.04826548043299042,0.02693019112775511,-1.7922442586471836,0.07330414834481248,-0.10109217967475821,0.00456121880877737,10m,spec_rao_q,Environment,NA,1440,0.004290698906601257,0.0029048822036181754,4266.182382659567,4287.2719762298475,1.0625160946158096
(Intercept),-0.04708950411819582,0.029321810710377618,-1.6059548499005156,0.10850338698763817,-0.10460760936474689,0.01042860112835526,10m,spec_rao_q,Biodiversity,phy_faith,1440,6.506153204971134e-5,-6.303035155637016e-4,4270.280590739628,4286.097785917338,1.0643979954324412
phy_faith_z,-0.011500567172167336,0.03759789621026895,-0.3058832629317764,0.7597378053155459,-0.08525316630840611,0.06225203196407143,10m,spec_rao_q,Biodiversity,phy_faith,1440,6.506153204971134e-5,-6.303035155637016e-4,4270.280590739628,4286.097785917338,1.0643979954324412
(Intercept),-0.04969088865473183,0.029312551441838624,-1.6952085782545232,0.09025265170497818,-0.1071908982419165,0.007809120932452847,10m,spec_rao_q,Biodiversity + environment,phy_faith,1440,0.004536186897175385,0.002456527120498153,4267.827312871111,4294.189304833961,1.062754953949556
phy_faith_z,-0.022559927783877158,0.037910376561733745,-0.5950858268880628,0.551879861617679,-0.09692558032963663,0.05180572476188231,10m,spec_rao_q,Biodiversity + environment,phy_faith,1440,0.004536186897175385,0.002456527120498153,4267.827312871111,4294.189304833961,1.062754953949556
env_elev_z,-0.04384280088793697,0.03170689458465894,-1.3827529142242099,0.1669556226605105,-0.1060395955345986,0.018353993758724672,10m,spec_rao_q,Biodiversity + environment,phy_faith,1440,0.004536186897175385,0.002456527120498153,4267.827312871111,4294.189304833961,1.062754953949556
env_tri11_z,-0.04868450858586885,0.026945447258703178,-1.8067804968479086,0.07100575708335206,-0.10154116552958893,0.004172148357851235,10m,spec_rao_q,Biodiversity + environment,phy_faith,1440,0.004536186897175385,0.002456527120498153,4267.827312871111,4294.189304833961,1.062754953949556
(Intercept),-0.04091026688138551,0.0415152384997276,-0.9854277214775952,0.3245797892311991,-0.1223471836171545,0.04052664985438349,10m,spec_rao_q,Biodiversity,phy_afaith,1440,9.439076293686008e-6,-6.859646517478613e-4,4270.360690059661,4286.177885237371,1.0644275991620569
phy_afaith_z,0.012705820858228587,0.10905773833450912,0.11650544979446073,0.9072682353107755,-0.20122348021508635,0.2266351219315435,10m,spec_rao_q,Biodiversity,phy_afaith,1440,9.439076293686008e-6,-6.859646517478613e-4,4270.360690059661,4286.177885237371,1.0644275991620569
(Intercept),-0.05242236503016183,0.04173899824889554,-1.2559564730700976,0.20933605337610195,-0.1342983083179031,0.029453578257579438,10m,spec_rao_q,Biodiversity + environment,phy_afaith,1440,0.004334657446637145,0.002254576647431006,4268.118808185659,4294.480800148509,1.0628625247021632
phy_afaith_z,-0.027721027357375756,0.11009489120200538,-0.25179213181211463,0.8012377687720281,-0.2436850764841169,0.18824302176936542,10m,spec_rao_q,Biodiversity + environment,phy_afaith,1440,0.004334657446637145,0.002254576647431006,4268.118808185659,4294.480800148509,1.0628625247021632
env_elev_z,-0.04206489683478451,0.0315527057753504,-1.3331629031842473,0.18268980465420906,-0.10395923203737256,0.019829438367803542,10m,spec_rao_q,Biodiversity + environment,phy_afaith,1440,0.004334657446637145,0.002254576647431006,4268.118808185659,4294.480800148509,1.0628625247021632
env_tri11_z,-0.048969893439443364,0.027083846545846918,-1.8080848802827267,0.0708024265383917,-0.10209803682655322,0.004158249947666497,10m,spec_rao_q,Biodiversity + environment,phy_afaith,1440,0.004334657446637145,0.002254576647431006,4268.118808185659,4294.480800148509,1.0628625247021632
(Intercept),-0.0665005527393977,0.029670538426896365,-2.2412991561728757,0.02515876112966173,-0.12470272752378314,-0.00829837795501226,10m,spec_rao_q,Biodiversity,sp_shannon,1440,0.0034917343027261686,0.0027987521986250208,4265.33738611947,4281.15458129718,1.0625726397918533
sp_shannon_z,-0.07987805236039444,0.035585074715528645,-2.244706608007688,0.024938487669784612,-0.14968227055520594,-0.010073834165582926,10m,spec_rao_q,Biodiversity,sp_shannon,1440,0.0034917343027261686,0.0027987521986250208,4265.33738611947,4281.15458129718,1.0625726397918533
(Intercept),-0.06388544920997906,0.029688923994222686,-2.1518277059286772,0.03157721854021996,-0.1221237577273465,-0.005647140692611616,10m,spec_rao_q,Biodiversity + environment,sp_shannon,1440,0.006955514065038959,0.00488090859302992,4264.3233467650725,4290.6853387279225,1.0614627341816893
sp_shannon_z,-0.07035449082297139,0.035839786293777105,-1.9630276320924132,0.049835738388320026,-0.14065843756687077,-5.0544079072012416e-5,10m,spec_rao_q,Biodiversity + environment,sp_shannon,1440,0.006955514065038959,0.00488090859302992,4264.3233467650725,4290.6853387279225,1.0614627341816893
env_elev_z,-0.03963171221404978,0.03141726943576782,-1.2614626581433588,0.20734708169539007,-0.10126037314260189,0.02199694871450234,10m,spec_rao_q,Biodiversity + environment,sp_shannon,1440,0.006955514065038959,0.00488090859302992,4264.3233467650725,4290.6853387279225,1.0614627341816893
env_tri11_z,-0.04211675305536138,0.027085217998718304,-1.5549719059803906,0.12017311068365619,-0.09524758670822343,0.01101408059750067,10m,spec_rao_q,Biodiversity + environment,sp_shannon,1440,0.006955514065038959,0.00488090859302992,4264.3233467650725,4290.6853387279225,1.0614627341816893
(Intercept),-0.17441560150443178,0.026027139965351297,-6.701297251124136,2.957085459391186e-11,-0.2254708310255732,-0.12336037198329036,10m,spec_alpha,Null,NA,1439,0,0,4049.9711471986493,4060.514554612424,0.9873175220073048
(Intercept),-0.17723682506305882,0.026039209608361036,-6.806536286191618,1.4642125257080874e-11,-0.2283157905053641,-0.12615785962075354,10m,spec_alpha,Environment,NA,1439,0.004320347544397895,0.002933607081367806,4047.7406985182884,4068.827513345838,0.985868257496414
env_elev_z,0.012230360236705467,0.02917947184336157,0.4191426185627796,0.6751745932876947,-0.04500859810069387,0.0694693185741048,10m,spec_alpha,Environment,NA,1439,0.004320347544397895,0.002933607081367806,4047.7406985182884,4068.827513345838,0.985868257496414
env_tri11_z,-0.062391101067116546,0.025015743503380213,-2.4940734245490663,0.012740374269004515,-0.11146241763704975,-0.013319784497183344,10m,spec_alpha,Environment,NA,1439,0.004320347544397895,0.002933607081367806,4047.7406985182884,4068.827513345838,0.985868257496414
(Intercept),-0.16741349834416352,0.027206467476744024,-6.1534448927361804,9.813368301113631e-10,-0.2207821457483641,-0.11404485093996294,10m,spec_alpha,Biodiversity,phy_faith,1439,5.440688323437378e-4,-1.5144677737644052e-4,4051.1880190917873,4067.0031302124494,0.9873922822053418
phy_faith_z,0.030850937761751913,0.03488147864202735,0.8844504006943332,0.3766010820636151,-0.03757313589554224,0.09927501141904607,10m,spec_alpha,Biodiversity,phy_faith,1439,5.440688323437378e-4,-1.5144677737644052e-4,4051.1880190917873,4067.0031302124494,0.9873922822053418
(Intercept),-0.1708152874487926,0.02720244366078515,-6.279409658149158,4.494188452281415e-10,-0.22417610436258878,-0.11745447053499641,10m,spec_alpha,Biodiversity + environment,phy_faith,1439,0.0047832907401424716,0.0027026983166027474,4049.0714770726186,4075.4299956070554,0.9859824085924168
phy_faith_z,0.028739621133879362,0.035176292588100615,0.8170167752016413,0.4140544588267798,-0.04026284540576039,0.0977420876735191,10m,spec_alpha,Biodiversity + environment,phy_faith,1439,0.0047832907401424716,0.0027026983166027474,4049.0714770726186,4075.4299956070554,0.9859824085924168
env_elev_z,0.015339340421170383,0.029429898756973074,0.5212162144300923,0.602296582981841,-0.04239089363226065,0.07306957447460141,10m,spec_alpha,Biodiversity + environment,phy_faith,1439,0.0047832907401424716,0.0027026983166027474,4049.0714770726186,4075.4299956070554,0.9859824085924168
env_tri11_z,-0.061872877721732895,0.02502667913108041,-2.4722767810170034,0.013540786303121126,-0.110965674667732,-0.012780080775733803,10m,spec_alpha,Biodiversity + environment,phy_faith,1439,0.0047832907401424716,0.0027026983166027474,4049.0714770726186,4075.4299956070554,0.9859824085924168
(Intercept),-0.12318800644839402,0.038479235233186075,-3.2014151451261594,0.0013974696436033051,-0.19866949772610565,-0.047706515170682376,10m,spec_alpha,Biodiversity,phy_afaith,1439,0.002265406152285493,0.0015710884112640766,4048.7075296385196,4064.5226407591817,0.9865416355824403
phy_afaith_z,0.18259012326362256,0.10108422253939864,1.8063167394145623,0.07107801848517131,-0.015698325446019817,0.3808785719732649,10m,spec_alpha,Biodiversity,phy_afaith,1439,0.002265406152285493,0.0015710884112640766,4048.7075296385196,4064.5226407591817,0.9865416355824403
(Intercept),-0.13257201176923444,0.03869957215809326,-3.425671251032412,6.305916687863849e-4,-0.20848580871782282,-0.05665821482064606,10m,spec_alpha,Biodiversity + environment,phy_afaith,1439,0.006004940323986426,0.003926901871702193,4047.3039890659447,4073.6625076003816,0.9853770656254244
phy_afaith_z,0.1591803659691395,0.10207236884983273,1.5594853706522984,0.11910204303143573,-0.04104668179441384,0.35940741373269286,10m,spec_alpha,Biodiversity + environment,phy_afaith,1439,0.006004940323986426,0.003926901871702193,4047.3039890659447,4073.6625076003816,0.9853770656254244
env_elev_z,0.015996934988986224,0.029264771904545687,0.5466277010859403,0.5847195164942542,-0.041409383174762025,0.07340325315273447,10m,spec_alpha,Biodiversity + environment,phy_afaith,1439,0.006004940323986426,0.003926901871702193,4047.3039890659447,4073.6625076003816,0.9853770656254244
env_tri11_z,-0.05836194013125448,0.025136412605763003,-2.321808646547833,0.020382646663664187,-0.10766999229200083,-0.009053887970508129,10m,spec_alpha,Biodiversity + environment,phy_afaith,1439,0.006004940323986426,0.003926901871702193,4047.3039890659447,4073.6625076003816,0.9853770656254244
(Intercept),-0.18938200615500317,0.027557048165975127,-6.872361836955905,9.380919621105764e-12,-0.24343835831934174,-0.1353256539906646,10m,spec_alpha,Biodiversity,sp_shannon,1439,0.00187943711637392,0.001184850781729696,4049.2640925210794,4065.0792036417415,0.9867324366773523
sp_shannon_z,-0.054371046543166324,0.03305345866571413,-1.6449427302917807,0.10020033103428186,-0.11920924659716788,0.010467153510835228,10m,spec_alpha,Biodiversity,sp_shannon,1439,0.00187943711637392,0.001184850781729696,4049.2640925210794,4065.0792036417415,0.9867324366773523
(Intercept),-0.18960676946801966,0.02757116870463892,-6.876994279757094,9.095321168453957e-12,-0.2436908842517413,-0.13552265468429803,10m,spec_alpha,Biodiversity + environment,sp_shannon,1439,0.005605103330509961,0.0035262289820721104,4047.882714018292,4074.241232552729,0.9855752308912407
sp_shannon_z,-0.04532795548273913,0.033289657915813536,-1.361622747742537,0.17353070512804442,-0.11062956453374602,0.01997365356826776,10m,spec_alpha,Biodiversity + environment,sp_shannon,1439,0.005605103330509961,0.0035262289820721104,4047.882714018292,4074.241232552729,0.9855752308912407
env_elev_z,0.013346075760867049,0.029182305051326556,0.4573345298595722,0.6474998423021361,-0.04389847389741319,0.07059062541914729,10m,spec_alpha,Biodiversity + environment,sp_shannon,1439,0.005605103330509961,0.0035262289820721104,4047.882714018292,4074.241232552729,0.9855752308912407
env_tri11_z,-0.05838583562665504,0.025180709363013944,-2.3186731868806527,0.020552676279138486,-0.10778078112621381,-0.008990890127096265,10m,spec_alpha,Biodiversity + environment,sp_shannon,1439,0.005605103330509961,0.0035262289820721104,4047.882714018292,4074.241232552729,0.9855752308912407
(Intercept),-0.03621116918781451,0.047940695403615285,-0.755332580867898,0.4504895810813815,-0.1304555422469311,0.058033203871302085,20m,spec_sa,Null,NA,405,0,0,1123.3028965273922,1131.3106706616054,0.9647878842998594
(Intercept),-0.05353172205905829,0.045950846443546224,-1.1649779319043816,0.24471874865787693,-0.1438656943720466,0.036802250253930024,20m,spec_sa,Environment,NA,405,0.08914047530227628,0.08460883587591939,1089.489426513602,1105.504974782028,0.9230711955970581
env_elev_z,-0.303676005652873,0.05214416301741183,-5.8237775444103,1.1790305069361789e-8,-0.40618531163673266,-0.20116669966901335,20m,spec_sa,Environment,NA,405,0.08914047530227628,0.08460883587591939,1089.489426513602,1105.504974782028,0.9230711955970581
env_tri11_z,-0.054152918269648055,0.051948067801397296,-1.0424433585610946,0.29783266480103904,-0.15627672406830592,0.04797088752900982,20m,spec_sa,Environment,NA,405,0.08914047530227628,0.08460883587591939,1089.489426513602,1105.504974782028,0.9230711955970581
(Intercept),-0.14564229978723528,0.06112876730533539,-2.3825492678391282,0.01765611249443997,-0.2658133831378921,-0.025471216436578445,20m,spec_sa,Biodiversity,phy_faith,405,0.019707128475816443,0.0172746399608682,1117.241815622135,1129.2534768234545,0.9564184002130741
phy_faith_z,0.14317430769076234,0.050301254578710104,2.846336714459614,0.0046485229169466276,0.04428868438958401,0.24205993099194067,20m,spec_sa,Biodiversity,phy_faith,405,0.019707128475816443,0.0172746399608682,1117.241815622135,1129.2534768234545,0.9564184002130741
(Intercept),-0.10556983318953168,0.05935491715898102,-1.7786198388040013,0.07605963529411507,-0.22225551438763136,0.011115848008568005,20m,spec_sa,Biodiversity + environment,phy_faith,405,0.09346289959306207,0.08668082652268594,1089.562950900764,1109.5823862362968,0.922025916553376
phy_faith_z,0.06941230749500193,0.05019880623060238,1.3827481708655962,0.1675116136583935,-0.029273398436658216,0.16809801342666209,20m,spec_sa,Biodiversity + environment,phy_faith,405,0.09346289959306207,0.08668082652268594,1089.562950900764,1109.5823862362968,0.922025916553376
env_elev_z,-0.28649456082366115,0.05354674800657753,-5.350363401872117,1.4791065760080842e-7,-0.39176197700680504,-0.18122714464051726,20m,spec_sa,Biodiversity + environment,phy_faith,405,0.09346289959306207,0.08668082652268594,1089.562950900764,1109.5823862362968,0.922025916553376
env_tri11_z,-0.04927687716892678,0.05200892744145673,-0.947469590185161,0.34397014868581577,-0.15152109580095732,0.05296734146310377,20m,spec_sa,Biodiversity + environment,phy_faith,405,0.09346289959306207,0.08668082652268594,1089.562950900764,1109.5823862362968,0.922025916553376
(Intercept),-0.10841436735296531,0.06003072197642442,-1.805981400582561,0.07167281474003748,-0.22642950465939427,0.009600769953463636,20m,spec_sa,Biodiversity x elevation,phy_faith,405,0.09371453545973597,0.08465168081433327,1091.4505157086742,1115.4738381113134,0.923049593142905
phy_faith_z,0.06519807957597502,0.05182109711125972,1.258137770336953,0.20907584571748347,-0.0366776548747431,0.16707381402669313,20m,spec_sa,Biodiversity x elevation,phy_faith,405,0.09371453545973597,0.08465168081433327,1091.4505157086742,1115.4738381113134,0.923049593142905
env_elev_z,-0.2814020400223498,0.055741640714674696,-5.04832718259524,6.782617684316381e-7,-0.3909852195351908,-0.17181886050950884,20m,spec_sa,Biodiversity x elevation,phy_faith,405,0.09371453545973597,0.08465168081433327,1091.4505157086742,1115.4738381113134,0.923049593142905
env_tri11_z,-0.05236167732197109,0.05288307427406743,-0.9901405703194525,0.322703977306643,-0.15632516578528072,0.05160181114133853,20m,spec_sa,Biodiversity x elevation,phy_faith,405,0.09371453545973597,0.08465168081433327,1091.4505157086742,1115.4738381113134,0.923049593142905
phy_faith_z:env_elev_z,-0.024759693367987418,0.07429532761473165,-0.3332604372697852,0.7391123136639866,-0.17081779497006513,0.1212984082340903,20m,spec_sa,Biodiversity x elevation,phy_faith,405,0.09371453545973597,0.08465168081433327,1091.4505157086742,1115.4738381113134,0.923049593142905
(Intercept),-0.1738713085181613,0.062490897518806716,-2.7823461563475624,0.0056504172568263185,-0.29672015997429774,-0.051022457062024865,20m,spec_sa,Biodiversity,phy_afaith,405,0.027475965361965105,0.025062754357900507,1114.0193982741523,1126.031059475472,0.9526210460672864
phy_afaith_z,0.2669420754982212,0.07911124172418593,3.374262237330191,8.118744275026754e-4,0.11141982235471085,0.42246432864173156,20m,spec_sa,Biodiversity,phy_afaith,405,0.027475965361965105,0.025062754357900507,1114.0193982741523,1126.031059475472,0.9526210460672864
(Intercept),-0.14692412429885085,0.061060990078843594,-2.406186406560694,0.016571657615732323,-0.26696376992578763,-0.026884478671914083,20m,spec_sa,Biodiversity + environment,phy_afaith,405,0.10106708797920515,0.0943419040987502,1086.1514132009281,1106.1708485364609,0.9181507173677187
phy_afaith_z,0.1836911966139138,0.07963816412706377,2.3065724659452473,0.021587694378315245,0.02713073161246568,0.3402516616153619,20m,spec_sa,Biodiversity + environment,phy_afaith,405,0.10106708797920515,0.0943419040987502,1086.1514132009281,1106.1708485364609,0.9181507173677187
env_elev_z,-0.28932486795772167,0.05223805773280682,-5.538583946547047,5.526913834357025e-8,-0.39201953324874916,-0.18663020266669414,20m,spec_sa,Biodiversity + environment,phy_afaith,405,0.10106708797920515,0.0943419040987502,1086.1514132009281,1106.1708485364609,0.9181507173677187
env_tri11_z,-0.02496719853878051,0.053197875810899624,-0.46932698266995504,0.63909100890299,-0.12954876775671484,0.0796143706791538,20m,spec_sa,Biodiversity + environment,phy_afaith,405,0.10106708797920515,0.0943419040987502,1086.1514132009281,1106.1708485364609,0.9181507173677187
(Intercept),-0.15055830658265434,0.061604826375003245,-2.4439368705654667,0.014959120757389454,-0.27166799515578116,-0.029448618009527514,20m,spec_sa,Biodiversity x elevation,phy_afaith,405,0.1015659614376807,0.09258162105205747,1087.92659126815,1111.9499136707893,0.9190425663872858
phy_afaith_z,0.20328789809316267,0.08990879392169038,2.2610457690070263,0.024292957853890837,0.026535090357637514,0.3800407058286878,20m,spec_sa,Biodiversity x elevation,phy_afaith,405,0.1015659614376807,0.09258162105205747,1087.92659126815,1111.9499136707893,0.9190425663872858
env_elev_z,-0.30813923524436876,0.06578639389935989,-4.683935643527756,3.861979947402813e-6,-0.4374695190276758,-0.17880895146106174,20m,spec_sa,Biodiversity x elevation,phy_afaith,405,0.1015659614376807,0.09258162105205747,1087.92659126815,1111.9499136707893,0.9190425663872858
env_tri11_z,-0.0256775489643971,0.05327087766491129,-0.48201850785932343,0.6300564299780514,-0.13040342490051288,0.0790483269717187,20m,spec_sa,Biodiversity x elevation,phy_afaith,405,0.1015659614376807,0.09258162105205747,1087.92659126815,1111.9499136707893,0.9190425663872858
phy_afaith_z:env_elev_z,0.06334715301605001,0.13441415463995415,0.47128334947858447,0.6376953360079872,-0.20089929269538961,0.3275935987274896,20m,spec_sa,Biodiversity x elevation,phy_afaith,405,0.1015659614376807,0.09258162105205747,1087.92659126815,1111.9499136707893,0.9190425663872858
(Intercept),0.03394741561839474,0.07220585330083365,0.4701476967103829,0.6385038178126267,-0.10799975586763061,0.17589458710442007,20m,spec_sa,Biodiversity,sp_shannon,405,0.004166475538246242,0.0016954246090608027,1123.6119488370289,1135.6236100383485,0.9639696747888221
sp_shannon_z,-0.08044272218444005,0.061950267892741114,-1.2985048317097876,0.19485646491627776,-0.20222876719576055,0.04134332282688043,20m,spec_sa,Biodiversity,sp_shannon,405,0.004166475538246242,0.0016954246090608027,1123.6119488370289,1135.6236100383485,0.9639696747888221
(Intercept),-0.009088692709998205,0.0700771573826815,-0.12969551062646753,0.8968723647708776,-0.1468531987865999,0.12867581336660347,20m,spec_sa,Biodiversity + environment,sp_shannon,405,0.0907412731876684,0.08393883882248887,1090.7770296017961,1110.796464937329,0.9234089429346041
sp_shannon_z,-0.05073564818710766,0.060383254256460225,-0.8402271260774191,0.4012817401771165,-0.16944293467865323,0.0679716383044379,20m,spec_sa,Biodiversity + environment,sp_shannon,405,0.0907412731876684,0.08393883882248887,1090.7770296017961,1110.796464937329,0.9234089429346041
env_elev_z,-0.30289841024549197,0.05217145122242746,-5.805826810416231,1.3038733204878456e-8,-0.4054621339665898,-0.20033468652439415,20m,spec_sa,Biodiversity + environment,sp_shannon,405,0.0907412731876684,0.08393883882248887,1090.7770296017961,1110.796464937329,0.9234089429346041
env_tri11_z,-0.04633017750336151,0.05279448866935232,-0.8775570835343008,0.3807095860659332,-0.15011872896217865,0.05745837395545563,20m,spec_sa,Biodiversity + environment,sp_shannon,405,0.0907412731876684,0.08393883882248887,1090.7770296017961,1110.796464937329,0.9234089429346041
(Intercept),-0.014044561025246647,0.07215997097922293,-0.19463091288230294,0.8457807137936548,-0.15590473866038085,0.12781561660988755,20m,spec_sa,Biodiversity x elevation,sp_shannon,405,0.09093710024274139,0.08184647124516875,1092.6897953562675,1116.7131177589067,0.9244629167265653
sp_shannon_z,-0.04572034236398996,0.06282022198789322,-0.7277965743706101,0.46716391668192103,-0.16921939217440415,0.07777870744642423,20m,spec_sa,Biodiversity x elevation,sp_shannon,405,0.09093710024274139,0.08184647124516875,1092.6897953562675,1116.7131177589067,0.9244629167265653
env_elev_z,-0.3176719074301878,0.07253299008676652,-4.379688567232338,1.5197242701447378e-5,-0.46026540793310233,-0.17507840692727328,20m,spec_sa,Biodiversity x elevation,sp_shannon,405,0.09093710024274139,0.08184647124516875,1092.6897953562675,1116.7131177589067,0.9244629167265653
env_tri11_z,-0.04400116923574177,0.05344694083417196,-0.8232682460210909,0.4108460176945252,-0.14907316992949524,0.06107083145801168,20m,spec_sa,Biodiversity x elevation,sp_shannon,405,0.09093710024274139,0.08184647124516875,1092.6897953562675,1116.7131177589067,0.9244629167265653
sp_shannon_z:env_elev_z,0.02123859997852823,0.07235299448953528,0.29354140942431983,0.7692605929089149,-0.12100104495806249,0.16347824491511895,20m,spec_sa,Biodiversity x elevation,sp_shannon,405,0.09093710024274139,0.08184647124516875,1092.6897953562675,1116.7131177589067,0.9244629167265653
(Intercept),0.20858011778286253,0.045558676083701254,4.578274342293337,6.471946330543622e-6,0.1189847015839092,0.29817553398181584,20m,spec_pca_mean,Null,NA,360,0,0,919.7287800744298,927.5009881373301,0.8644151016380154
(Intercept),0.20705415904838312,0.04542849308496257,4.557803814032316,7.109602113401592e-6,0.11771306698018275,0.2963952511165835,20m,spec_pca_mean,Environment,NA,360,0.015585964039309976,0.010071039468101728,918.0736472913266,933.6180634171271,0.860051307546905
env_elev_z,-0.049857596166675344,0.051479785357732365,-0.9684888120689616,0.33345596309614634,-0.15109934844524203,0.05138415611189136,20m,spec_pca_mean,Environment,NA,360,0.015585964039309976,0.010071039468101728,918.0736472913266,933.6180634171271,0.860051307546905
env_tri11_z,-0.09452442996153038,0.05051235405351004,-1.871313102164994,0.06211938052259176,-0.1938636016491332,0.0048147417260724495,20m,spec_pca_mean,Environment,NA,360,0.015585964039309976,0.010071039468101728,918.0736472913266,933.6180634171271,0.860051307546905
(Intercept),0.14630586458046374,0.0589288443903888,2.482754686503338,0.013494588162898172,0.030415661481225473,0.262196067679702,20m,spec_pca_mean,Biodiversity,phy_faith,360,0.00763963475979796,0.004867678432311395,918.9679522234026,930.626264317753,0.8623086878013215
phy_faith_z,0.08021984116375212,0.048321309103479815,1.6601338550650973,0.09776312748578214,-0.01480945024615532,0.17524913257365957,20m,spec_pca_mean,Biodiversity,phy_faith,360,0.00763963475979796,0.004867678432311395,918.9679522234026,930.626264317753,0.8623086878013215
(Intercept),0.16128744359661665,0.060585165594114476,2.662160646339553,0.008116235454606732,0.042137627971036234,0.2804372592221971,20m,spec_pca_mean,Biodiversity + environment,phy_faith,360,0.01917356818947587,0.010908176910173761,918.7592647005437,938.1897848577944,0.8596875776943087
phy_faith_z,0.05820922033743589,0.051010620329397675,1.14111963276576,0.2545871689793066,-0.042110815889132625,0.1585292565640044,20m,spec_pca_mean,Biodiversity + environment,phy_faith,360,0.01917356818947587,0.010908176910173761,918.7592647005437,938.1897848577944,0.8596875776943087
env_elev_z,-0.03127863491915302,0.05397230156519372,-0.579531241249203,0.5625973219953899,-0.13742326153391915,0.07486599169561312,20m,spec_pca_mean,Biodiversity + environment,phy_faith,360,0.01917356818947587,0.010908176910173761,918.7592647005437,938.1897848577944,0.8596875776943087
env_tri11_z,-0.0908286436811082,0.05059475905938781,-1.7952184251830137,0.07346696373952318,-0.19033082634300297,0.008673538980786585,20m,spec_pca_mean,Biodiversity + environment,phy_faith,360,0.01917356818947587,0.010908176910173761,918.7592647005437,938.1897848577944,0.8596875776943087
(Intercept),0.09047994117006586,0.05993019379513406,1.5097555245585113,0.13198788190520044,-0.027379528204282952,0.20833941054441468,20m,spec_pca_mean,Biodiversity,phy_afaith,360,0.024351734225517885,0.021626459740114234,912.8536493322345,924.5119614265849,0.8550168922063399
phy_afaith_z,0.22407063540643052,0.07495923112359552,2.989233374565631,0.0029900470164037703,0.07665487307573274,0.3714863977371283,20m,spec_pca_mean,Biodiversity,phy_afaith,360,0.024351734225517885,0.021626459740114234,912.8536493322345,924.5119614265849,0.8550168922063399
(Intercept),0.10818764606865618,0.06121190852452717,1.7674280818299624,0.07801320253134904,-0.012194753538019493,0.22857004567533185,20m,spec_pca_mean,Biodiversity + environment,phy_afaith,360,0.031141972498174065,0.022977438558551944,914.3393908566319,933.7699110138826,0.8544263668626746
phy_afaith_z,0.18781094876541282,0.07855555355615917,2.390804217694771,0.01733046906975208,0.0333196697403203,0.34230222779050534,20m,spec_pca_mean,Biodiversity + environment,phy_afaith,360,0.031141972498174065,0.022977438558551944,914.3393908566319,933.7699110138826,0.8544263668626746
env_elev_z,-0.028683581944748713,0.05190426500252969,-0.55262475912819,0.5808671913682384,-0.13076110446345351,0.07339394057395608,20m,spec_pca_mean,Biodiversity + environment,phy_afaith,360,0.031141972498174065,0.022977438558551944,914.3393908566319,933.7699110138826,0.8544263668626746
env_tri11_z,-0.06881963851540199,0.05132082942440262,-1.3409689454995213,0.18078548614177425,-0.1697497474571767,0.03211047042637272,20m,spec_pca_mean,Biodiversity + environment,phy_afaith,360,0.031141972498174065,0.022977438558551944,914.3393908566319,933.7699110138826,0.8544263668626746
(Intercept),0.32471691792682833,0.07396748321475383,4.389995492804047,1.4940362298524763e-5,0.1792515394491975,0.4701822964044592,20m,spec_pca_mean,Biodiversity,sp_shannon,360,0.01091973849923711,0.008156944472698657,917.7760533505148,929.4343654448652,0.8608823898609045
sp_shannon_z,-0.12645832182907119,0.06360855785096185,-1.9880708838796437,0.04756509647552671,-0.25155170800448234,-0.0013649356536600543,20m,spec_pca_mean,Biodiversity,sp_shannon,360,0.01091973849923711,0.008156944472698657,917.7760533505148,929.4343654448652,0.8608823898609045
(Intercept),0.3088905544591781,0.07515752740332236,4.109908416778537,4.9171457066851246e-5,0.1610820035512922,0.45669910536706404,20m,spec_pca_mean,Biodiversity + environment,sp_shannon,360,0.023497142779601833,0.015268186117632143,917.1688431064857,936.5993632637364,0.8577906933755771
sp_shannon_z,-0.10990704822696643,0.06471675098081733,-1.6982782133105527,0.0903290402416666,-0.23718224623352377,0.01736814977959092,20m,spec_pca_mean,Biodiversity + environment,sp_shannon,360,0.023497142779601833,0.015268186117632143,917.1688431064857,936.5993632637364,0.8577906933755771
env_elev_z,-0.0567223284078227,0.0515033398623822,-1.1013330117888611,0.2714958119540565,-0.1580113715015761,0.04456671468593069,20m,spec_pca_mean,Biodiversity + environment,sp_shannon,360,0.023497142779601833,0.015268186117632143,917.1688431064857,936.5993632637364,0.8577906933755771
env_tri11_z,-0.0770487842492017,0.05141975296659805,-1.4984277403909758,0.13490832318992385,-0.1781734411747614,0.024075872676357996,20m,spec_pca_mean,Biodiversity + environment,sp_shannon,360,0.023497142779601833,0.015268186117632143,917.1688431064857,936.5993632637364,0.8577906933755771
(Intercept),0.14271972380564033,0.043283320482455645,3.297337686083719,0.0010735708793362462,0.05759900813836358,0.22784043947291707,20m,spec_rao_q,Null,NA,360,0,0,882.8404967243089,890.6127047872092,0.8212432645174677
(Intercept),0.14311047314567726,0.043187872097322035,3.3136727093935976,0.0010150842380758848,0.05817585622892754,0.22804509006242699,20m,spec_rao_q,Environment,NA,360,0.014297636067588151,0.008775493972728698,881.656197173147,897.2006132989476,0.8176319165595521
env_elev_z,-0.07127816909593293,0.04894070295198234,-1.4564189886252095,0.14615573552906178,-0.16752648268489562,0.02497014449302974,20m,spec_rao_q,Environment,NA,360,0.014297636067588151,0.008775493972728698,881.656197173147,897.2006132989476,0.8176319165595521
env_tri11_z,-0.0644807417719308,0.04802098722750172,-1.342761685978054,0.18020226471015538,-0.15892031371798404,0.029958830174122444,20m,spec_rao_q,Environment,NA,360,0.014297636067588151,0.008775493972728698,881.656197173147,897.2006132989476,0.8176319165595521
(Intercept),0.08365675673457125,0.05598647285290328,1.4942315968781927,0.13599595848665286,-0.02644694166395324,0.19376045513309575,20m,spec_rao_q,Biodiversity,phy_faith,360,0.007613548349679466,0.004841519155125429,882.0891321534974,893.7474442478479,0.819252819902325
phy_faith_z,0.07608315786143505,0.04590858158385942,1.657275290077453,0.0983398531782637,-0.014201233403823815,0.1663675491266939,20m,spec_rao_q,Biodiversity,phy_faith,360,0.007613548349679466,0.004841519155125429,882.0891321534974,893.7474442478479,0.819252819902325
(Intercept),0.10330590835399386,0.05761416098001446,1.7930645278307398,0.07381136291394498,-0.010000981061492054,0.21661279776947978,20m,spec_rao_q,Biodiversity + environment,phy_faith,360,0.017304209644008927,0.009023065343256254,882.556452868997,901.9869730262477,0.817529803015182
phy_faith_z,0.05062615176823692,0.04850913689066186,1.0436415696767962,0.2973594125281904,-0.04477434206551902,0.14602664560199285,20m,spec_rao_q,Biodiversity + environment,phy_faith,360,0.017304209644008927,0.009023065343256254,882.556452868997,901.9869730262477,0.817529803015182
env_elev_z,-0.05511953810309796,0.05132558177147303,-1.073919402385296,0.28358617085026105,-0.15605899324821593,0.04581991704202001,20m,spec_rao_q,Biodiversity + environment,phy_faith,360,0.017304209644008927,0.009023065343256254,882.556452868997,901.9869730262477,0.817529803015182
env_tri11_z,-0.06126641531211899,0.04811366882647901,-1.2733681884263512,0.20371824019485765,-0.15588916187934326,0.03335633125510529,20m,spec_rao_q,Biodiversity + environment,phy_faith,360,0.017304209644008927,0.009023065343256254,882.556452868997,901.9869730262477,0.817529803015182
(Intercept),0.061953948690732154,0.057278437137080175,1.0816277780495727,0.28014599772745014,-0.05069054284295591,0.17459844022442023,20m,spec_rao_q,Biodiversity,phy_afaith,360,0.012617827377023721,0.009859776615507077,880.2691777763656,891.927489870716,0.8171845977804741
phy_afaith_z,0.1532363377272836,0.07164247828788664,2.13890336277204,0.03311962368422011,0.012343343045207317,0.2941293324093599,20m,spec_rao_q,Biodiversity,phy_afaith,360,0.012617827377023721,0.009859776615507077,880.2691777763656,891.927489870716,0.8171845977804741
(Intercept),0.08265468132738021,0.05846606972117134,1.4137205001390722,0.15831782513146916,-0.032327614409822916,0.19763697706458333,20m,spec_rao_q,Biodiversity + environment,phy_afaith,360,0.020741948891291467,0.012489774303296786,881.2948662104133,900.725386367664,0.8160985785402144
phy_afaith_z,0.11484434190661605,0.07503171493761375,1.5306106491382359,0.1267537304547527,-0.032716779916186406,0.26240546372941853,20m,spec_rao_q,Biodiversity + environment,phy_afaith,360,0.020741948891291467,0.012489774303296786,881.2948662104133,900.725386367664,0.8160985785402144
env_elev_z,-0.05833049088641677,0.04957594771363969,-1.176588518758028,0.24014590190912372,-0.15582902822007413,0.03916804644724059,20m,spec_rao_q,Biodiversity + environment,phy_afaith,360,0.020741948891291467,0.012489774303296786,881.2948662104133,900.725386367664,0.8160985785402144
env_tri11_z,-0.048762542823025556,0.04901868384112179,-0.9947746247343884,0.32052154922020487,-0.1451651371644638,0.04764005151841269,20m,spec_rao_q,Biodiversity + environment,phy_afaith,360,0.020741948891291467,0.012489774303296786,881.2948662104133,900.725386367664,0.8160985785402144
(Intercept),0.25330575321298476,0.07027153857616886,3.6046706582128,3.568396899368445e-4,0.11510886573055512,0.3915026406954144,20m,spec_rao_q,Biodiversity,sp_shannon,360,0.010969178556309044,0.00820652263048871,880.869774630262,892.5280867246124,0.8178665467502121
sp_shannon_z,-0.12041423286380852,0.060430219233236764,-1.9926161842811982,0.047062390911525524,-0.23925705852447132,-0.0015714072031457194,20m,spec_rao_q,Biodiversity,sp_shannon,360,0.010969178556309044,0.00820652263048871,880.869774630262,892.5280867246124,0.8178665467502121
(Intercept),0.24691817287481294,0.07140727098108178,3.4578855833915005,6.103646269453809e-4,0.10648506374177005,0.38735128200785585,20m,spec_rao_q,Biodiversity + environment,sp_shannon,360,0.023405055635248417,0.015175322958017379,880.3145072340228,899.7450273912735,0.8149881269805076
sp_shannon_z,-0.11203458070601688,0.06148747482741336,-1.822071584830603,0.06928301829834412,-0.23295892278094424,0.008889761368910482,20m,spec_rao_q,Biodiversity + environment,sp_shannon,360,0.023405055635248417,0.015175322958017379,880.3145072340228,899.7450273912735,0.8149881269805076
env_elev_z,-0.07827578581572509,0.04893339460527946,-1.5996393965130689,0.1105656603821086,-0.17451064608190237,0.017959074450452195,20m,spec_rao_q,Biodiversity + environment,sp_shannon,360,0.023405055635248417,0.015175322958017379,880.3145072340228,899.7450273912735,0.8149881269805076
env_tri11_z,-0.04666681016761283,0.048853978579713624,-0.9552304955361608,0.34010932918689596,-0.14274548690749134,0.049411866572265664,20m,spec_rao_q,Biodiversity + environment,sp_shannon,360,0.023405055635248417,0.015175322958017379,880.3145072340228,899.7450273912735,0.8149881269805076
(Intercept),0.5692248527176257,0.05064538611750048,11.239421719423527,2.568400525287917e-25,0.46962594340301794,0.6688237620322334,20m,spec_alpha,Null,NA,360,0,0,995.9386587352795,1003.7108667981798,0.9609286386598412
(Intercept),0.5684538721307659,0.05025936255216395,11.310407519410347,1.47795766792375e-25,0.46961224142414965,0.6672955028373821,20m,spec_alpha,Environment,NA,360,0.02497106340308254,0.01950871641934626,990.8349319843303,1006.3793481101309,0.9515092300909009
env_elev_z,-0.09116020782236926,0.05695414971310805,-1.6005893913185514,0.11035240443820565,-0.2031680158662853,0.02084760022154676,20m,spec_alpha,Environment,NA,360,0.02497106340308254,0.01950871641934626,990.8349319843303,1006.3793481101309,0.9515092300909009
env_tri11_z,-0.11737018551925577,0.0558838416891926,-2.1002526306625415,0.03640777020134967,-0.22727309240505666,-0.00746727863345488,20m,spec_alpha,Environment,NA,360,0.02497106340308254,0.01950871641934626,990.8349319843303,1006.3793481101309,0.9515092300909009
(Intercept),0.4789361408826214,0.06533134971478995,7.330877794098261,1.5358725876690436e-12,0.3504546906604407,0.6074175911048021,20m,spec_alpha,Biodiversity,phy_faith,360,0.012995256945442513,0.010238260456463366,993.2297024831114,1004.8880145774618,0.9559968641441413
phy_faith_z,0.11630723372536303,0.05357132617097084,2.171072512824733,0.03058213853873465,0.010953193026375097,0.22166127442435096,20m,spec_alpha,Biodiversity,phy_faith,360,0.012995256945442513,0.010238260456463366,993.2297024831114,1004.8880145774618,0.9559968641441413
(Intercept),0.5049471695569399,0.06695750379896893,7.541308156782204,3.909851039828062e-13,0.3732651950312935,0.6366291440825862,20m,spec_alpha,Biodiversity + environment,phy_faith,360,0.03056099600340326,0.022391566194443158,990.7650791080473,1010.195599265298,0.9501093821386694
phy_faith_z,0.08077214208041136,0.056375909366586076,1.4327421586264453,0.15280906255652418,-0.030099539805454448,0.19164382396627716,20m,spec_alpha,Biodiversity + environment,phy_faith,360,0.03056099600340326,0.022391566194443158,990.7650791080473,1010.195599265298,0.9501093821386694
env_elev_z,-0.06537971310190986,0.05964909976975653,-1.0960720841433198,0.27378814207167357,-0.18268861487849863,0.051929188674678925,20m,spec_alpha,Biodiversity + environment,phy_faith,360,0.03056099600340326,0.022391566194443158,990.7650791080473,1010.195599265298,0.9501093821386694
env_tri11_z,-0.11224184721115568,0.05591630787348997,-2.0073186424450915,0.04547117394578161,-0.22220965382282465,-0.002274040599486729,20m,spec_alpha,Biodiversity + environment,phy_faith,360,0.03056099600340326,0.022391566194443158,990.7650791080473,1010.195599265298,0.9501093821386694
(Intercept),0.39282260354533954,0.06594849760217002,5.956505725346711,6.161058264534536e-9,0.26312746256185815,0.5225177445288209,20m,spec_alpha,Biodiversity,phy_afaith,360,0.04396422833424459,0.041293737351937976,981.75307724995,993.4113893443005,0.9408793113240846
phy_afaith_z,0.3346867480880191,0.08248677938392254,4.057459275143584,6.0937770067970975e-5,0.17246721511234842,0.49690628106368984,20m,spec_alpha,Biodiversity,phy_afaith,360,0.04396422833424459,0.041293737351937976,981.75307724995,993.4113893443005,0.9408793113240846
(Intercept),0.418664238243997,0.06724359219694377,6.226083773421988,1.3469489899632666e-9,0.2864196279718433,0.5509088485161507,20m,spec_alpha,Biodiversity + environment,phy_afaith,360,0.05386626127116035,0.04589322414704089,982.0049737940419,1001.4354939512926,0.9386196176616234
phy_afaith_z,0.28454663169183003,0.08629624096786562,3.2973235971864345,0.0010744684440894658,0.1148321298055679,0.45426113357809217,20m,spec_alpha,Biodiversity + environment,phy_afaith,360,0.05386626127116035,0.04589322414704089,982.0049737940419,1001.4354939512926,0.9386196176616234
env_elev_z,-0.05908010564595309,0.05701879443464335,-1.0361514344831069,0.3008347935918352,-0.17121611744783555,0.05305590615592938,20m,spec_alpha,Biodiversity + environment,phy_afaith,360,0.05386626127116035,0.04589322414704089,982.0049737940419,1001.4354939512926,0.9386196176616234
env_tri11_z,-0.07842564116538678,0.056377868428014344,-1.3910714142292195,0.1650725421584837,-0.1893011758394011,0.03244989350862755,20m,spec_alpha,Biodiversity + environment,phy_afaith,360,0.05386626127116035,0.04589322414704089,982.0049737940419,1001.4354939512926,0.9386196176616234
(Intercept),0.7078405193716797,0.08215671162056445,8.61573577385614,2.257125741842493e-16,0.5462701017914964,0.869410936951863,20m,spec_alpha,Biodiversity,sp_shannon,360,0.012588082471292549,0.009829948623446882,993.3781846304698,1005.0364967248203,0.9561940351232222
sp_shannon_z,-0.1509349711939724,0.07065090924871555,-2.1363486018648294,0.03332868325670413,-0.2898779337903152,-0.011992008597629611,20m,spec_alpha,Biodiversity,sp_shannon,360,0.012588082471292549,0.009829948623446882,993.3781846304698,1005.0364967248203,0.9561940351232222
(Intercept),0.690081107650385,0.08309405284264419,8.304819467130777,2.1136325233719172e-15,0.5266641890252572,0.8534980262755127,20m,spec_alpha,Biodiversity + environment,sp_shannon,360,0.034102923476039146,0.02596334137050016,989.4473799997799,1008.8779001570306,0.9483721413662122
sp_shannon_z,-0.13126633543973956,0.07155074563518123,-1.8345907408013986,0.06740069012048423,-0.2719816090005801,0.009448938121101008,20m,spec_alpha,Biodiversity + environment,sp_shannon,360,0.034102923476039146,0.02596334137050016,989.4473799997799,1008.8779001570306,0.9483721413662122
env_elev_z,-0.09935902909550187,0.056942017545780356,-1.7449158526147936,0.08186240978440724,-0.21134404762926956,0.012625989438265817,20m,spec_alpha,Biodiversity + environment,sp_shannon,360,0.034102923476039146,0.02596334137050016,989.4473799997799,1008.8779001570306,0.9483721413662122
env_tri11_z,-0.09649833053718596,0.056849603995531836,-1.6974318861529865,0.09048898500080163,-0.20830160396279987,0.015304942888427958,20m,spec_alpha,Biodiversity + environment,sp_shannon,360,0.034102923476039146,0.02596334137050016,989.4473799997799,1008.8779001570306,0.9483721413662122
(Intercept),0.04863864709662955,0.0806291575358931,0.603238934686592,0.5480777948685137,-0.11184967647136704,0.20912697066462613,50m,spec_sa,Null,NA,80,0,0,177.72280329266303,182.4868565620108,0.7211691088751857
(Intercept),0.04848436616199593,0.07190326378026485,0.6742999359551095,0.5021400737265893,-0.09469332388322689,0.19166205620721877,50m,spec_sa,Environment,NA,80,0.22486652149461267,0.20473318439057653,161.34520056232716,170.8733071010227,0.6431222661546192
env_elev_z,-0.3705272474551648,0.07896722651928773,-4.692164886462913,1.1519545090553713e-5,-0.5277710843533268,-0.2132834105570029,50m,spec_sa,Environment,NA,80,0.22486652149461267,0.20473318439057653,161.34520056232716,170.8733071010227,0.6431222661546192
env_tri11_z,0.1467174216112518,0.11862201402086543,1.2368481754612972,0.21990253865445705,-0.08948918519761909,0.38292402842012274,50m,spec_sa,Environment,NA,80,0.22486652149461267,0.20473318439057653,161.34520056232716,170.8733071010227,0.6431222661546192
(Intercept),-0.22604921248483154,0.19657946971818246,-1.1499126170647274,0.25369336813160465,-0.6174088735618316,0.16531044859216856,50m,spec_sa,Biodiversity,phy_faith,80,0.02912115076931642,0.016673986035589783,177.35851628886007,184.5045961928817,0.7151314533073141
phy_faith_z,0.1045220880901494,0.06833434398350147,1.5295689106986239,0.13016906714227772,-0.03152114032857428,0.24056531650887308,50m,spec_sa,Biodiversity,phy_faith,80,0.02912115076931642,0.016673986035589783,177.35851628886007,184.5045961928817,0.7151314533073141
(Intercept),0.09147148054391377,0.20122375108482243,0.4545759635767625,0.6507100735962283,-0.3093003529016828,0.4922433139895104,50m,spec_sa,Biodiversity + environment,phy_faith,80,0.225400717790322,0.19482443033467678,163.29004820776294,175.20018138113235,0.6471164056208089
phy_faith_z,-0.016358836754265325,0.07145518228506721,-0.22893842309438786,0.8195317206130333,-0.1586741661286003,0.12595649262006964,50m,spec_sa,Biodiversity + environment,phy_faith,80,0.225400717790322,0.19482443033467678,163.29004820776294,175.20018138113235,0.6471164056208089
env_elev_z,-0.37816339944609373,0.08617452730006168,-4.388343183239289,3.632701766057267e-5,-0.5497948451187029,-0.20653195377348452,50m,spec_sa,Biodiversity + environment,phy_faith,80,0.225400717790322,0.19482443033467678,163.29004820776294,175.20018138113235,0.6471164056208089
env_tri11_z,0.1409225001557802,0.12201315009090737,1.1549779679549639,0.2517179779578489,-0.10208774889674335,0.3839327492083038,50m,spec_sa,Biodiversity + environment,phy_faith,80,0.225400717790322,0.19482443033467678,163.29004820776294,175.20018138113235,0.6471164056208089
(Intercept),0.09055214048316362,0.20588348285584604,0.43982226853314765,0.6613306629789788,-0.3195887891874508,0.5006930701537781,50m,spec_sa,Biodiversity x elevation,phy_faith,80,0.22540714813098253,0.18409552936463502,165.28938408451893,179.58154389256222,0.6514135258311041
phy_faith_z,-0.016392075185026417,0.07194200764040282,-0.22785123355134984,0.8203819270415132,-0.15970790356871858,0.12692375319866575,50m,spec_sa,Biodiversity x elevation,phy_faith,80,0.22540714813098253,0.18409552936463502,165.28938408451893,179.58154389256222,0.6514135258311041
env_elev_z,-0.3754398114416916,0.13942415812334613,-2.692788799983619,0.008735966566443348,-0.6531869771591585,-0.09769264572422465,50m,spec_sa,Biodiversity x elevation,phy_faith,80,0.22540714813098253,0.18409552936463502,165.28938408451893,179.58154389256222,0.6514135258311041
env_tri11_z,0.14048591010340983,0.12406338618362904,1.1323720432350075,0.2610853832351921,-0.10666102874580954,0.38763284895262917,50m,spec_sa,Biodiversity x elevation,phy_faith,80,0.22540714813098253,0.18409552936463502,165.28938408451893,179.58154389256222,0.6514135258311041
phy_faith_z:env_elev_z,-0.0018759018221111059,0.07517946406323366,-0.024952317038776435,0.9801592689324872,-0.15164107411921296,0.14788927047499073,50m,spec_sa,Biodiversity x elevation,phy_faith,80,0.22540714813098253,0.18409552936463502,165.28938408451893,179.58154389256222,0.6514135258311041
(Intercept),-0.28196510981822315,0.1784247215789193,-1.5803029273244893,0.11808444881393326,-0.6371814437771567,0.07325122414071039,50m,spec_sa,Biodiversity,phy_afaith,80,0.05191024743982579,0.039755250612131254,175.45831485168782,182.60439475570945,0.706688600947331
phy_afaith_z,0.07363037121772734,0.035629347212232876,2.0665652609107386,0.04209382783595214,0.0026977897565795272,0.14456295267887515,50m,spec_sa,Biodiversity,phy_afaith,80,0.05191024743982579,0.039755250612131254,175.45831485168782,182.60439475570945,0.706688600947331
(Intercept),-0.24084618097351007,0.17808100633789578,-1.352452942210591,0.1802409378455854,-0.595525243594655,0.11383288164763478,50m,spec_sa,Biodiversity + environment,phy_afaith,80,0.2555962449092499,0.22621188615566767,160.1090665107551,172.01919968412452,0.634378042744676
phy_afaith_z,0.06444299422336129,0.03638261130788454,1.7712580792516048,0.08052682654431079,-0.008019256185900575,0.13690524463262316,50m,spec_sa,Biodiversity + environment,phy_afaith,80,0.2555962449092499,0.22621188615566767,160.1090665107551,172.01919968412452,0.634378042744676
env_elev_z,-0.3547810282716751,0.07839919728810484,-4.525314550962941,2.1905035128635635e-5,-0.5109265621285217,-0.1986354944148285,50m,spec_sa,Biodiversity + environment,phy_afaith,80,0.2555962449092499,0.22621188615566767,160.1090665107551,172.01919968412452,0.634378042744676
env_tri11_z,0.23964969805889202,0.1282338191832205,1.8688494157417281,0.06549688594552396,-0.015750087238454724,0.4950494833562388,50m,spec_sa,Biodiversity + environment,phy_afaith,80,0.2555962449092499,0.22621188615566767,160.1090665107551,172.01919968412452,0.634378042744676
(Intercept),-0.3833559856107163,0.19771253039077513,-1.9389564477932701,0.05626871436009875,-0.7772195432754131,0.010507572053980452,50m,spec_sa,Biodiversity x elevation,phy_afaith,80,0.2799506956956311,0.2415480661327314,159.44795600337915,173.74011581142244,0.6280600176244227
phy_afaith_z,0.10846081408818845,0.04540109423758318,2.3889471368380417,0.019411808599235972,0.018017196463440244,0.19890443171293665,50m,spec_sa,Biodiversity x elevation,phy_afaith,80,0.2799506956956311,0.2415480661327314,159.44795600337915,173.74011581142244,0.6280600176244227
env_elev_z,-0.6980154965644504,0.2290544033602065,-3.0473786416005493,0.0031865883348415514,-1.154315266882016,-0.24171572624688475,50m,spec_sa,Biodiversity x elevation,phy_afaith,80,0.2799506956956311,0.2415480661327314,159.44795600337915,173.74011581142244,0.6280600176244227
env_tri11_z,0.2657207831137608,0.1280075874868875,2.0758205691594647,0.041338517873730024,0.010716592352501775,0.5207249738750198,50m,spec_sa,Biodiversity x elevation,phy_afaith,80,0.2799506956956311,0.2415480661327314,159.44795600337915,173.74011581142244,0.6280600176244227
phy_afaith_z:env_elev_z,0.09435530866215501,0.05924171948350762,1.5927172520443589,0.11542981076372988,-0.023660248327737082,0.2123708656520471,50m,spec_sa,Biodiversity x elevation,phy_afaith,80,0.2799506956956311,0.2415480661327314,159.44795600337915,173.74011581142244,0.6280600176244227
(Intercept),-0.05892995600195736,0.2707180210100216,-0.2176802112474657,0.8282467294463655,-0.5978881346042607,0.48002822260034594,50m,spec_sa,Biodiversity,sp_shannon,80,0.002218533349171957,-0.010573536736095068,179.54512345745164,186.69120336147327,0.7249717375307935
sp_shannon_z,0.050194213402292916,0.12052887060828849,0.4164497115833854,0.6782247107176533,-0.18976033535540177,0.2901487621599876,50m,spec_sa,Biodiversity,sp_shannon,80,0.002218533349171957,-0.010573536736095068,179.54512345745164,186.69120336147327,0.7249717375307935
(Intercept),0.17552687681513301,0.24708966427801687,0.7103772524359261,0.47964444293666963,-0.3165948396536888,0.6676485932839549,50m,spec_sa,Biodiversity + environment,sp_shannon,80,0.22780353200188094,0.19732209247563937,163.04150176390533,174.95163493727475,0.6461119454860365
sp_shannon_z,-0.05928274084268167,0.11026371827332028,-0.537645036563454,0.5923930045801687,-0.2788919683652295,0.16032648667986615,50m,spec_sa,Biodiversity + environment,sp_shannon,80,0.22780353200188094,0.19732209247563937,163.04150176390533,174.95163493727475,0.6461119454860365
env_elev_z,-0.3801098679716933,0.08131177837223143,-4.674720877848905,1.2506089464364919e-5,-0.542056309797164,-0.21816342614622258,50m,spec_sa,Biodiversity + environment,sp_shannon,80,0.22780353200188094,0.19732209247563937,163.04150176390533,174.95163493727475,0.6461119454860365
env_tri11_z,0.15548787672802059,0.12028473108157378,1.2926651232447202,0.2000430772470017,-0.08407992752562413,0.3950556809816653,50m,spec_sa,Biodiversity + environment,sp_shannon,80,0.22780353200188094,0.19732209247563937,163.04150176390533,174.95163493727475,0.6461119454860365
(Intercept),0.19875749620210156,0.26030150480129854,0.7635664509654807,0.44752100293117103,-0.3197896922025901,0.7173046846067933,50m,spec_sa,Biodiversity x elevation,sp_shannon,80,0.22873404219246546,0.1875998577760638,164.94504224144362,179.2372020494869,0.6500131024846892
sp_shannon_z,-0.07286279396697577,0.1197641251192164,-0.6083858074731996,0.5447697733481256,-0.31144516558916074,0.16571957765520917,50m,spec_sa,Biodiversity x elevation,sp_shannon,80,0.22873404219246546,0.1875998577760638,164.94504224144362,179.2372020494869,0.6500131024846892
env_elev_z,-0.2970740729212916,0.2879083994858855,-1.0318353804604978,0.30546518791218336,-0.8706170156924619,0.2764688698498786,50m,spec_sa,Biodiversity x elevation,sp_shannon,80,0.22873404219246546,0.1875998577760638,164.94504224144362,179.2372020494869,0.6500131024846892
env_tri11_z,0.14718973055802578,0.12411551198930565,1.1859092243901657,0.23940167539585552,-0.10006104822096104,0.3944405093370126,50m,spec_sa,Biodiversity x elevation,sp_shannon,80,0.22873404219246546,0.1875998577760638,164.94504224144362,179.2372020494869,0.6500131024846892
sp_shannon_z:env_elev_z,-0.04870844583186216,0.16192546593280263,-0.30080781643126875,0.7643933692696678,-0.3712805153044149,0.27386362364069056,50m,spec_sa,Biodiversity x elevation,sp_shannon,80,0.22873404219246546,0.1875998577760638,164.94504224144362,179.2372020494869,0.6500131024846892
(Intercept),0.4988502255369438,0.06344462983788167,7.862765167227583,2.5491419665120714e-11,0.37240526061689994,0.6252951904569877,50m,spec_pca_mean,Null,NA,74,0,0,123.37391832907288,127.98204851548122,0.5457713423125761
(Intercept),0.5092416885086716,0.06278129374297846,8.111360218116337,1.039416738943095e-11,0.38405934422509164,0.6344240327922515,50m,spec_pca_mean,Environment,NA,74,0.055703903768634155,0.029104013733947887,123.13257127312843,132.34883164594513,0.5377706309505459
env_elev_z,-0.13932269896038538,0.06956420670450042,-2.002792895378076,0.04901872599630152,-0.2780297875582662,-6.156103625045706e-4,50m,spec_pca_mean,Environment,NA,74,0.055703903768634155,0.029104013733947887,123.13257127312843,132.34883164594513,0.5377706309505459
env_tri11_z,0.04616241018784835,0.10220030365133562,0.451685646114468,0.6528722567981845,-0.15761920746954128,0.249944027845238,50m,spec_pca_mean,Environment,NA,74,0.055703903768634155,0.029104013733947887,123.13257127312843,132.34883164594513,0.5377706309505459
(Intercept),0.3445522979097813,0.1555301035541612,2.2153415321928063,0.029899984191118438,0.03450870295541292,0.6545958928641498,50m,spec_pca_mean,Biodiversity,phy_faith,74,0.01612607562706538,0.0024611600107746767,124.1708621616536,131.0830574412661,0.545099313263726
phy_faith_z,0.05787286576531861,0.05327385439768596,1.0863277384305876,0.2809576366664512,-0.04832662203211768,0.1640723535627549,50m,spec_pca_mean,Biodiversity,phy_faith,74,0.01612607562706538,0.0024611600107746767,124.1708621616536,131.0830574412661,0.545099313263726
(Intercept),0.48717015718505247,0.18183419425774028,2.679199911621214,0.00919163211916118,0.12451329196840416,0.8498270224017008,50m,spec_pca_mean,Biodiversity + environment,phy_faith,74,0.05592993757433043,0.015469792041801655,125.11485595703391,136.63518142305475,0.5415334038392969
phy_faith_z,0.00817521293805798,0.0631488531563869,0.1294594047149554,0.8973654199694325,-0.11777120336282906,0.13412162923894502,50m,spec_pca_mean,Biodiversity + environment,phy_faith,74,0.05592993757433043,0.015469792041801655,125.11485595703391,136.63518142305475,0.5415334038392969
env_elev_z,-0.13474756337061858,0.07846064397894202,-1.7173904844164083,0.09032930325714257,-0.29123238353568703,0.021737256794449877,50m,spec_pca_mean,Biodiversity + environment,phy_faith,74,0.05592993757433043,0.015469792041801655,125.11485595703391,136.63518142305475,0.5415334038392969
env_tri11_z,0.04834389265298215,0.10428578706711075,0.4635712498566227,0.6443931982533193,-0.15964755130393116,0.25633533660989544,50m,spec_pca_mean,Biodiversity + environment,phy_faith,74,0.05592993757433043,0.015469792041801655,125.11485595703391,136.63518142305475,0.5415334038392969
(Intercept),0.08699611009163725,0.13365909073585788,0.6508806068684264,0.5171954288408624,-0.1794484176434487,0.35344063782672325,50m,spec_pca_mean,Biodiversity,phy_afaith,74,0.14094668759063694,0.12901539158495134,114.13152045590287,121.04371573551538,0.5093495982728845
phy_afaith_z,0.08979739443799913,0.026126432297550857,3.437032405163751,9.806152890544176e-4,0.03771530352597348,0.14187948535002476,50m,spec_pca_mean,Biodiversity,phy_afaith,74,0.14094668759063694,0.12901539158495134,114.13152045590287,121.04371573551538,0.5093495982728845
(Intercept),0.04880347744681077,0.1474074118186223,0.33107885719383695,0.7415739848429466,-0.24519133523438816,0.34279829012800966,50m,spec_pca_mean,Biodiversity + environment,phy_afaith,74,0.1897991593837916,0.15507626621452542,113.79890813930932,125.31923360533017,0.5016715613289296
phy_afaith_z,0.10037304942643348,0.029488843260184933,3.403763536630633,0.001103267403107952,0.041559406045117035,0.1591866928077499,50m,spec_pca_mean,Biodiversity + environment,phy_afaith,74,0.1897991593837916,0.15507626621452542,113.79890813930932,125.31923360533017,0.5016715613289296
env_elev_z,-0.10290312441784866,0.06577072685982066,-1.5645733190264037,0.12219288356762047,-0.23407870293524094,0.028272454099543626,50m,spec_pca_mean,Biodiversity + environment,phy_afaith,74,0.1897991593837916,0.15507626621452542,113.79890813930932,125.31923360533017,0.5016715613289296
env_tri11_z,0.18166634447392463,0.10331762096954113,1.758328761049205,0.08306254504983843,-0.02439415308763715,0.3877268420354864,50m,spec_pca_mean,Biodiversity + environment,phy_afaith,74,0.1897991593837916,0.15507626621452542,113.79890813930932,125.31923360533017,0.5016715613289296
(Intercept),0.7848772126240138,0.22033698450806175,3.5621673518695927,6.569474691954848e-4,0.3456434616190514,1.2241109636289762,50m,spec_pca_mean,Biodiversity,sp_shannon,74,0.024860960471613843,0.011317362700386302,123.5109525295647,130.4231478091772,0.542674208415074
sp_shannon_z,-0.13229272209903895,0.09764365438640876,-1.354852221891575,0.17970062602495188,-0.3269417896340685,0.06235634543599061,50m,spec_pca_mean,Biodiversity,sp_shannon,74,0.024860960471613843,0.011317362700386302,123.5109525295647,130.4231478091772,0.542674208415074
(Intercept),0.9644542393949711,0.2255798203800697,4.275445550803275,5.921826359949399e-5,0.5145494739622819,1.4143590048276602,50m,spec_pca_mean,Biodiversity + environment,sp_shannon,74,0.11151632229403392,0.07343845039234964,120.62423216818898,132.14455763420983,0.5253489452997434
sp_shannon_z,-0.20873829442897834,0.09954338761225454,-2.096957913890416,0.03961151327342928,-0.407271320914283,-0.01020526794367374,50m,spec_pca_mean,Biodiversity + environment,sp_shannon,74,0.11151632229403392,0.07343845039234964,120.62423216818898,132.14455763420983,0.5253489452997434
env_elev_z,-0.18499979471994243,0.07136305039911083,-2.592375097270891,0.011595088572625109,-0.3273289108451266,-0.04267067859475826,50m,spec_pca_mean,Biodiversity + environment,sp_shannon,74,0.11151632229403392,0.07343845039234964,120.62423216818898,132.14455763420983,0.5253489452997434
env_tri11_z,0.08913625502167026,0.10192120696969534,0.8745604342006421,0.38480390020331956,-0.11413918263520219,0.2924116926785427,50m,spec_pca_mean,Biodiversity + environment,sp_shannon,74,0.11151632229403392,0.07343845039234964,120.62423216818898,132.14455763420983,0.5253489452997434
(Intercept),0.33759748135396617,0.05988319659613881,5.637599536156592,3.0630249329330456e-7,0.2182504426487644,0.45694452005916797,50m,spec_rao_q,Null,NA,74,0,0,114.82371961127058,119.43184979767892,0.5151347351502459
(Intercept),0.3494494164891314,0.058819699035300106,5.941026938601174,9.57792446657028e-8,0.23216626769901905,0.4667325652792438,50m,spec_rao_q,Environment,NA,74,0.06959281894489447,0.04338416595742667,113.4858806036446,122.70214097646128,0.5038364897676589
env_elev_z,-0.15013680131168305,0.06517459991728422,-2.3036090977501646,0.024175930306111575,-0.280091262568744,-0.020182340054622105,50m,spec_rao_q,Environment,NA,74,0.06959281894489447,0.04338416595742667,113.4858806036446,122.70214097646128,0.5038364897676589
env_tri11_z,0.08633407924957706,0.09575130972448563,0.9016490688011928,0.3702918519902726,-0.10458860973809342,0.27725676823724754,50m,spec_rao_q,Environment,NA,74,0.06959281894489447,0.04338416595742667,113.4858806036446,122.70214097646128,0.5038364897676589
(Intercept),0.15358673788754798,0.14608021717627315,1.051386292109744,0.29659720960963565,-0.13761885286340633,0.44479232863850227,50m,spec_rao_q,Biodiversity,phy_faith,74,0.02574391847770828,0.012212584012120997,114.89371876462027,121.8059140442328,0.5119795090760229
phy_faith_z,0.06901731747000997,0.050036977037831505,1.3793262813984142,0.17206354781936697,-0.030729573240803804,0.16876420818082374,50m,spec_rao_q,Biodiversity,phy_faith,74,0.02574391847770828,0.012212584012120997,114.89371876462027,121.8059140442328,0.5119795090760229
(Intercept),0.27267571241871014,0.17009926180332513,1.6030387758765678,0.11342921199407015,-0.0665765680067244,0.6119279928441447,50m,spec_rao_q,Biodiversity + environment,phy_faith,74,0.07266264127053124,0.032919611610696786,115.24131838962847,126.76164385564933,0.5065847631735264
phy_faith_z,0.028436693839520546,0.05907345067563245,0.4813785806362343,0.6317488967643197,-0.08938158850834545,0.14625497618738653,50m,spec_rao_q,Biodiversity + environment,phy_faith,74,0.07266264127053124,0.032919611610696786,115.24131838962847,126.76164385564933,0.5065847631735264
env_elev_z,-0.13422263112110225,0.07339707295380409,-1.8287191262461053,0.07170176205041917,-0.2806084773155463,0.012163215073341782,50m,spec_rao_q,Biodiversity + environment,phy_faith,74,0.07266264127053124,0.032919611610696786,115.24131838962847,126.76164385564933,0.5065847631735264
env_tri11_z,0.0939221567036218,0.09755555311863012,0.96275561668345,0.3389842820124024,-0.10064625889553938,0.28849057230278297,50m,spec_rao_q,Biodiversity + environment,phy_faith,74,0.07266264127053124,0.032919611610696786,115.24131838962847,126.76164385564933,0.5065847631735264
(Intercept),-0.01987474579553091,0.12774389915532225,-0.15558273958246296,0.8767973022591871,-0.274527554624994,0.2347780630339322,50m,spec_rao_q,Biodiversity,phy_afaith,74,0.11918797782874978,0.10695447752081577,107.43230231702036,114.34449759663286,0.48680791825197833
phy_afaith_z,0.07794040020036232,0.024970185823741452,3.1213384133592315,0.0025912298286790343,0.028163244507956986,0.12771755589276765,50m,spec_rao_q,Biodiversity,phy_afaith,74,0.11918797782874978,0.10695447752081577,107.43230231702036,114.34449759663286,0.48680791825197833
(Intercept),-0.06385143070173424,0.13904069729421997,-0.45922835503780657,0.6474931178381058,-0.3411593574318701,0.21345649602840164,50m,spec_rao_q,Biodiversity + environment,phy_afaith,74,0.19087111125962644,0.15619415888503896,105.15073746562854,116.67106293164939,0.47319712651682544
phy_afaith_z,0.09009735805246212,0.02781508255732152,3.2391547954887008,0.0018349569626828642,0.03462192513316069,0.14557279097176357,50m,spec_rao_q,Biodiversity + environment,phy_afaith,74,0.19087111125962644,0.15619415888503896,105.15073746562854,116.67106293164939,0.47319712651682544
env_elev_z,-0.11744568087220458,0.06203763848312723,-1.8931359049739946,0.06247397792555846,-0.24117584938959785,0.0062844876451886855,50m,spec_rao_q,Biodiversity + environment,phy_afaith,74,0.19087111125962644,0.15619415888503896,105.15073746562854,116.67106293164939,0.47319712651682544
env_tri11_z,0.20796579767054577,0.0974534040395526,2.1340023955052447,0.03634753737667761,0.013601111985630021,0.4023304833554615,50m,spec_rao_q,Biodiversity + environment,phy_afaith,74,0.19087111125962644,0.15619415888503896,105.15073746562854,116.67106293164939,0.47319712651682544
(Intercept),0.5251164944137732,0.20933602137866583,2.5084860739943804,0.014378085180708716,0.1078127626054522,0.9424202262220942,50m,spec_rao_q,Biodiversity,sp_shannon,74,0.01199428275724526,-0.001728018871126391,115.930776813234,122.84297209284651,0.515579624310743
sp_shannon_z,-0.08673097925356056,0.0927685116856832,-0.9349183001600919,0.352955486954889,-0.2716616274324161,0.09819966892529498,50m,spec_rao_q,Biodiversity,sp_shannon,74,0.01199428275724526,-0.001728018871126391,115.930776813234,122.84297209284651,0.515579624310743
(Intercept),0.7118803008098407,0.21318170790015217,3.339312306960519,0.0013488729671274815,0.28670279102301255,1.1370578105966689,50m,spec_rao_q,Biodiversity + environment,sp_shannon,74,0.10930580741783083,0.07113319916430916,112.25791409294618,123.77823955896703,0.4964751954046587
sp_shannon_z,-0.16619314316838213,0.09407237467249159,-1.76665193949845,0.08164593453088584,-0.3538145784076431,0.021428292070878846,50m,spec_rao_q,Biodiversity + environment,sp_shannon,74,0.10930580741783083,0.07113319916430916,112.25791409294618,123.77823955896703,0.4964751954046587
env_elev_z,-0.18650396688544804,0.067440859467903,-2.765444692682342,0.007262604871116389,-0.32101051985797896,-0.05199741391291712,50m,spec_rao_q,Biodiversity + environment,sp_shannon,74,0.10930580741783083,0.07113319916430916,112.25791409294618,123.77823955896703,0.4964751954046587
env_tri11_z,0.12054897195290531,0.0963195064897047,1.251553048247713,0.2148990781959827,-0.07155422637764733,0.31265217028345793,50m,spec_rao_q,Biodiversity + environment,sp_shannon,74,0.10930580741783083,0.07113319916430916,112.25791409294618,123.77823955896703,0.4964751954046587
(Intercept),1.0274149686370186,0.08221901481890484,12.496074915273521,8.245005602156642e-20,0.8635527084094459,1.1912772288645914,50m,spec_alpha,Null,NA,74,0,0,161.73833694291164,166.34646712932,0.7072747086080172
(Intercept),1.0395519077173911,0.07962964019552835,13.054836178649063,1.5087672543211263e-20,0.880774914765584,1.1983289006691984,50m,spec_alpha,Environment,NA,74,0.09542958908833885,0.06994873244293998,158.31649717077696,167.53275754359365,0.6820898279928095
env_elev_z,-0.1951295497425227,0.0882328544079463,-2.2115293792982995,0.030219539563306006,-0.3710608646153359,-0.019198234869709507,50m,spec_alpha,Environment,NA,74,0.09542958908833885,0.06994873244293998,158.31649717077696,167.53275754359365,0.6820898279928095
env_tri11_z,-0.07058438903806435,0.12962736067444897,-0.5445176749014635,0.5877914644055093,-0.3290540051462147,0.18788522707008598,50m,spec_alpha,Environment,NA,74,0.09542958908833885,0.06994873244293998,158.31649717077696,167.53275754359365,0.6820898279928095
(Intercept),0.7934460472339108,0.20094357671715976,3.948601195402897,1.811480654774244e-4,0.39287234809352806,1.1940197463742934,50m,spec_alpha,Biodiversity,phy_faith,74,0.02207852471479572,0.008496282002501299,162.08622009943338,168.9984153790459,0.704263696674881
phy_faith_z,0.08775524201683951,0.06882936874308919,1.274967991416463,0.20641954851180896,-0.04945359688884421,0.22496408092252324,50m,spec_alpha,Biodiversity,phy_faith,74,0.02207852471479572,0.008496282002501299,162.08622009943338,168.9984153790459,0.704263696674881
(Intercept),1.0842322678380647,0.23058953275792896,4.702001235139685,1.2537326799876237e-5,0.6243359461196736,1.5441285895564558,50m,spec_alpha,Biodiversity + environment,phy_faith,74,0.09598114176222176,0.05723747640917398,160.27136265645814,171.791688122479,0.6867351604237596
phy_faith_z,-0.016549438857680798,0.08008100238225943,-0.20665873759526068,0.8368763282348918,-0.17626596195669575,0.14316708424133417,50m,spec_alpha,Biodiversity + environment,phy_faith,74,0.09598114176222176,0.05723747640917398,160.27136265645814,171.791688122479,0.6867351604237596
env_elev_z,-0.2043911955592287,0.09949835512976025,-2.0542168289382574,0.043690396035220444,-0.4028344075902115,-0.0059479835282458815,50m,spec_alpha,Biodiversity + environment,phy_faith,74,0.09598114176222176,0.05723747640917398,160.27136265645814,171.791688122479,0.6867351604237596
env_tri11_z,-0.07500045880277567,0.13224801314879367,-0.5671197397755371,0.5724470523103351,-0.33876080418473353,0.1887598865791822,50m,spec_alpha,Biodiversity + environment,phy_faith,74,0.09598114176222176,0.05723747640917398,160.27136265645814,171.791688122479,0.6867351604237596
(Intercept),0.4387389622891664,0.17010703062178656,2.5791935858586124,0.011945543937330457,0.09963679431159955,0.7778411302667333,50m,spec_alpha,Biodiversity,phy_afaith,74,0.1714612250181794,0.15995374203232082,149.81955545087985,156.73175073049237,0.6482458262553145
phy_afaith_z,0.12835023265713627,0.03325093560347862,3.860048757356128,2.4495989127340696e-4,0.062065703974181555,0.194634761340091,50m,spec_alpha,Biodiversity,phy_afaith,74,0.1714612250181794,0.15995374203232082,149.81955545087985,156.73175073049237,0.6482458262553145
(Intercept),0.49200522885012854,0.18882869933291083,2.605563828953289,0.011196639183156026,0.11539826313308815,0.868612194567169,50m,spec_alpha,Biodiversity + environment,phy_afaith,74,0.20834629327820667,0.17441827727584402,150.44962653177,161.96995199779087,0.6426406057153561
phy_afaith_z,0.11936222611602373,0.03777516916520023,3.1598065277755065,0.0023321276077623095,0.04402202682951381,0.19470242540253366,50m,spec_alpha,Biodiversity + environment,phy_afaith,74,0.20834629327820667,0.17441827727584402,150.44962653177,161.96995199779087,0.6426406057153561
env_elev_z,-0.15181990122196273,0.08425221400943901,-1.801969277685141,0.07585589329772698,-0.31985564359127616,0.016215841147350668,50m,spec_alpha,Biodiversity + environment,phy_afaith,74,0.20834629327820667,0.17441827727584402,150.44962653177,161.96995199779087,0.6426406057153561
env_tri11_z,0.09055499385694225,0.1323497356418849,0.6842098582045387,0.49610166222073504,-0.17340823064033867,0.3545182183542232,50m,spec_alpha,Biodiversity + environment,phy_afaith,74,0.20834629327820667,0.17441827727584402,150.44962653177,161.96995199779087,0.6426406057153561
(Intercept),1.4070959475804923,0.28535935347428454,4.93096136660295,5.0795227050853605e-6,0.8382424730233191,1.9759494221376654,50m,spec_alpha,Biodiversity,sp_shannon,74,0.02608475488372751,0.012558154257112708,161.782443204853,168.69463848446551,0.7028196451278415
sp_shannon_z,-0.17560940925609142,0.12645870664328993,-1.3886699770814832,0.16921415370750217,-0.4277002336366715,0.07648141512448864,50m,spec_alpha,Biodiversity,sp_shannon,74,0.02608475488372751,0.012558154257112708,161.782443204853,168.69463848446551,0.7028196451278415
(Intercept),1.6281817806855203,0.2857637519552487,5.697649787788682,2.6534211971360734e-7,1.0582439485869966,2.198119612784044,50m,spec_alpha,Biodiversity + environment,sp_shannon,74,0.15099853810298552,0.11461276116454189,155.6249535061047,167.14527897212554,0.6655102634696983
sp_shannon_z,-0.26991697723203406,0.12610122606927443,-2.1404786110783225,0.03580162656526606,-0.5214179423444432,-0.018416012119625014,50m,spec_alpha,Biodiversity + environment,sp_shannon,74,0.15099853810298552,0.11461276116454189,155.6249535061047,167.14527897212554,0.6655102634696983
env_elev_z,-0.2541940527360197,0.09040247039235239,-2.811804275179667,0.006386352707246854,-0.43449609468232314,-0.07389201078971624,50m,spec_alpha,Biodiversity + environment,sp_shannon,74,0.15099853810298552,0.11461276116454189,155.6249535061047,167.14527897212554,0.6655102634696983
env_tri11_z,-0.01501542729429416,0.1291134395727219,-0.11629639287734153,0.9077506476825662,-0.27252406280655717,0.24249320821796883,50m,spec_alpha,Biodiversity + environment,sp_shannon,74,0.15099853810298552,0.11461276116454189,155.6249535061047,167.14527897212554,0.6655102634696983
