"source","scale","quad_id","metric_id","metric_label","sample_rule","n_boot","metric_value","metric_sd","metric_cv","metric_se"
"sample_size_fixed4000","10m","1104_b","sa_entropy","Spectral angle entropy","fixed_4000",50,2.85542232362686,0.011457541970497,0.0040125559976515,0.00162034112461357
"sample_size_fixed4000","10m","1110_a","sa_entropy","Spectral angle entropy","fixed_4000",50,2.64644352979916,0.0114351388618264,0.0043209457269977,0.00161717284660145
"sample_size_fixed4000","10m","1124_a","sa_entropy","Spectral angle entropy","fixed_4000",50,2.96500976138052,0.348253414692529,0.117454390615692,0.0492504702200916
"sample_size_fixed4000","10m","112_b","sa_entropy","Spectral angle entropy","fixed_4000",50,3.0629209433344,0.0137989740024811,0.00450516819002814,0.00195146961811426
"sample_size_fixed4000","10m","114_b","sa_entropy","Spectral angle entropy","fixed_4000",50,3.01763672040082,0.0132451433930228,0.00438924384220228,0.00187314614219892
"sample_size_fixed4000","10m","11_c","sa_entropy","Spectral angle entropy","fixed_4000",50,2.72089697373818,0.00888965944026861,0.00326717973009294,0.00125718769453059
"sample_size_fixed4000","10m","120_d","sa_entropy","Spectral angle entropy","fixed_4000",50,2.81478767380636,0.010478006260481,0.00372248548549023,0.00148181385602024
"sample_size_fixed4000","10m","1305_c","sa_entropy","Spectral angle entropy","fixed_4000",50,2.94394136846566,0.0111779661957971,0.00379693913592541,0.00158080313938442
"sample_size_fixed4000","10m","1315_b","sa_entropy","Spectral angle entropy","fixed_4000",50,2.8296013857476,0.0117871445723927,0.00416565549895589,0.00166695397159301
"sample_size_fixed4000","10m","1400_b","sa_entropy","Spectral angle entropy","fixed_4000",50,2.91170175043486,0.0102741156219649,0.00352856044422491,0.0014529793653972
"sample_size_fixed4000","10m","1414_a","sa_entropy","Spectral angle entropy","fixed_4000",50,2.81070351776802,0.332240990186245,0.118205633602394,0.0469859714297654
"sample_size_fixed4000","10m","1417_c","sa_entropy","Spectral angle entropy","fixed_4000",50,2.98642601135683,0.00764369054376582,0.00255947762130998,0.00108098108335766
"sample_size_fixed4000","10m","1514_a","sa_entropy","Spectral angle entropy","fixed_4000",50,2.91560135034691,0.0110429572191126,0.00378754016484409,0.00156170998679749
"sample_size_fixed4000","10m","1516_c","sa_entropy","Spectral angle entropy","fixed_4000",50,2.79556184876496,0.0118532627461801,0.00424002879829566,0.00167630449340196
"sample_size_fixed4000","10m","1604_c","sa_entropy","Spectral angle entropy","fixed_4000",50,2.89672505774219,0.00936501514830615,0.00323296652655243,0.0013244131434564
"sample_size_fixed4000","10m","1606_c","sa_entropy","Spectral angle entropy","fixed_4000",50,2.91507162231162,0.00954439905736067,0.0032741559364473,0.00134978185916204
"sample_size_fixed4000","10m","1701_b","sa_entropy","Spectral angle entropy","fixed_4000",50,2.74781729975106,0.0138342280611785,0.00503462441350518,0.00195645529490811
"sample_size_fixed4000","10m","1803_c","sa_entropy","Spectral angle entropy","fixed_4000",50,2.85681331904927,0.00709565073607933,0.00248376423085311,0.0010034765504826
"sample_size_fixed4000","10m","1816_c","sa_entropy","Spectral angle entropy","fixed_4000",50,2.86858909055919,0.00715167229807274,0.00249309750274433,0.00101139919575824
"sample_size_fixed4000","10m","1912_c","sa_entropy","Spectral angle entropy","fixed_4000",50,2.88711819346577,0.00925593759629594,0.00320594342734022,0.00130898724811607
"sample_size_fixed4000","10m","1917_c","sa_entropy","Spectral angle entropy","fixed_4000",50,2.95509117097082,0.00949375518620025,0.00321267759162954,0.00134261973421743
"sample_size_fixed4000","10m","204_d","sa_entropy","Spectral angle entropy","fixed_4000",50,2.7907024868711,0.16571887759673,0.0593824954026295,0.0234361884238542
"sample_size_fixed4000","10m","217_d","sa_entropy","Spectral angle entropy","fixed_4000",50,2.71554848200819,0.0975666589532494,0.0359288959853508,0.0137980092327116
"sample_size_fixed4000","10m","22_c","sa_entropy","Spectral angle entropy","fixed_4000",50,2.91551636206001,0.0132972498862342,0.00456085586048257,0.00188051511313765
"sample_size_fixed4000","10m","319_c","sa_entropy","Spectral angle entropy","fixed_4000",50,2.73870428850478,0.0110084804161446,0.00401959439810668,0.00155683423056302
"sample_size_fixed4000","10m","409_d","sa_entropy","Spectral angle entropy","fixed_4000",50,2.87298009210115,0.00845494780325734,0.00294291903605703,0.00119571018525231
"sample_size_fixed4000","10m","503_c","sa_entropy","Spectral angle entropy","fixed_4000",50,2.77916232575933,0.224439497354778,0.0807579662672118,0.0317405381091328
"sample_size_fixed4000","10m","614_a","sa_entropy","Spectral angle entropy","fixed_4000",50,2.83013796052709,0.00782085651370483,0.00276341882367044,0.00110603613510553
"sample_size_fixed4000","10m","700_c","sa_entropy","Spectral angle entropy","fixed_4000",50,2.76669235119442,0.162499774048651,0.058734312826107,0.0229809384342165
"sample_size_fixed4000","10m","722_a","sa_entropy","Spectral angle entropy","fixed_4000",50,2.77491087913085,0.0118577483172847,0.00427319969317311,0.00167693884895107
"sample_size_fixed4000","10m","800_a","sa_entropy","Spectral angle entropy","fixed_4000",50,2.52253935611254,0,0,0
"sample_size_fixed4000","10m","914_a","sa_entropy","Spectral angle entropy","fixed_4000",50,2.95686255657636,0.165315464044439,0.055909079600863,0.0233791371321647
"sample_size_fixed4000","20m","100","sa_entropy","Spectral angle entropy","fixed_4000",50,2.78333749342279,0.0131007846208324,0.00470686169097008,0.00185273072885101
"sample_size_fixed4000","20m","1201","sa_entropy","Spectral angle entropy","fixed_4000",50,2.7584287205122,0.0114280647115368,0.0041429617617289,0.00161617241067328
"sample_size_fixed4000","20m","1402","sa_entropy","Spectral angle entropy","fixed_4000",50,2.90029416940796,0.0104510116749196,0.00360343160537159,0.00147799624511908
"sample_size_fixed4000","20m","1512","sa_entropy","Spectral angle entropy","fixed_4000",50,2.77752289141427,0.0938273956874874,0.0337809621578715,0.0132691975503391
"sample_size_fixed4000","20m","1518","sa_entropy","Spectral angle entropy","fixed_4000",50,2.93381717956091,0.0158798119064759,0.00541267943248343,0.0022457445366072
"sample_size_fixed4000","20m","1800","sa_entropy","Spectral angle entropy","fixed_4000",50,2.81051838440427,0.206346203297891,0.0734192682897639,0.0291817599248073
"sample_size_fixed4000","20m","1805","sa_entropy","Spectral angle entropy","fixed_4000",50,2.8410539798193,0.0122251618585774,0.00430303751544874,0.00172889897026064
"sample_size_fixed4000","20m","1910","sa_entropy","Spectral angle entropy","fixed_4000",50,2.80295053015431,0.0128671266742804,0.00459056502633746,0.001819686505154
"sample_size_fixed4000","20m","206","sa_entropy","Spectral angle entropy","fixed_4000",50,2.95506425137682,0.0120125832096633,0.00406508359473619,0.00169883580942411
"sample_size_fixed4000","20m","219","sa_entropy","Spectral angle entropy","fixed_4000",50,2.88169989581573,0.099917368852863,0.034673065366017,0.0141304498148354
"sample_size_fixed4000","20m","302","sa_entropy","Spectral angle entropy","fixed_4000",50,2.8438695863845,0.0144618772015629,0.00508528143161048,0.00204521828758245
"sample_size_fixed4000","20m","317","sa_entropy","Spectral angle entropy","fixed_4000",50,2.79157685451339,0.0150123802335306,0.00537774204899956,0.00212307117297607
"sample_size_fixed4000","20m","405","sa_entropy","Spectral angle entropy","fixed_4000",50,2.84211586376466,0.0131354453140697,0.00462171352038778,0.00185763249109675
"sample_size_fixed4000","20m","821","sa_entropy","Spectral angle entropy","fixed_4000",50,2.80187271371182,0.0138303118775998,0.00493609570838709,0.00195590146291513
"sample_size_fixed4000","20m","905","sa_entropy","Spectral angle entropy","fixed_4000",50,3.02259285449653,0.139890098506056,0.0462814891850056,0.0197834474548973
"sample_size_fixed4000","20m","912","sa_entropy","Spectral angle entropy","fixed_4000",50,2.93534252895794,0.100005630858004,0.0340694926985257,0.0141429319473067
"sample_size_fixed4000","50m","sub50_15","sa_entropy","Spectral angle entropy","fixed_4000",50,2.82735324489443,0.0131938530340797,0.0046665032244927,0.0018658925900753
"sample_size_fixed4000","50m","sub50_24","sa_entropy","Spectral angle entropy","fixed_4000",50,2.83035723049827,0.0106788821180506,0.00377298031604677,0.00151022199223307
"sample_size_fixed4000","50m","sub50_36","sa_entropy","Spectral angle entropy","fixed_4000",50,2.88934444875412,0.0148052187530313,0.00512407537959529,0.00209377411544373
"sample_size_fixed4000","50m","sub50_49","sa_entropy","Spectral angle entropy","fixed_4000",50,2.81857670704221,0.0177780662482212,0.00630746227477247,0.00251419824010017
"sample_size_fixed4000","50m","sub50_51","sa_entropy","Spectral angle entropy","fixed_4000",50,2.81558977732199,0.0178441540249663,0.00633762566148344,0.00252354446311818
"sample_size_fixed4000","50m","sub50_56","sa_entropy","Spectral angle entropy","fixed_4000",50,2.82592549302359,0.0130195979328749,0.00460719787730307,0.00184124919733164
"sample_size_fixed4000","50m","sub50_60","sa_entropy","Spectral angle entropy","fixed_4000",50,2.90795180386607,0.135082918217304,0.0464529425961302,0.0191036094987847
"sample_size_fixed4000","50m","sub50_8","sa_entropy","Spectral angle entropy","fixed_4000",50,2.76456680997302,0.0143894533613322,0.00520495772047289,0.00203497600987311
"sample_size_fixed4000","10m","1104_b","pca_mean_distance","Raw PCA mean distance","fixed_4000",50,6.29456620624639,0.0610893212606604,0.00970508836654044,0.0086393346642993
"sample_size_fixed4000","10m","1110_a","pca_mean_distance","Raw PCA mean distance","fixed_4000",50,6.53138982804806,0.0348592505872642,0.00533718726105836,0.00492984249546714
"sample_size_fixed4000","10m","1124_a","pca_mean_distance","Raw PCA mean distance","fixed_4000",50,7.08971137801586,0.0560367914040486,0.00790395947256898,0.00792479903954776
"sample_size_fixed4000","10m","112_b","pca_mean_distance","Raw PCA mean distance","fixed_4000",50,8.55241477280837,0.119056087129578,0.0139207569198007,0.0168370733101722
"sample_size_fixed4000","10m","114_b","pca_mean_distance","Raw PCA mean distance","fixed_4000",50,9.38666861090531,0.0718490186864123,0.00765436830303554,0.0101609856669522
"sample_size_fixed4000","10m","11_c","pca_mean_distance","Raw PCA mean distance","fixed_4000",50,7.00260651432448,0.0374030363033996,0.00534130201759705,0.00528958812142009
"sample_size_fixed4000","10m","120_d","pca_mean_distance","Raw PCA mean distance","fixed_4000",50,8.95174506404976,0.0542313336349462,0.00605818566624952,0.00766946875321211
"sample_size_fixed4000","10m","1305_c","pca_mean_distance","Raw PCA mean distance","fixed_4000",50,7.27178411784414,0.0377117400964287,0.00518603680820066,0.00533324543050587
"sample_size_fixed4000","10m","1315_b","pca_mean_distance","Raw PCA mean distance","fixed_4000",50,7.99789201513344,0.0749529338173686,0.00937158612238628,0.0105999455544176
"sample_size_fixed4000","10m","1400_b","pca_mean_distance","Raw PCA mean distance","fixed_4000",50,7.92710589325252,0.039306975351022,0.00495855308107839,0.00555884576372802
"sample_size_fixed4000","10m","1414_a","pca_mean_distance","Raw PCA mean distance","fixed_4000",50,8.81197872457018,0.046307860658509,0.00525510354778662,0.00654892045877469
"sample_size_fixed4000","10m","1417_c","pca_mean_distance","Raw PCA mean distance","fixed_4000",50,9.21738522599688,0.0582567378457698,0.0063203106322888,0.00823874687611016
"sample_size_fixed4000","10m","1514_a","pca_mean_distance","Raw PCA mean distance","fixed_4000",50,5.92275521800841,0.0375116681796004,0.00633348277935654,0.00530495098868301
"sample_size_fixed4000","10m","1516_c","pca_mean_distance","Raw PCA mean distance","fixed_4000",50,8.58807747858881,0.0565975879797851,0.00659025120824658,0.00800410765186166
"sample_size_fixed4000","10m","1604_c","pca_mean_distance","Raw PCA mean distance","fixed_4000",50,7.24803623927731,0.0424094858905389,0.00585116912919401,0.00599760701196705
"sample_size_fixed4000","10m","1606_c","pca_mean_distance","Raw PCA mean distance","fixed_4000",50,7.52098228082333,0.0351848483310732,0.00467822513301035,0.00497588896998441
"sample_size_fixed4000","10m","1701_b","pca_mean_distance","Raw PCA mean distance","fixed_4000",50,7.10145994329286,0.0493628834431283,0.00695108947136288,0.00698096592431143
"sample_size_fixed4000","10m","1803_c","pca_mean_distance","Raw PCA mean distance","fixed_4000",50,6.78900391498844,0.025276308644458,0.00372312477072729,0.00357460984917208
"sample_size_fixed4000","10m","1816_c","pca_mean_distance","Raw PCA mean distance","fixed_4000",50,7.08930833822493,0.0279063595394703,0.00393640087411655,0.00394655521371787
"sample_size_fixed4000","10m","1912_c","pca_mean_distance","Raw PCA mean distance","fixed_4000",50,7.20426388613878,0.0287172732634228,0.0039861495521667,0.00406123573235068
"sample_size_fixed4000","10m","1917_c","pca_mean_distance","Raw PCA mean distance","fixed_4000",50,7.09008822564008,0.0357477775458819,0.00504193691364886,0.00505549918300826
"sample_size_fixed4000","10m","204_d","pca_mean_distance","Raw PCA mean distance","fixed_4000",50,8.20332068412469,0.0429238721290702,0.00523249959155416,0.00607035221144996
"sample_size_fixed4000","10m","217_d","pca_mean_distance","Raw PCA mean distance","fixed_4000",50,7.64276673572147,0.0514901511784003,0.00673710881921084,0.00728180701251347
"sample_size_fixed4000","10m","22_c","pca_mean_distance","Raw PCA mean distance","fixed_4000",50,8.74362525986731,0.0580809114847224,0.00664265790887793,0.00821388127366857
"sample_size_fixed4000","10m","319_c","pca_mean_distance","Raw PCA mean distance","fixed_4000",50,8.22550321330227,0.0568836404566303,0.00691552103032896,0.00804456158109214
"sample_size_fixed4000","10m","409_d","pca_mean_distance","Raw PCA mean distance","fixed_4000",50,9.07065451510821,0.0461779100892246,0.00509091268026028,0.00653054267302268
"sample_size_fixed4000","10m","503_c","pca_mean_distance","Raw PCA mean distance","fixed_4000",50,7.79761222236376,0.0452810741456999,0.00580704359929987,0.00640371091756705
"sample_size_fixed4000","10m","614_a","pca_mean_distance","Raw PCA mean distance","fixed_4000",50,6.16296405060204,0.0364841772812679,0.00591990752853797,0.00515964183231934
"sample_size_fixed4000","10m","700_c","pca_mean_distance","Raw PCA mean distance","fixed_4000",50,7.02591930515522,0.0482082904623765,0.00686149219320012,0.00681768181907144
"sample_size_fixed4000","10m","722_a","pca_mean_distance","Raw PCA mean distance","fixed_4000",50,8.20372076211811,0.0516319541151805,0.00629372398358543,0.00730186097615136
"sample_size_fixed4000","10m","800_a","pca_mean_distance","Raw PCA mean distance","fixed_4000",50,9.74889941965345,0,0,0
"sample_size_fixed4000","10m","914_a","pca_mean_distance","Raw PCA mean distance","fixed_4000",50,6.7038014392083,0.0402685084060444,0.00600681699349377,0.0056948270724363
"sample_size_fixed4000","20m","100","pca_mean_distance","Raw PCA mean distance","fixed_4000",50,8.7699892303697,0.0655208838579311,0.00747103355965798,0.00926605225705585
"sample_size_fixed4000","20m","1201","pca_mean_distance","Raw PCA mean distance","fixed_4000",50,8.05086487297662,0.0688925502588702,0.00855716141629871,0.00974287789225643
"sample_size_fixed4000","20m","1402","pca_mean_distance","Raw PCA mean distance","fixed_4000",50,7.02882044414562,0.0507094025183497,0.00721449678808996,0.00717139247812865
"sample_size_fixed4000","20m","1512","pca_mean_distance","Raw PCA mean distance","fixed_4000",50,9.74236769825236,0.0879214394835988,0.00902464803287713,0.0124339692141071
"sample_size_fixed4000","20m","1518","pca_mean_distance","Raw PCA mean distance","fixed_4000",50,9.7670234354912,0.0993199445021016,0.0101689061317489,0.0140459612529015
"sample_size_fixed4000","20m","1800","pca_mean_distance","Raw PCA mean distance","fixed_4000",50,8.3310071489342,0.0724809617870669,0.00870014399115472,0.0102503559173116
"sample_size_fixed4000","20m","1805","pca_mean_distance","Raw PCA mean distance","fixed_4000",50,8.2368189241804,0.0661181947117799,0.00802715166138717,0.00935052476810242
"sample_size_fixed4000","20m","1910","pca_mean_distance","Raw PCA mean distance","fixed_4000",50,6.52338298420393,0.0554155010764908,0.00849490229389826,0.00783693531880741
"sample_size_fixed4000","20m","206","pca_mean_distance","Raw PCA mean distance","fixed_4000",50,8.19531625162378,0.0625572977373828,0.00763329880344618,0.00884693788856184
"sample_size_fixed4000","20m","219","pca_mean_distance","Raw PCA mean distance","fixed_4000",50,8.88551622346005,0.0634229684939683,0.00713779221138727,0.00896936222101315
"sample_size_fixed4000","20m","302","pca_mean_distance","Raw PCA mean distance","fixed_4000",50,7.0396210285025,0.0531130408081828,0.00754487217325125,0.00751131826498078
"sample_size_fixed4000","20m","317","pca_mean_distance","Raw PCA mean distance","fixed_4000",50,7.75266250986912,0.0561761914218724,0.00724605145011282,0.00794451317912791
"sample_size_fixed4000","20m","405","pca_mean_distance","Raw PCA mean distance","fixed_4000",50,8.36578162948487,0.0938593975955242,0.0112194415002085,0.0132737233035759
"sample_size_fixed4000","20m","821","pca_mean_distance","Raw PCA mean distance","fixed_4000",50,8.25000659622035,0.0686326228458256,0.008319099148026,0.0097061186049804
"sample_size_fixed4000","20m","905","pca_mean_distance","Raw PCA mean distance","fixed_4000",50,11.0033975661549,0.181833169860516,0.0165251840413195,0.0257150934906033
"sample_size_fixed4000","20m","912","pca_mean_distance","Raw PCA mean distance","fixed_4000",50,9.23692606743541,0.065205839293869,0.00705925746485628,0.009221498227531
"sample_size_fixed4000","50m","sub50_15","pca_mean_distance","Raw PCA mean distance","fixed_4000",50,7.39220148714358,0.0618812917098066,0.00837115868898186,0.00875133619931743
"sample_size_fixed4000","50m","sub50_24","pca_mean_distance","Raw PCA mean distance","fixed_4000",50,7.86833672317591,0.0655048800307106,0.00832512414444189,0.00926378897410534
"sample_size_fixed4000","50m","sub50_36","pca_mean_distance","Raw PCA mean distance","fixed_4000",50,9.18614603941794,0.0708645918378887,0.00771428970689201,0.0100217666869176
"sample_size_fixed4000","50m","sub50_49","pca_mean_distance","Raw PCA mean distance","fixed_4000",50,8.64379860495299,0.0810583373637791,0.00937762910363642,0.011463380004327
"sample_size_fixed4000","50m","sub50_51","pca_mean_distance","Raw PCA mean distance","fixed_4000",50,8.58938474873527,0.0737768002934184,0.00858929975214832,0.0104336151563444
"sample_size_fixed4000","50m","sub50_56","pca_mean_distance","Raw PCA mean distance","fixed_4000",50,8.20277027499759,0.066916115631222,0.00815774590630501,0.00946336782670005
"sample_size_fixed4000","50m","sub50_60","pca_mean_distance","Raw PCA mean distance","fixed_4000",50,9.47739600848539,0.0816211944404188,0.00861219625805875,0.0115429800154732
"sample_size_fixed4000","50m","sub50_8","pca_mean_distance","Raw PCA mean distance","fixed_4000",50,8.56491968219727,0.0697182941344912,0.00813998224401392,0.0098596557110514
"sample_size_fixed4000","10m","1104_b","spectral_rao_q","Raw PCA Rao's Q","fixed_4000",50,112.811352555248,2.92707679810861,0.0259466510400637,0.413951170599281
"sample_size_fixed4000","10m","1110_a","spectral_rao_q","Raw PCA Rao's Q","fixed_4000",50,109.451252251576,1.14010241233158,0.0104165314592385,0.161234829401361
"sample_size_fixed4000","10m","1124_a","spectral_rao_q","Raw PCA Rao's Q","fixed_4000",50,137.91012600795,2.01193177110446,0.0145887167921845,0.284530119726525
"sample_size_fixed4000","10m","112_b","spectral_rao_q","Raw PCA Rao's Q","fixed_4000",50,273.803053765439,10.830136719025,0.0395544774613906,1.53161262303999
"sample_size_fixed4000","10m","114_b","spectral_rao_q","Raw PCA Rao's Q","fixed_4000",50,235.297192629593,4.00074654236143,0.0170029505989876,0.56579100198248
"sample_size_fixed4000","10m","11_c","spectral_rao_q","Raw PCA Rao's Q","fixed_4000",50,126.364169553984,1.3913702924103,0.0110107975806852,0.196769473780966
"sample_size_fixed4000","10m","120_d","spectral_rao_q","Raw PCA Rao's Q","fixed_4000",50,208.376537311452,2.3644757129373,0.0113471302644943,0.334387362113772
"sample_size_fixed4000","10m","1305_c","spectral_rao_q","Raw PCA Rao's Q","fixed_4000",50,135.738063546658,1.39960428515693,0.0103110671287559,0.197933936202443
"sample_size_fixed4000","10m","1315_b","spectral_rao_q","Raw PCA Rao's Q","fixed_4000",50,170.422183480532,3.07164832130048,0.0180237587535156,0.434396671482369
"sample_size_fixed4000","10m","1400_b","spectral_rao_q","Raw PCA Rao's Q","fixed_4000",50,158.636965347418,1.31601092371203,0.00829573939989293,0.186112049654469
"sample_size_fixed4000","10m","1414_a","spectral_rao_q","Raw PCA Rao's Q","fixed_4000",50,200.351755678209,2.28677114127809,0.011413781394314,0.323398276203887
"sample_size_fixed4000","10m","1417_c","spectral_rao_q","Raw PCA Rao's Q","fixed_4000",50,224.144829945593,2.82987244650439,0.0126251961608541,0.400204399363243
"sample_size_fixed4000","10m","1514_a","spectral_rao_q","Raw PCA Rao's Q","fixed_4000",50,94.0152258988474,1.18568624575151,0.0126116406615585,0.167681356946103
"sample_size_fixed4000","10m","1516_c","spectral_rao_q","Raw PCA Rao's Q","fixed_4000",50,183.980149641313,2.4082885751763,0.013089937038705,0.34058343651225
"sample_size_fixed4000","10m","1604_c","spectral_rao_q","Raw PCA Rao's Q","fixed_4000",50,136.588223424744,1.58846495127783,0.0116295893705143,0.224642867745142
"sample_size_fixed4000","10m","1606_c","spectral_rao_q","Raw PCA Rao's Q","fixed_4000",50,136.083252220203,1.19015251263969,0.00874576770632909,0.168312982466746
"sample_size_fixed4000","10m","1701_b","spectral_rao_q","Raw PCA Rao's Q","fixed_4000",50,136.056343095254,1.97777442907326,0.0145364367737608,0.279699542091011
"sample_size_fixed4000","10m","1803_c","spectral_rao_q","Raw PCA Rao's Q","fixed_4000",50,113.39726514936,0.764930340144373,0.00674558014372614,0.108177486130284
"sample_size_fixed4000","10m","1816_c","spectral_rao_q","Raw PCA Rao's Q","fixed_4000",50,128.166549315968,0.951885094772122,0.00742693861894843,0.134616881084753
"sample_size_fixed4000","10m","1912_c","spectral_rao_q","Raw PCA Rao's Q","fixed_4000",50,131.027062858588,0.984305880713128,0.00751223342139212,0.13920187260281
"sample_size_fixed4000","10m","1917_c","spectral_rao_q","Raw PCA Rao's Q","fixed_4000",50,127.951736440298,1.24553958904926,0.00973444850145056,0.176145897930607
"sample_size_fixed4000","10m","204_d","spectral_rao_q","Raw PCA Rao's Q","fixed_4000",50,172.357303161382,1.75370424018448,0.0101748182874644,0.248011232086009
"sample_size_fixed4000","10m","217_d","spectral_rao_q","Raw PCA Rao's Q","fixed_4000",50,153.536816790118,1.90406358011663,0.0124013485489897,0.269275253862161
"sample_size_fixed4000","10m","22_c","spectral_rao_q","Raw PCA Rao's Q","fixed_4000",50,205.231775030123,2.50665239118039,0.0122137636377821,0.354494180776225
"sample_size_fixed4000","10m","319_c","spectral_rao_q","Raw PCA Rao's Q","fixed_4000",50,178.792984790441,2.29031014409794,0.0128098434442624,0.323898766782399
"sample_size_fixed4000","10m","409_d","spectral_rao_q","Raw PCA Rao's Q","fixed_4000",50,216.166566283491,2.35727267099588,0.0109048902035315,0.333368698153382
"sample_size_fixed4000","10m","503_c","spectral_rao_q","Raw PCA Rao's Q","fixed_4000",50,156.204375460115,1.61683085398944,0.0103507398510887,0.228654412177513
"sample_size_fixed4000","10m","614_a","spectral_rao_q","Raw PCA Rao's Q","fixed_4000",50,102.735046275775,1.21186795600551,0.0117960520770338,0.171384009918836
"sample_size_fixed4000","10m","700_c","spectral_rao_q","Raw PCA Rao's Q","fixed_4000",50,129.972408969841,1.76395598584044,0.0135717726540696,0.249461047860475
"sample_size_fixed4000","10m","722_a","spectral_rao_q","Raw PCA Rao's Q","fixed_4000",50,179.46243847452,2.10079261126477,0.0117060295687615,0.297096940258383
"sample_size_fixed4000","10m","800_a","spectral_rao_q","Raw PCA Rao's Q","fixed_4000",50,298.364368949067,0,0,0
"sample_size_fixed4000","10m","914_a","spectral_rao_q","Raw PCA Rao's Q","fixed_4000",50,124.102883947279,1.6386545930087,0.0132040009135068,0.231740754947786
"sample_size_fixed4000","20m","100","spectral_rao_q","Raw PCA Rao's Q","fixed_4000",50,192.923793327459,2.73084743403876,0.0141550577403563,0.386200147798938
"sample_size_fixed4000","20m","1201","spectral_rao_q","Raw PCA Rao's Q","fixed_4000",50,164.971219396712,2.59916964140309,0.015755291443611,0.367578095778066
"sample_size_fixed4000","20m","1402","spectral_rao_q","Raw PCA Rao's Q","fixed_4000",50,125.812111773363,2.04406959594983,0.0162470017165915,0.289075094502674
"sample_size_fixed4000","20m","1512","spectral_rao_q","Raw PCA Rao's Q","fixed_4000",50,248.44265107982,4.0630160826232,0.0163539394905178,0.574597244818574
"sample_size_fixed4000","20m","1518","spectral_rao_q","Raw PCA Rao's Q","fixed_4000",50,277.841135867622,7.19443505172154,0.0258940600327423,1.0174467623757
"sample_size_fixed4000","20m","1800","spectral_rao_q","Raw PCA Rao's Q","fixed_4000",50,176.649801066057,2.86075303925007,0.0161944877491275,0.404571574670751
"sample_size_fixed4000","20m","1805","spectral_rao_q","Raw PCA Rao's Q","fixed_4000",50,180.15833891227,3.46725621486832,0.019245604926213,0.490344076328918
"sample_size_fixed4000","20m","1910","spectral_rao_q","Raw PCA Rao's Q","fixed_4000",50,111.859368074024,1.98788003440051,0.0177712432014188,0.281128690501989
"sample_size_fixed4000","20m","206","spectral_rao_q","Raw PCA Rao's Q","fixed_4000",50,179.864136235133,3.20179824739207,0.0178012043668696,0.452802650544427
"sample_size_fixed4000","20m","219","spectral_rao_q","Raw PCA Rao's Q","fixed_4000",50,211.73978504197,3.571615397784,0.0168679466500642,0.505102693512671
"sample_size_fixed4000","20m","302","spectral_rao_q","Raw PCA Rao's Q","fixed_4000",50,130.884196004255,1.7762261993124,0.013570975362485,0.251196318091001
"sample_size_fixed4000","20m","317","spectral_rao_q","Raw PCA Rao's Q","fixed_4000",50,153.001804082767,2.52881084194872,0.0165279805496983,0.357627858936
"sample_size_fixed4000","20m","405","spectral_rao_q","Raw PCA Rao's Q","fixed_4000",50,199.255465182778,5.25197129270515,0.0263579786275247,0.742740903133778
"sample_size_fixed4000","20m","821","spectral_rao_q","Raw PCA Rao's Q","fixed_4000",50,172.617216525364,2.82325639388134,0.0163555898461987,0.399268748228355
"sample_size_fixed4000","20m","905","spectral_rao_q","Raw PCA Rao's Q","fixed_4000",50,483.40397704884,26.4682264514389,0.0547538450408005,3.74317248195871
"sample_size_fixed4000","20m","912","spectral_rao_q","Raw PCA Rao's Q","fixed_4000",50,211.254128480268,2.91583495608336,0.0138024992792305,0.412361334053465
"sample_size_fixed4000","50m","sub50_15","spectral_rao_q","Raw PCA Rao's Q","fixed_4000",50,141.506524408491,2.47876400218794,0.0175169591123052,0.35055016698164
"sample_size_fixed4000","50m","sub50_24","spectral_rao_q","Raw PCA Rao's Q","fixed_4000",50,159.300585016776,2.78032406079852,0.0174533198387546,0.39319719945735
"sample_size_fixed4000","50m","sub50_36","spectral_rao_q","Raw PCA Rao's Q","fixed_4000",50,214.175448037523,3.82929852026448,0.0178792599961953,0.541544590173325
"sample_size_fixed4000","50m","sub50_49","spectral_rao_q","Raw PCA Rao's Q","fixed_4000",50,214.312461929155,8.19463308427643,0.0382368482472349,1.1588961246455
"sample_size_fixed4000","50m","sub50_51","spectral_rao_q","Raw PCA Rao's Q","fixed_4000",50,192.927401274226,3.7311631228776,0.0193397262298379,0.527666149179985
"sample_size_fixed4000","50m","sub50_56","spectral_rao_q","Raw PCA Rao's Q","fixed_4000",50,170.572799024708,2.72370856220855,0.0159680123547367,0.385190558862706
"sample_size_fixed4000","50m","sub50_60","spectral_rao_q","Raw PCA Rao's Q","fixed_4000",50,229.694999241662,4.4664818126237,0.0194452723279557,0.631655915550521
"sample_size_fixed4000","50m","sub50_8","spectral_rao_q","Raw PCA Rao's Q","fixed_4000",50,193.171278215299,3.29391373912793,0.0170517779328286,0.465829748316179
"sample_size_fixed4000","10m","1104_b","alpha_hull_area","Raw PCA alpha hull","fixed_4000",50,425.789023483157,9.87046291858623,0.0231815814269732,1.39589425263654
"sample_size_fixed4000","10m","1110_a","alpha_hull_area","Raw PCA alpha hull","fixed_4000",50,334.151483855179,5.59028370620847,0.0167297886626513,0.790585503483335
"sample_size_fixed4000","10m","1124_a","alpha_hull_area","Raw PCA alpha hull","fixed_4000",50,346.758339260144,6.06525204813187,0.0174912939687994,0.857756170567928
"sample_size_fixed4000","10m","112_b","alpha_hull_area","Raw PCA alpha hull","fixed_4000",50,465.547189228191,12.1883289886834,0.0261806520814569,1.72369001584613
"sample_size_fixed4000","10m","114_b","alpha_hull_area","Raw PCA alpha hull","fixed_4000",50,578.548034862892,13.3720515046823,0.0231131223319276,1.89109365946733
"sample_size_fixed4000","10m","11_c","alpha_hull_area","Raw PCA alpha hull","fixed_4000",50,389.542980861393,7.10263867245275,0.0182332605679269,1.00446479392183
"sample_size_fixed4000","10m","120_d","alpha_hull_area","Raw PCA alpha hull","fixed_4000",50,579.13787208531,9.87429441724985,0.0170499891186452,1.39643610837397
"sample_size_fixed4000","10m","1305_c","alpha_hull_area","Raw PCA alpha hull","fixed_4000",50,379.565374184406,9.05490438860266,0.0238559810890534,1.28055685923535
"sample_size_fixed4000","10m","1315_b","alpha_hull_area","Raw PCA alpha hull","fixed_4000",50,582.011227632079,13.4426745235213,0.0230969333327349,1.90108126257312
"sample_size_fixed4000","10m","1400_b","alpha_hull_area","Raw PCA alpha hull","fixed_4000",50,460.486263240453,10.8546222972326,0.0235720870821387,1.53507540671837
"sample_size_fixed4000","10m","1414_a","alpha_hull_area","Raw PCA alpha hull","fixed_4000",50,621.165525826951,9.59996002514576,0.015454753404683,1.35763936658007
"sample_size_fixed4000","10m","1417_c","alpha_hull_area","Raw PCA alpha hull","fixed_4000",49,690.852011028302,12.5939493235477,0.0182295905961136,1.79913561764967
"sample_size_fixed4000","10m","1514_a","alpha_hull_area","Raw PCA alpha hull","fixed_4000",50,404.87769329074,7.6664525120758,0.0189352306613014,1.08420011178669
"sample_size_fixed4000","10m","1516_c","alpha_hull_area","Raw PCA alpha hull","fixed_4000",50,586.725282123226,9.31754015660085,0.0158805840492893,1.31769916574208
"sample_size_fixed4000","10m","1604_c","alpha_hull_area","Raw PCA alpha hull","fixed_4000",50,453.954684564642,8.0644285587639,0.0177648316736679,1.14048242405928
"sample_size_fixed4000","10m","1606_c","alpha_hull_area","Raw PCA alpha hull","fixed_4000",50,478.427412192871,8.75414980078071,0.018297759655234,1.23802373753098
"sample_size_fixed4000","10m","1701_b","alpha_hull_area","Raw PCA alpha hull","fixed_4000",50,487.989351411467,8.06815934707077,0.0165334741910542,1.14101003720147
"sample_size_fixed4000","10m","1803_c","alpha_hull_area","Raw PCA alpha hull","fixed_4000",50,384.133292345438,6.01897306810239,0.0156689700893973,0.851211334446879
"sample_size_fixed4000","10m","1816_c","alpha_hull_area","Raw PCA alpha hull","fixed_4000",49,453.013526994153,9.82978984689139,0.0216986673932548,1.40425569241306
"sample_size_fixed4000","10m","1912_c","alpha_hull_area","Raw PCA alpha hull","fixed_4000",50,403.557450057814,5.37389952107968,0.0133163184580282,0.759984158554116
"sample_size_fixed4000","10m","1917_c","alpha_hull_area","Raw PCA alpha hull","fixed_4000",50,477.673535580759,6.18134669114102,0.0129405257580906,0.874174432434169
"sample_size_fixed4000","10m","204_d","alpha_hull_area","Raw PCA alpha hull","fixed_4000",50,486.138437866308,7.90630473674652,0.0162634840631977,1.11812033869616
"sample_size_fixed4000","10m","217_d","alpha_hull_area","Raw PCA alpha hull","fixed_4000",50,458.296812922086,8.69856601672375,0.0189802018505474,1.23016300340484
"sample_size_fixed4000","10m","22_c","alpha_hull_area","Raw PCA alpha hull","fixed_4000",50,627.498380339123,13.4791970983944,0.0214808476335982,1.90624633464494
"sample_size_fixed4000","10m","319_c","alpha_hull_area","Raw PCA alpha hull","fixed_4000",50,409.380267521091,8.38692305726742,0.0204868766832669,1.18609003341672
"sample_size_fixed4000","10m","409_d","alpha_hull_area","Raw PCA alpha hull","fixed_4000",50,597.753243766678,7.84884337882955,0.0131305742974658,1.1099940755283
"sample_size_fixed4000","10m","503_c","alpha_hull_area","Raw PCA alpha hull","fixed_4000",50,387.497576763514,5.80832387128273,0.0149893166295269,0.821421039342344
"sample_size_fixed4000","10m","614_a","alpha_hull_area","Raw PCA alpha hull","fixed_4000",50,339.256027047749,5.59793455462274,0.0165006193208613,0.791667496842447
"sample_size_fixed4000","10m","700_c","alpha_hull_area","Raw PCA alpha hull","fixed_4000",50,400.225608087872,5.66959597828649,0.0141660000352644,0.801801952566871
"sample_size_fixed4000","10m","722_a","alpha_hull_area","Raw PCA alpha hull","fixed_4000",50,534.389371673613,7.2192402394355,0.0135093260122785,1.02095474566393
"sample_size_fixed4000","10m","800_a","alpha_hull_area","Raw PCA alpha hull","fixed_4000",50,557.422337760892,0,0,0
"sample_size_fixed4000","10m","914_a","alpha_hull_area","Raw PCA alpha hull","fixed_4000",50,447.817065467622,10.3076296394623,0.0230175007482103,1.45771896320465
"sample_size_fixed4000","20m","100","alpha_hull_area","Raw PCA alpha hull","fixed_4000",50,572.641199788667,11.7795380972471,0.0205705389371116,1.66587825356174
"sample_size_fixed4000","20m","1201","alpha_hull_area","Raw PCA alpha hull","fixed_4000",50,486.358412325868,9.00460809763912,0.0185143463532936,1.27344388955358
"sample_size_fixed4000","20m","1402","alpha_hull_area","Raw PCA alpha hull","fixed_4000",50,433.903958893049,9.07465781139909,0.0209139779101114,1.28335041507755
"sample_size_fixed4000","20m","1512","alpha_hull_area","Raw PCA alpha hull","fixed_4000",50,597.455409206506,11.6866416785087,0.019560692728567,1.65274071603417
"sample_size_fixed4000","20m","1518","alpha_hull_area","Raw PCA alpha hull","fixed_4000",50,663.396981934209,18.9382339733287,0.0285473622718514,2.67827073324764
"sample_size_fixed4000","20m","1800","alpha_hull_area","Raw PCA alpha hull","fixed_4000",50,546.549704469301,12.2029571916518,0.0223272597018433,1.72575875614923
"sample_size_fixed4000","20m","1805","alpha_hull_area","Raw PCA alpha hull","fixed_4000",50,488.655930907058,12.3935902344285,0.025362610889472,1.75271833960235
"sample_size_fixed4000","20m","1910","alpha_hull_area","Raw PCA alpha hull","fixed_4000",50,355.997833827483,8.80300068361059,0.0247276804720013,1.24493229563417
"sample_size_fixed4000","20m","206","alpha_hull_area","Raw PCA alpha hull","fixed_4000",50,533.219007080027,12.1624761173977,0.0228095322107908,1.72003386772628
"sample_size_fixed4000","20m","219","alpha_hull_area","Raw PCA alpha hull","fixed_4000",50,568.617821173497,13.8938224615935,0.0244343774398766,1.96488321583894
"sample_size_fixed4000","20m","302","alpha_hull_area","Raw PCA alpha hull","fixed_4000",50,420.128916314404,11.3205643321604,0.0269454538656145,1.60096956122583
"sample_size_fixed4000","20m","317","alpha_hull_area","Raw PCA alpha hull","fixed_4000",50,493.144982102846,8.46145459513728,0.0171581480137065,1.19663038458473
"sample_size_fixed4000","20m","405","alpha_hull_area","Raw PCA alpha hull","fixed_4000",50,652.146304868913,21.121628284112,0.0323878677628291,2.98704931787943
"sample_size_fixed4000","20m","821","alpha_hull_area","Raw PCA alpha hull","fixed_4000",50,505.281812985796,9.94241999404271,0.0196769797339256,1.40607051983846
"sample_size_fixed4000","20m","905","alpha_hull_area","Raw PCA alpha hull","fixed_4000",50,574.476349329325,12.2867652328272,0.0213877651310997,1.73761100299585
"sample_size_fixed4000","20m","912","alpha_hull_area","Raw PCA alpha hull","fixed_4000",50,608.884046601165,13.3009426732898,0.0218447876037099,1.88103735209135
"sample_size_fixed4000","50m","sub50_15","alpha_hull_area","Raw PCA alpha hull","fixed_4000",50,490.003979667866,10.8550725032465,0.0221530292684649,1.53513907546345
"sample_size_fixed4000","50m","sub50_24","alpha_hull_area","Raw PCA alpha hull","fixed_4000",50,498.962094481668,10.7869194959298,0.0216187153598019,1.52550078473706
"sample_size_fixed4000","50m","sub50_36","alpha_hull_area","Raw PCA alpha hull","fixed_4000",50,616.614944571577,11.2406283810349,0.0182295750046164,1.58966491060555
"sample_size_fixed4000","50m","sub50_49","alpha_hull_area","Raw PCA alpha hull","fixed_4000",50,595.145928929256,14.6778116541363,0.0246625423121747,2.07575603072374
"sample_size_fixed4000","50m","sub50_51","alpha_hull_area","Raw PCA alpha hull","fixed_4000",50,581.9314901458,12.5538709202442,0.0215727643766089,1.77538545156906
"sample_size_fixed4000","50m","sub50_56","alpha_hull_area","Raw PCA alpha hull","fixed_4000",50,534.650906939679,12.4363446401784,0.0232606818369833,1.75876472564863
"sample_size_fixed4000","50m","sub50_60","alpha_hull_area","Raw PCA alpha hull","fixed_4000",50,603.939017983566,15.7477258003769,0.0260750263378503,2.22706474034257
"sample_size_fixed4000","50m","sub50_8","alpha_hull_area","Raw PCA alpha hull","fixed_4000",50,573.149272661505,12.4905237549146,0.0217927935194142,1.76642680953436
"sample_size_fixed4000","10m","1104_b","standardized_PCA_pca_mean_distance","Std PCA mean distance","fixed_4000",50,7.11791538396565,0.0660778065951724,0.0092833088103329,0.00934481302587591
"sample_size_fixed4000","10m","1110_a","standardized_PCA_pca_mean_distance","Std PCA mean distance","fixed_4000",50,5.07262826930433,0.0305037805360766,0.00601340743232894,0.00431388601377719
"sample_size_fixed4000","10m","1124_a","standardized_PCA_pca_mean_distance","Std PCA mean distance","fixed_4000",50,5.27506892729952,0.03796043847815,0.00719619762344663,0.00536841669294292
"sample_size_fixed4000","10m","112_b","standardized_PCA_pca_mean_distance","Std PCA mean distance","fixed_4000",50,10.8969376430556,0.218188717831174,0.0200229390107798,0.0308565443913642
"sample_size_fixed4000","10m","114_b","standardized_PCA_pca_mean_distance","Std PCA mean distance","fixed_4000",50,8.97524054007394,0.162384499294949,0.0180924955236477,0.0229646361222081
"sample_size_fixed4000","10m","11_c","standardized_PCA_pca_mean_distance","Std PCA mean distance","fixed_4000",50,5.40974205789889,0.0370902650513806,0.0068561984387452,0.00524535558676752
"sample_size_fixed4000","10m","120_d","standardized_PCA_pca_mean_distance","Std PCA mean distance","fixed_4000",50,6.43516713968838,0.0473923660868263,0.0073645897702544,0.00670229268729405
"sample_size_fixed4000","10m","1305_c","standardized_PCA_pca_mean_distance","Std PCA mean distance","fixed_4000",50,7.33686630007756,0.0529628731430717,0.00721873221848294,0.00749008135011777
"sample_size_fixed4000","10m","1315_b","standardized_PCA_pca_mean_distance","Std PCA mean distance","fixed_4000",50,8.35635638388475,0.0813937390252987,0.00974033840661304,0.0115108129621834
"sample_size_fixed4000","10m","1400_b","standardized_PCA_pca_mean_distance","Std PCA mean distance","fixed_4000",50,7.08433671839243,0.0425990433758234,0.00601313080802997,0.00602441448862092
"sample_size_fixed4000","10m","1414_a","standardized_PCA_pca_mean_distance","Std PCA mean distance","fixed_4000",50,9.17131846852304,0.0666673475233602,0.00726911269651901,0.00942818670349763
"sample_size_fixed4000","10m","1417_c","standardized_PCA_pca_mean_distance","Std PCA mean distance","fixed_4000",50,9.6254259633231,0.0517305085509592,0.00537436044369092,0.00731579867812238
"sample_size_fixed4000","10m","1514_a","standardized_PCA_pca_mean_distance","Std PCA mean distance","fixed_4000",50,7.01950069961789,0.0507025168000802,0.007223094486313,0.00717041869051232
"sample_size_fixed4000","10m","1516_c","standardized_PCA_pca_mean_distance","Std PCA mean distance","fixed_4000",50,7.65110010403149,0.0520762952953247,0.00680638007440066,0.00736470030847944
"sample_size_fixed4000","10m","1604_c","standardized_PCA_pca_mean_distance","Std PCA mean distance","fixed_4000",50,6.71646636230148,0.046509125564873,0.00692464207457686,0.00657738361479567
"sample_size_fixed4000","10m","1606_c","standardized_PCA_pca_mean_distance","Std PCA mean distance","fixed_4000",50,8.31978641627876,0.0509748001618551,0.00612693615092284,0.00720892537281537
"sample_size_fixed4000","10m","1701_b","standardized_PCA_pca_mean_distance","Std PCA mean distance","fixed_4000",50,6.42336498789786,0.0539650605473676,0.00840136916538951,0.00763181205203726
"sample_size_fixed4000","10m","1803_c","standardized_PCA_pca_mean_distance","Std PCA mean distance","fixed_4000",50,6.66955179639316,0.0259686318747583,0.00389360974583058,0.00367251913935574
"sample_size_fixed4000","10m","1816_c","standardized_PCA_pca_mean_distance","Std PCA mean distance","fixed_4000",50,7.09529349857778,0.0285631475060045,0.00402564707319434,0.00403943905870548
"sample_size_fixed4000","10m","1912_c","standardized_PCA_pca_mean_distance","Std PCA mean distance","fixed_4000",50,6.27189788202035,0.0301378731249443,0.00480522382409007,0.00426213889143758
"sample_size_fixed4000","10m","1917_c","standardized_PCA_pca_mean_distance","Std PCA mean distance","fixed_4000",50,8.22007916254845,0.042668191511579,0.00519072756695334,0.00603419351176076
"sample_size_fixed4000","10m","204_d","standardized_PCA_pca_mean_distance","Std PCA mean distance","fixed_4000",50,6.71125891434786,0.0407483673494057,0.0060716428719939,0.00576268937500906
"sample_size_fixed4000","10m","217_d","standardized_PCA_pca_mean_distance","Std PCA mean distance","fixed_4000",50,5.75765862151069,0.0336226341100478,0.00583963661625113,0.00475495851611379
"sample_size_fixed4000","10m","22_c","standardized_PCA_pca_mean_distance","Std PCA mean distance","fixed_4000",50,7.72751031907313,0.0802809111032691,0.010388974946448,0.0113534353281912
"sample_size_fixed4000","10m","319_c","standardized_PCA_pca_mean_distance","Std PCA mean distance","fixed_4000",50,5.5550026636677,0.0326977455133035,0.0058861799882045,0.00462415951639379
"sample_size_fixed4000","10m","409_d","standardized_PCA_pca_mean_distance","Std PCA mean distance","fixed_4000",50,7.50453680692107,0.0413722591683767,0.00551296638724206,0.0058509210021933
"sample_size_fixed4000","10m","503_c","standardized_PCA_pca_mean_distance","Std PCA mean distance","fixed_4000",50,5.73392118250114,0.0328260147334522,0.00572488070356305,0.00464229952347072
"sample_size_fixed4000","10m","614_a","standardized_PCA_pca_mean_distance","Std PCA mean distance","fixed_4000",50,5.68062998899301,0.0361737289484884,0.00636790796418353,0.00511573780805605
"sample_size_fixed4000","10m","700_c","standardized_PCA_pca_mean_distance","Std PCA mean distance","fixed_4000",50,5.60097891482023,0.0349877026601194,0.00624671208233648,0.00494800836182181
"sample_size_fixed4000","10m","722_a","standardized_PCA_pca_mean_distance","Std PCA mean distance","fixed_4000",50,6.98005331291092,0.0517974531961275,0.00742078188719826,0.00732526608063491
"sample_size_fixed4000","10m","800_a","standardized_PCA_pca_mean_distance","Std PCA mean distance","fixed_4000",50,11.5728335173035,0,0,0
"sample_size_fixed4000","10m","914_a","standardized_PCA_pca_mean_distance","Std PCA mean distance","fixed_4000",50,8.05868934240894,0.0580910754912712,0.00720850165864643,0.0082153186812595
"sample_size_fixed4000","20m","100","standardized_PCA_pca_mean_distance","Std PCA mean distance","fixed_4000",50,6.64868817826991,0.0509744467787873,0.0076668427533402,0.00720887539690265
"sample_size_fixed4000","20m","1201","standardized_PCA_pca_mean_distance","Std PCA mean distance","fixed_4000",50,6.3528220314965,0.048737689675941,0.0076718172544903,0.00689255017384469
"sample_size_fixed4000","20m","1402","standardized_PCA_pca_mean_distance","Std PCA mean distance","fixed_4000",50,6.99238797285237,0.0575437322447123,0.00822948218378661,0.00813791265700381
"sample_size_fixed4000","20m","1512","standardized_PCA_pca_mean_distance","Std PCA mean distance","fixed_4000",50,6.91042989878489,0.059770787137358,0.00864935872482665,0.0084528657803367
"sample_size_fixed4000","20m","1518","standardized_PCA_pca_mean_distance","Std PCA mean distance","fixed_4000",50,9.61769176350972,0.116378120477219,0.0121004211133867,0.0164583516342373
"sample_size_fixed4000","20m","1800","standardized_PCA_pca_mean_distance","Std PCA mean distance","fixed_4000",50,7.34298973246457,0.0615918459198124,0.00838784312165175,0.00871040238313926
"sample_size_fixed4000","20m","1805","standardized_PCA_pca_mean_distance","Std PCA mean distance","fixed_4000",50,7.57529971246159,0.0990941741204494,0.0130812215861818,0.0140140324993301
"sample_size_fixed4000","20m","1910","standardized_PCA_pca_mean_distance","Std PCA mean distance","fixed_4000",50,5.64011217772843,0.0530982816772705,0.00941440170054489,0.00750923100867028
"sample_size_fixed4000","20m","206","standardized_PCA_pca_mean_distance","Std PCA mean distance","fixed_4000",50,8.42020427433257,0.0812334002146272,0.00964743818178522,0.0114881376301207
"sample_size_fixed4000","20m","219","standardized_PCA_pca_mean_distance","Std PCA mean distance","fixed_4000",50,7.22934561818551,0.0766602936686421,0.0106040432588812,0.0108414027001698
"sample_size_fixed4000","20m","302","standardized_PCA_pca_mean_distance","Std PCA mean distance","fixed_4000",50,5.79700002215443,0.0480589482521765,0.00829031362230625,0.00679656164116148
"sample_size_fixed4000","20m","317","standardized_PCA_pca_mean_distance","Std PCA mean distance","fixed_4000",50,6.84395702179012,0.0742520724677462,0.0108492897064285,0.0105008287918197
"sample_size_fixed4000","20m","405","standardized_PCA_pca_mean_distance","Std PCA mean distance","fixed_4000",50,7.42665254318489,0.0988868529069848,0.0133151311889135,0.0139847128521451
"sample_size_fixed4000","20m","821","standardized_PCA_pca_mean_distance","Std PCA mean distance","fixed_4000",50,6.37107329018966,0.0599739044877618,0.00941346956094685,0.00848159091150614
"sample_size_fixed4000","20m","905","standardized_PCA_pca_mean_distance","Std PCA mean distance","fixed_4000",50,10.5153105248014,0.21039144927397,0.0200081061588948,0.029753844097058
"sample_size_fixed4000","20m","912","standardized_PCA_pca_mean_distance","Std PCA mean distance","fixed_4000",50,8.23718635066947,0.0777521703923523,0.00943916612813223,0.0109958173872808
"sample_size_fixed4000","50m","sub50_15","standardized_PCA_pca_mean_distance","Std PCA mean distance","fixed_4000",50,6.78953952432867,0.06999863502693,0.0103097764989963,0.00989930190026888
"sample_size_fixed4000","50m","sub50_24","standardized_PCA_pca_mean_distance","Std PCA mean distance","fixed_4000",50,7.06071973994053,0.0852354153220475,0.0120717743319983,0.0120541080342943
"sample_size_fixed4000","50m","sub50_36","standardized_PCA_pca_mean_distance","Std PCA mean distance","fixed_4000",50,8.26957682422206,0.113913565229637,0.0137750174707825,0.0161098108886025
"sample_size_fixed4000","50m","sub50_49","standardized_PCA_pca_mean_distance","Std PCA mean distance","fixed_4000",50,7.42392356511534,0.103779339604537,0.01397904203812,0.0146766149562859
"sample_size_fixed4000","50m","sub50_51","standardized_PCA_pca_mean_distance","Std PCA mean distance","fixed_4000",50,6.77805591097701,0.0803710009717915,0.0118575299506797,0.0113661759595809
"sample_size_fixed4000","50m","sub50_56","standardized_PCA_pca_mean_distance","Std PCA mean distance","fixed_4000",50,6.99445266636475,0.0552530683329957,0.00789955568627968,0.00781396385992499
"sample_size_fixed4000","50m","sub50_60","standardized_PCA_pca_mean_distance","Std PCA mean distance","fixed_4000",50,7.63566450242668,0.108721961261235,0.0142387032885851,0.0153756072143441
"sample_size_fixed4000","50m","sub50_8","standardized_PCA_pca_mean_distance","Std PCA mean distance","fixed_4000",50,7.02743751443629,0.0717997402588673,0.0102170585097869,0.0101540166448956
"sample_size_fixed4000","10m","1104_b","standardized_PCA_spectral_rao_q","Std PCA Rao's Q","fixed_4000",50,147.837081918909,4.1385989932467,0.0279943228013442,0.585286282547312
"sample_size_fixed4000","10m","1110_a","standardized_PCA_spectral_rao_q","Std PCA Rao's Q","fixed_4000",50,68.7838695842264,1.41847662823555,0.020622227810237,0.200602888555997
"sample_size_fixed4000","10m","1124_a","standardized_PCA_spectral_rao_q","Std PCA Rao's Q","fixed_4000",50,73.4721041728119,1.0294609158711,0.0140115888535019,0.145587758915794
"sample_size_fixed4000","10m","112_b","standardized_PCA_spectral_rao_q","Std PCA Rao's Q","fixed_4000",50,526.81959783498,20.330270539948,0.0385905737438344,2.87513443243086
"sample_size_fixed4000","10m","114_b","standardized_PCA_spectral_rao_q","Std PCA Rao's Q","fixed_4000",50,339.540601443729,15.9076165664253,0.0468504105217048,2.24967670932695
"sample_size_fixed4000","10m","11_c","standardized_PCA_spectral_rao_q","Std PCA Rao's Q","fixed_4000",50,82.8623934601466,1.72581917304939,0.0208275322614165,0.244067688072997
"sample_size_fixed4000","10m","120_d","standardized_PCA_spectral_rao_q","Std PCA Rao's Q","fixed_4000",50,111.092059403928,2.05080070110786,0.0184603716243229,0.290027016523099
"sample_size_fixed4000","10m","1305_c","standardized_PCA_spectral_rao_q","Std PCA Rao's Q","fixed_4000",50,140.226141592689,2.53767643812988,0.0180970281953632,0.358881643571793
"sample_size_fixed4000","10m","1315_b","standardized_PCA_spectral_rao_q","Std PCA Rao's Q","fixed_4000",50,183.526942359352,3.9966906853814,0.021777133286271,0.56521741718766
"sample_size_fixed4000","10m","1400_b","standardized_PCA_spectral_rao_q","Std PCA Rao's Q","fixed_4000",50,135.228687684026,2.06170697124386,0.0152460768979821,0.291569396037223
"sample_size_fixed4000","10m","1414_a","standardized_PCA_spectral_rao_q","Std PCA Rao's Q","fixed_4000",50,238.829172555109,4.46062509075059,0.0186770529036662,0.63082765000012
"sample_size_fixed4000","10m","1417_c","standardized_PCA_spectral_rao_q","Std PCA Rao's Q","fixed_4000",50,241.702944326171,3.18138522833784,0.0131623768059882,0.44991581370488
"sample_size_fixed4000","10m","1514_a","standardized_PCA_spectral_rao_q","Std PCA Rao's Q","fixed_4000",50,132.445962970046,1.97880916993298,0.0149405019644163,0.279845876546746
"sample_size_fixed4000","10m","1516_c","standardized_PCA_spectral_rao_q","Std PCA Rao's Q","fixed_4000",50,151.022803794777,2.34404369073835,0.0155211241735628,0.331497837823726
"sample_size_fixed4000","10m","1604_c","standardized_PCA_spectral_rao_q","Std PCA Rao's Q","fixed_4000",50,127.549087635683,2.43078967841776,0.0190576798586031,0.343765573049492
"sample_size_fixed4000","10m","1606_c","standardized_PCA_spectral_rao_q","Std PCA Rao's Q","fixed_4000",50,176.176856385627,2.18598688577624,0.012407911746316,0.309145230103448
"sample_size_fixed4000","10m","1701_b","standardized_PCA_spectral_rao_q","Std PCA Rao's Q","fixed_4000",50,114.67091050993,2.59622569035462,0.0226406651766299,0.367161758228095
"sample_size_fixed4000","10m","1803_c","standardized_PCA_spectral_rao_q","Std PCA Rao's Q","fixed_4000",50,110.178573760022,0.946277900636698,0.00858858368141314,0.133823904085436
"sample_size_fixed4000","10m","1816_c","standardized_PCA_spectral_rao_q","Std PCA Rao's Q","fixed_4000",50,128.860489203851,1.10826202811514,0.0086004797511045,0.156731919082355
"sample_size_fixed4000","10m","1912_c","standardized_PCA_spectral_rao_q","Std PCA Rao's Q","fixed_4000",50,101.782320186896,1.05160928646342,0.0103319445315494,0.148720011523406
"sample_size_fixed4000","10m","1917_c","standardized_PCA_spectral_rao_q","Std PCA Rao's Q","fixed_4000",50,173.699291969624,1.83110515900653,0.0105418113006859,0.258957374999838
"sample_size_fixed4000","10m","204_d","standardized_PCA_spectral_rao_q","Std PCA Rao's Q","fixed_4000",50,116.642437847097,1.45606913468952,0.0124831850359492,0.205919271803078
"sample_size_fixed4000","10m","217_d","standardized_PCA_spectral_rao_q","Std PCA Rao's Q","fixed_4000",50,87.937596975875,1.14863343188936,0.0130619151692817,0.162441297757309
"sample_size_fixed4000","10m","22_c","standardized_PCA_spectral_rao_q","Std PCA Rao's Q","fixed_4000",50,193.596351343793,5.39708642980359,0.027878037950309,0.763263282632803
"sample_size_fixed4000","10m","319_c","standardized_PCA_spectral_rao_q","Std PCA Rao's Q","fixed_4000",50,86.3633845342208,1.12736218004421,0.0130537054114351,0.159433088472502
"sample_size_fixed4000","10m","409_d","standardized_PCA_spectral_rao_q","Std PCA Rao's Q","fixed_4000",50,149.557941396596,1.83526783520074,0.0122712830763964,0.2595460663128
"sample_size_fixed4000","10m","503_c","standardized_PCA_spectral_rao_q","Std PCA Rao's Q","fixed_4000",50,83.2434145845902,0.943746307748787,0.0113371888029626,0.133465882785787
"sample_size_fixed4000","10m","614_a","standardized_PCA_spectral_rao_q","Std PCA Rao's Q","fixed_4000",50,83.7644984318315,1.28669127625627,0.0153608187280366,0.181965625346876
"sample_size_fixed4000","10m","700_c","standardized_PCA_spectral_rao_q","Std PCA Rao's Q","fixed_4000",50,80.8277481473116,1.08354278436814,0.0134055792621284,0.153236090106493
"sample_size_fixed4000","10m","722_a","standardized_PCA_spectral_rao_q","Std PCA Rao's Q","fixed_4000",50,123.041348735886,1.89747161251511,0.0154214142807237,0.268343008863681
"sample_size_fixed4000","10m","800_a","standardized_PCA_spectral_rao_q","Std PCA Rao's Q","fixed_4000",50,562.332217030577,0,0,0
"sample_size_fixed4000","10m","914_a","standardized_PCA_spectral_rao_q","Std PCA Rao's Q","fixed_4000",50,178.527748757551,3.49669878513701,0.0195863041430365,0.494507884547428
"sample_size_fixed4000","20m","100","standardized_PCA_spectral_rao_q","Std PCA Rao's Q","fixed_4000",50,122.125365044198,2.9946049237088,0.024520744913434,0.423501089705824
"sample_size_fixed4000","20m","1201","standardized_PCA_spectral_rao_q","Std PCA Rao's Q","fixed_4000",50,104.729914644099,2.0087149379381,0.0191799539297274,0.284075190817349
"sample_size_fixed4000","20m","1402","standardized_PCA_spectral_rao_q","Std PCA Rao's Q","fixed_4000",50,129.685055214766,2.66000255557916,0.020511249744036,0.376181169004715
"sample_size_fixed4000","20m","1512","standardized_PCA_spectral_rao_q","Std PCA Rao's Q","fixed_4000",50,124.300607991689,2.21480535326372,0.0178181377311671,0.313220776860209
"sample_size_fixed4000","20m","1518","standardized_PCA_spectral_rao_q","Std PCA Rao's Q","fixed_4000",50,292.032009873948,10.1880495681266,0.0348867563268976,1.4408077873374
"sample_size_fixed4000","20m","1800","standardized_PCA_spectral_rao_q","Std PCA Rao's Q","fixed_4000",50,140.940819046973,2.77488708124769,0.0196883138611736,0.392428294435438
"sample_size_fixed4000","20m","1805","standardized_PCA_spectral_rao_q","Std PCA Rao's Q","fixed_4000",50,175.052171474197,7.72906489087011,0.0441529221019083,1.09305483931302
"sample_size_fixed4000","20m","1910","standardized_PCA_spectral_rao_q","Std PCA Rao's Q","fixed_4000",50,91.0558107368333,3.14673678441871,0.0345583303136284,0.445015783774325
"sample_size_fixed4000","20m","206","standardized_PCA_spectral_rao_q","Std PCA Rao's Q","fixed_4000",50,188.063074201789,5.20935044277665,0.027700017480237,0.736713404732903
"sample_size_fixed4000","20m","219","standardized_PCA_spectral_rao_q","Std PCA Rao's Q","fixed_4000",50,162.987545396387,6.71828470403844,0.0412196201108466,0.950108934433487
"sample_size_fixed4000","20m","302","standardized_PCA_spectral_rao_q","Std PCA Rao's Q","fixed_4000",50,91.4360984287363,1.85392311176267,0.0202756148131976,0.262184320825171
"sample_size_fixed4000","20m","317","standardized_PCA_spectral_rao_q","Std PCA Rao's Q","fixed_4000",50,127.923307364584,4.40108996532789,0.0344041289738133,0.622408111819084
"sample_size_fixed4000","20m","405","standardized_PCA_spectral_rao_q","Std PCA Rao's Q","fixed_4000",50,157.900590576209,5.04420064159693,0.0319454197301587,0.713357695867745
"sample_size_fixed4000","20m","821","standardized_PCA_spectral_rao_q","Std PCA Rao's Q","fixed_4000",50,109.559654666432,3.38772385200386,0.0309212717246891,0.479096501707868
"sample_size_fixed4000","20m","905","standardized_PCA_spectral_rao_q","Std PCA Rao's Q","fixed_4000",50,547.81236294996,34.4101390154253,0.0628137321146374,4.8663285278758
"sample_size_fixed4000","20m","912","standardized_PCA_spectral_rao_q","Std PCA Rao's Q","fixed_4000",50,184.838150395114,3.900068035077,0.0210999083616673,0.551552910938368
"sample_size_fixed4000","50m","sub50_15","standardized_PCA_spectral_rao_q","Std PCA Rao's Q","fixed_4000",50,125.194147189177,3.2398293982811,0.025878441373026,0.45818106748242
"sample_size_fixed4000","50m","sub50_24","standardized_PCA_spectral_rao_q","Std PCA Rao's Q","fixed_4000",50,139.731019110527,5.8583793858761,0.0419261193625314,0.828499958103295
"sample_size_fixed4000","50m","sub50_36","standardized_PCA_spectral_rao_q","Std PCA Rao's Q","fixed_4000",50,207.971095729078,12.5982447137061,0.0605769021389283,1.78166085362183
"sample_size_fixed4000","50m","sub50_49","standardized_PCA_spectral_rao_q","Std PCA Rao's Q","fixed_4000",50,193.082782307331,12.0950822064668,0.0626419510944018,1.71050292944029
"sample_size_fixed4000","50m","sub50_51","standardized_PCA_spectral_rao_q","Std PCA Rao's Q","fixed_4000",50,137.597344628956,6.88802169971186,0.0500592632676599,0.974113370565269
"sample_size_fixed4000","50m","sub50_56","standardized_PCA_spectral_rao_q","Std PCA Rao's Q","fixed_4000",50,130.394943199553,3.04415256899162,0.0233456336135131,0.430508184900085
"sample_size_fixed4000","50m","sub50_60","standardized_PCA_spectral_rao_q","Std PCA Rao's Q","fixed_4000",50,182.676653572308,12.1135767006023,0.066311575473477,1.71311844588385
"sample_size_fixed4000","50m","sub50_8","standardized_PCA_spectral_rao_q","Std PCA Rao's Q","fixed_4000",50,142.160586873206,8.02379050750067,0.0564417373618267,1.13473533573479
"sample_size_fixed4000","10m","1104_b","standardized_PCA_alpha_hull_area","Std PCA alpha hull","fixed_4000",50,502.296246144843,14.8601379632079,0.0295844097527314,2.10154086463039
"sample_size_fixed4000","10m","1110_a","standardized_PCA_alpha_hull_area","Std PCA alpha hull","fixed_4000",50,306.335777590191,7.23742155672153,0.0236257795731702,1.0235259722127
"sample_size_fixed4000","10m","1124_a","standardized_PCA_alpha_hull_area","Std PCA alpha hull","fixed_4000",50,311.810578833573,6.38101048930704,0.020464381013554,0.9024111575623
"sample_size_fixed4000","10m","112_b","standardized_PCA_alpha_hull_area","Std PCA alpha hull","fixed_4000",50,414.969032765117,12.3680618688275,0.0298047827482784,1.74910808351654
"sample_size_fixed4000","10m","114_b","standardized_PCA_alpha_hull_area","Std PCA alpha hull","fixed_4000",50,481.098373183789,12.6908668615049,0.0263789436192019,1.79475960338115
"sample_size_fixed4000","10m","11_c","standardized_PCA_alpha_hull_area","Std PCA alpha hull","fixed_4000",50,336.819982528519,10.2542921203757,0.0304444292271389,1.45017589891709
"sample_size_fixed4000","10m","120_d","standardized_PCA_alpha_hull_area","Std PCA alpha hull","fixed_4000",50,429.537577830373,12.0619449053478,0.0280812332328956,1.70581660737399
"sample_size_fixed4000","10m","1305_c","standardized_PCA_alpha_hull_area","Std PCA alpha hull","fixed_4000",50,514.431972010251,10.3549421815273,0.0201288853433102,1.46440996707052
"sample_size_fixed4000","10m","1315_b","standardized_PCA_alpha_hull_area","Std PCA alpha hull","fixed_4000",50,592.473816564701,15.9416426067677,0.0269069149742363,2.25448871809957
"sample_size_fixed4000","10m","1400_b","standardized_PCA_alpha_hull_area","Std PCA alpha hull","fixed_4000",50,491.830430705219,10.9213142466825,0.0222054463588656,1.54450707265969
"sample_size_fixed4000","10m","1414_a","standardized_PCA_alpha_hull_area","Std PCA alpha hull","fixed_4000",50,612.656657776458,14.1927179211512,0.0231658592802393,2.00715341710276
"sample_size_fixed4000","10m","1417_c","standardized_PCA_alpha_hull_area","Std PCA alpha hull","fixed_4000",50,720.861018098362,16.5511091615049,0.0229601944701725,2.34068030485178
"sample_size_fixed4000","10m","1514_a","standardized_PCA_alpha_hull_area","Std PCA alpha hull","fixed_4000",49,499.293466328649,11.4824035535765,0.0229973038461882,1.64034336479664
"sample_size_fixed4000","10m","1516_c","standardized_PCA_alpha_hull_area","Std PCA alpha hull","fixed_4000",50,542.63340048858,11.4317673286281,0.021067201757826,1.61669603980396
"sample_size_fixed4000","10m","1604_c","standardized_PCA_alpha_hull_area","Std PCA alpha hull","fixed_4000",50,464.07078733689,14.0335628900954,0.0302401342058789,1.98464549675888
"sample_size_fixed4000","10m","1606_c","standardized_PCA_alpha_hull_area","Std PCA alpha hull","fixed_4000",50,583.495491383265,9.60981706496038,0.0164693938631451,1.35903336251914
"sample_size_fixed4000","10m","1701_b","standardized_PCA_alpha_hull_area","Std PCA alpha hull","fixed_4000",50,449.02296519022,9.7034811264671,0.021610211233531,1.37227946112811
"sample_size_fixed4000","10m","1803_c","standardized_PCA_alpha_hull_area","Std PCA alpha hull","fixed_4000",50,450.374916660738,8.68468689699727,0.0192832384214224,1.22820019946974
"sample_size_fixed4000","10m","1816_c","standardized_PCA_alpha_hull_area","Std PCA alpha hull","fixed_4000",50,486.957383873406,7.70410454499769,0.0158209009661521,1.08952491334759
"sample_size_fixed4000","10m","1912_c","standardized_PCA_alpha_hull_area","Std PCA alpha hull","fixed_4000",50,427.276996209952,7.27823420040333,0.0170339949610276,1.02929775163381
"sample_size_fixed4000","10m","1917_c","standardized_PCA_alpha_hull_area","Std PCA alpha hull","fixed_4000",50,599.081866430145,9.7441402762834,0.0162651230529602,1.37802953323859
"sample_size_fixed4000","10m","204_d","standardized_PCA_alpha_hull_area","Std PCA alpha hull","fixed_4000",50,455.550459739567,9.88894172946051,0.0217076758853759,1.39850755113203
"sample_size_fixed4000","10m","217_d","standardized_PCA_alpha_hull_area","Std PCA alpha hull","fixed_4000",50,369.154349653951,10.0176354578444,0.0271367125085618,1.41670759273931
"sample_size_fixed4000","10m","22_c","standardized_PCA_alpha_hull_area","Std PCA alpha hull","fixed_4000",50,510.637352518853,13.5899630150925,0.0266137268416743,1.92191100080925
"sample_size_fixed4000","10m","319_c","standardized_PCA_alpha_hull_area","Std PCA alpha hull","fixed_4000",50,354.459585074008,11.045735447115,0.0311621857956211,1.56210288756952
"sample_size_fixed4000","10m","409_d","standardized_PCA_alpha_hull_area","Std PCA alpha hull","fixed_4000",50,541.947722989439,10.9959138315089,0.0202896208712794,1.55505704712058
"sample_size_fixed4000","10m","503_c","standardized_PCA_alpha_hull_area","Std PCA alpha hull","fixed_4000",50,358.149816677166,6.877425016278,0.0192026484337901,0.972614773222435
"sample_size_fixed4000","10m","614_a","standardized_PCA_alpha_hull_area","Std PCA alpha hull","fixed_4000",50,373.631091138994,8.36436608548958,0.0223866971562545,1.18289999587529
"sample_size_fixed4000","10m","700_c","standardized_PCA_alpha_hull_area","Std PCA alpha hull","fixed_4000",50,348.168266491744,5.99981954684071,0.0172325284187925,0.848502617493333
"sample_size_fixed4000","10m","722_a","standardized_PCA_alpha_hull_area","Std PCA alpha hull","fixed_4000",50,488.603298791422,10.0074129615961,0.0204816729366131,1.41526191345575
"sample_size_fixed4000","10m","800_a","standardized_PCA_alpha_hull_area","Std PCA alpha hull","fixed_4000",50,628.063050156333,0,0,0
"sample_size_fixed4000","10m","914_a","standardized_PCA_alpha_hull_area","Std PCA alpha hull","fixed_4000",50,549.018441891464,13.4468718504461,0.0244925685995525,1.90167485423939
"sample_size_fixed4000","20m","100","standardized_PCA_alpha_hull_area","Std PCA alpha hull","fixed_4000",50,452.902072667046,14.0501912790485,0.0310225810986243,1.98699710607665
"sample_size_fixed4000","20m","1201","standardized_PCA_alpha_hull_area","Std PCA alpha hull","fixed_4000",50,408.378566220659,9.79773201421107,0.0239917880727292,1.38560854949944
"sample_size_fixed4000","20m","1402","standardized_PCA_alpha_hull_area","Std PCA alpha hull","fixed_4000",50,487.526453544978,12.5535471900297,0.0257494687698449,1.77533966920306
"sample_size_fixed4000","20m","1512","standardized_PCA_alpha_hull_area","Std PCA alpha hull","fixed_4000",50,471.689481665045,13.4970159477187,0.0286141974166453,1.90876630048297
"sample_size_fixed4000","20m","1518","standardized_PCA_alpha_hull_area","Std PCA alpha hull","fixed_4000",50,626.772213687878,15.3352553538164,0.0244670312737462,2.16873261038218
"sample_size_fixed4000","20m","1800","standardized_PCA_alpha_hull_area","Std PCA alpha hull","fixed_4000",50,530.289471865474,12.964097262214,0.0244472084588223,1.8334002172147
"sample_size_fixed4000","20m","1805","standardized_PCA_alpha_hull_area","Std PCA alpha hull","fixed_4000",50,472.949995035257,15.2554059665367,0.0322558539521699,2.15744020173837
"sample_size_fixed4000","20m","1910","standardized_PCA_alpha_hull_area","Std PCA alpha hull","fixed_4000",50,356.147820454024,11.2290547146713,0.0315291967822696,1.58802814701177
"sample_size_fixed4000","20m","206","standardized_PCA_alpha_hull_area","Std PCA alpha hull","fixed_4000",50,597.881732911307,12.6417479907783,0.0211442285236262,1.78781314606616
"sample_size_fixed4000","20m","219","standardized_PCA_alpha_hull_area","Std PCA alpha hull","fixed_4000",50,469.032605716201,12.0385477240242,0.0256667608548059,1.70250774625907
"sample_size_fixed4000","20m","302","standardized_PCA_alpha_hull_area","Std PCA alpha hull","fixed_4000",50,401.123102203348,9.73033719404233,0.0242577332010899,1.3760774826278
"sample_size_fixed4000","20m","317","standardized_PCA_alpha_hull_area","Std PCA alpha hull","fixed_4000",50,453.696420292149,11.1276407546815,0.0245266223337536,1.57368604724861
"sample_size_fixed4000","20m","405","standardized_PCA_alpha_hull_area","Std PCA alpha hull","fixed_4000",50,528.870689686175,16.531580869627,0.0312582663248679,2.33791858732941
"sample_size_fixed4000","20m","821","standardized_PCA_alpha_hull_area","Std PCA alpha hull","fixed_4000",50,406.080754574248,13.8157536285147,0.034022182713386,1.95384261558508
"sample_size_fixed4000","20m","905","standardized_PCA_alpha_hull_area","Std PCA alpha hull","fixed_4000",50,553.479760779174,15.4519899944751,0.0279178952681525,2.18524138158401
"sample_size_fixed4000","20m","912","standardized_PCA_alpha_hull_area","Std PCA alpha hull","fixed_4000",49,593.519097918426,13.5405906169451,0.0228140773640381,1.93437008813501
"sample_size_fixed4000","50m","sub50_15","standardized_PCA_alpha_hull_area","Std PCA alpha hull","fixed_4000",50,465.70832064288,13.8633994825862,0.0297684169856547,1.96058075688696
"sample_size_fixed4000","50m","sub50_24","standardized_PCA_alpha_hull_area","Std PCA alpha hull","fixed_4000",50,474.633941057099,12.9276224216695,0.0272370374374771,1.82824189579636
"sample_size_fixed4000","50m","sub50_36","standardized_PCA_alpha_hull_area","Std PCA alpha hull","fixed_4000",50,552.771587223755,12.2850651900717,0.0222244874266644,1.7373705806437
"sample_size_fixed4000","50m","sub50_49","standardized_PCA_alpha_hull_area","Std PCA alpha hull","fixed_4000",50,473.717903178035,13.3807371957251,0.0282462138457457,1.89232200167445
"sample_size_fixed4000","50m","sub50_51","standardized_PCA_alpha_hull_area","Std PCA alpha hull","fixed_4000",50,457.46040850179,15.2703719493679,0.0333807509143344,2.15955671132778
"sample_size_fixed4000","50m","sub50_56","standardized_PCA_alpha_hull_area","Std PCA alpha hull","fixed_4000",50,479.14510962406,12.5229240034672,0.0261359737414261,1.77100889662709
"sample_size_fixed4000","50m","sub50_60","standardized_PCA_alpha_hull_area","Std PCA alpha hull","fixed_4000",50,515.902895843359,15.4059759030095,0.0298621620989838,2.17873400636292
"sample_size_fixed4000","50m","sub50_8","standardized_PCA_alpha_hull_area","Std PCA alpha hull","fixed_4000",50,478.735718197142,13.0166258600942,0.0271895857470446,1.84082888276815
