"pca_basis","pca_label","wavelength_nm","spectral_zone","pc1_loading","pc1_uniform_loading","pc1_departure_from_uniform","pc1_departure_z","pc2_loading","pc2_loading_z","pc1_nonuniform_flag","pc2_nonuniform_flag","pc2_strong_not_brightness_flag","pc2_to_pc1_departure_ratio"
"regular_PCA","Regular PCA",398,"violet-blue",0.0453339097858536,0.0909090909090909,-0.0455751811232373,-4.9442391520912,0.0240384103813228,0.271780692209389,TRUE,FALSE,FALSE,0.0538794224490162
"regular_PCA","Regular PCA",403,"violet-blue",0.0726163388127431,0.0909090909090909,-0.0182927520963478,-1.95462309666628,0.0406417597372341,0.453667809154523,TRUE,FALSE,FALSE,0.220803421265253
"regular_PCA","Regular PCA",408,"violet-blue",0.0780839372402977,0.0909090909090909,-0.0128251536687932,-1.35548216139535,0.0480408204497552,0.534723371634954,FALSE,FALSE,FALSE,0.367385726749356
"regular_PCA","Regular PCA",413,"violet-blue",0.0829693671030283,0.0909090909090909,-0.00793972380606257,-0.820135417127216,0.0573808437697291,0.637041878428616,FALSE,FALSE,FALSE,0.692334917851054
"regular_PCA","Regular PCA",418,"violet-blue",0.0857643521022748,0.0909090909090909,-0.00514473880681612,-0.513860194338827,0.0657781357947831,0.729032910107996,FALSE,FALSE,FALSE,1.18762043349825
"regular_PCA","Regular PCA",423,"violet-blue",0.0872223917926554,0.0909090909090909,-0.0036866991164355,-0.354087805175367,0.0728041274472277,0.806001558899858,FALSE,FALSE,FALSE,1.77499054084613
"regular_PCA","Regular PCA",428,"violet-blue",0.0882729046441791,0.0909090909090909,-0.00263618626491184,-0.238972318784842,0.078814516465915,0.871844438363122,FALSE,FALSE,FALSE,2.57202252233615
"regular_PCA","Regular PCA",433,"violet-blue",0.0890473061937121,0.0909090909090909,-0.00186178471537878,-0.154113184594548,0.0840167349382502,0.928833934841728,FALSE,FALSE,FALSE,3.65519772743683
"regular_PCA","Regular PCA",438,"violet-blue",0.0897206329995247,0.0909090909090909,-0.00118845790956623,-0.0803298485425727,0.0882348401360021,0.975042623037355,FALSE,FALSE,FALSE,5.40699518641898
"regular_PCA","Regular PCA",443,"violet-blue",0.0901520148404313,0.0909090909090909,-0.000757076068659615,-0.0330589081024056,0.0916815703956106,1.0128010184291,FALSE,FALSE,FALSE,7.61167390348357
"regular_PCA","Regular PCA",448,"violet-blue",0.0903827982761051,0.0909090909090909,-0.000526292632985856,-0.00776959592509263,0.0946562490324031,1.04538816151007,FALSE,FALSE,FALSE,9.70021417020706
"regular_PCA","Regular PCA",453,"blue-green",0.0904054711791488,0.0909090909090909,-0.000503619729942076,-0.00528509299113576,0.0970593947592609,1.07171425020985,FALSE,FALSE,FALSE,10.1791642079861
"regular_PCA","Regular PCA",458,"blue-green",0.0903366093791099,0.0909090909090909,-0.000572481529980975,-0.0128309879258884,0.0986590857759633,1.08923861717907,FALSE,FALSE,FALSE,9.65371869201853
"regular_PCA","Regular PCA",463,"blue-green",0.0902711124817381,0.0909090909090909,-0.000637978427352762,-0.0200081559034985,0.0995075048458944,1.09853291649682,FALSE,FALSE,FALSE,9.15381882361542
"regular_PCA","Regular PCA",468,"blue-green",0.0901956941530964,0.0909090909090909,-0.000713396755994536,-0.0282725170407908,0.100305367024191,1.1072733729083,FALSE,FALSE,FALSE,8.63219494286672
"regular_PCA","Regular PCA",473,"blue-green",0.0900380226980958,0.0909090909090909,-0.000871068210995155,-0.0455501983237685,0.101427760363398,1.11956901785141,FALSE,FALSE,FALSE,7.69197864891255
"regular_PCA","Regular PCA",478,"blue-green",0.0898294421870456,0.0909090909090909,-0.00107964872204529,-0.0684065079313044,0.102611853152427,1.13254057069748,FALSE,FALSE,FALSE,6.72504040734259
"regular_PCA","Regular PCA",483,"blue-green",0.0897014529365124,0.0909090909090909,-0.00120763797257853,-0.0824316051079104,0.103592962693422,1.1432884735449,FALSE,FALSE,FALSE,6.26694301608884
"regular_PCA","Regular PCA",488,"blue-green",0.0897171796094284,0.0909090909090909,-0.00119191129966255,-0.0807082719764766,0.104366699971864,1.15176464542035,FALSE,FALSE,FALSE,6.37361329851173
"regular_PCA","Regular PCA",493,"blue-green",0.089861391182126,0.0909090909090909,-0.00104769972696486,-0.06490552828785,0.10518053300598,1.16068006008018,FALSE,FALSE,FALSE,7.03845451472168
"regular_PCA","Regular PCA",498,"blue-green",0.0901988748448069,0.0909090909090909,-0.000710216064284022,-0.0279239759707953,0.106098308126833,1.17073414417837,FALSE,TRUE,TRUE,9.15179609837679
"regular_PCA","Regular PCA",503,"blue-green",0.0909057716168512,0.0909090909090909,-3.31929223974792e-06,0.0495379661879728,0.106599022988882,1.17621939782915,FALSE,TRUE,TRUE,7.86569075274577
"regular_PCA","Regular PCA",508,"blue-green",0.0920984553538038,0.0909090909090909,0.0011893644447129,0.180232577196528,0.105607749169448,1.16536014688796,FALSE,TRUE,TRUE,4.15854629945715
"regular_PCA","Regular PCA",513,"blue-green",0.0938919378214878,0.0909090909090909,0.00298284691239685,0.376762877897629,0.100940487587711,1.11423102017181,FALSE,FALSE,FALSE,2.33707587529719
"regular_PCA","Regular PCA",518,"blue-green",0.0958704822358026,0.0909090909090909,0.00496139132671168,0.593572317466848,0.0917874728431996,1.01396116331652,FALSE,FALSE,FALSE,1.46194007139708
"regular_PCA","Regular PCA",523,"green-yellow",0.0973566735426349,0.0909090909090909,0.00644758263354402,0.756429568482134,0.0801690525948913,0.886683171561843,FALSE,FALSE,FALSE,1.03532526689069
"regular_PCA","Regular PCA",528,"green-yellow",0.0981793941465657,0.0909090909090909,0.0072703032374748,0.846583517905631,0.0695351097179518,0.770189976713953,FALSE,FALSE,FALSE,0.813652427012506
"regular_PCA","Regular PCA",533,"green-yellow",0.0985874901820556,0.0909090909090909,0.00767839927296464,0.89130279340171,0.0618148424556367,0.685615646301008,FALSE,FALSE,FALSE,0.691630903155513
"regular_PCA","Regular PCA",538,"green-yellow",0.0988187998007705,0.0909090909090909,0.00790970889167958,0.91664976486099,0.056811898596095,0.630809172297229,FALSE,FALSE,FALSE,0.620478353608316
"regular_PCA","Regular PCA",543,"green-yellow",0.0990238623587661,0.0909090909090909,0.00811477144967515,0.939120576207951,0.0533425225226169,0.592802695527005,FALSE,FALSE,FALSE,0.570484993849619
"regular_PCA","Regular PCA",548,"green-yellow",0.099212383477316,0.0909090909090909,0.00830329256822505,0.959778772083691,0.0508657066389851,0.565669561686313,FALSE,FALSE,FALSE,0.533761928986479
"regular_PCA","Regular PCA",553,"green-yellow",0.0993598791698294,0.0909090909090909,0.00845078826073847,0.975941390522449,0.049835478614681,0.554383573472734,FALSE,FALSE,FALSE,0.515254435191437
"regular_PCA","Regular PCA",558,"green-yellow",0.0994179225679747,0.0909090909090909,0.0085088316588838,0.982301802010579,0.0508584978058452,0.565590590037386,FALSE,FALSE,FALSE,0.52258121439574
"regular_PCA","Regular PCA",563,"green-yellow",0.0993562642465069,0.0909090909090909,0.00844717333741599,0.975545266233319,0.0543005945271051,0.603298225735201,FALSE,FALSE,FALSE,0.560923137942878
"regular_PCA","Regular PCA",568,"green-yellow",0.0991665912038868,0.0909090909090909,0.00825750029479588,0.954760842202032,0.0599107122965292,0.66475619574653,FALSE,FALSE,FALSE,0.630243529290217
"regular_PCA","Regular PCA",573,"green-yellow",0.0988093900006052,0.0909090909090909,0.0079002990915143,0.915618636378085,0.0666206622979779,0.738262657271113,FALSE,FALSE,FALSE,0.726909324846496
"regular_PCA","Regular PCA",578,"green-yellow",0.0983292002405649,0.0909090909090909,0.00742010933147401,0.86299931077287,0.0731315275505297,0.809588176250407,FALSE,FALSE,FALSE,0.840694450342504
"regular_PCA","Regular PCA",583,"green-yellow",0.0978888120265074,0.0909090909090909,0.00697972111741645,0.814741449492675,0.0782303526968104,0.865445014878824,FALSE,FALSE,FALSE,0.946108887225793
"regular_PCA","Regular PCA",588,"green-yellow",0.0975302872136499,0.0909090909090909,0.00662119630455903,0.775454202168386,0.0818563196902874,0.905166920889729,FALSE,FALSE,FALSE,1.03393977508789
"regular_PCA","Regular PCA",593,"green-yellow",0.0972612970415879,0.0909090909090909,0.00635220613249701,0.745978185338818,0.084175204506171,0.930569944379008,FALSE,FALSE,FALSE,1.09999283729321
"regular_PCA","Regular PCA",598,"green-yellow",0.0970077837035323,0.0909090909090909,0.0060986927944414,0.718198124224449,0.0858263553914946,0.948658046227325,FALSE,FALSE,FALSE,1.15944783804844
"regular_PCA","Regular PCA",603,"red",0.0966654087917481,0.0909090909090909,0.00575631788265722,0.680680587489144,0.0878117723798389,0.970407981388165,FALSE,FALSE,FALSE,1.24302819480785
"regular_PCA","Regular PCA",608,"red",0.0961230682553068,0.0909090909090909,0.00521397734621584,0.621250762760016,0.0907821067618129,1.00294753383141,FALSE,FALSE,FALSE,1.39056703384746
"regular_PCA","Regular PCA",613,"red",0.0953050722483127,0.0909090909090909,0.00439598133922184,0.53161453596465,0.0946646257105612,1.04547992672004,FALSE,FALSE,FALSE,1.6552499462719
"regular_PCA","Regular PCA",618,"red",0.0943768690546903,0.0909090909090909,0.00346777814559938,0.429901775432391,0.0983643766390554,1.08601012429486,FALSE,FALSE,FALSE,2.04945553052487
"regular_PCA","Regular PCA",623,"red",0.0935992633938563,0.0909090909090909,0.0026901724847654,0.344691533846961,0.100763856331885,1.11229605216048,FALSE,FALSE,FALSE,2.50127553033936
"regular_PCA","Regular PCA",628,"red",0.0930882687870759,0.0909090909090909,0.00217917787798504,0.288696604687229,0.101851015472658,1.12420571192472,FALSE,FALSE,FALSE,2.89224474401915
"regular_PCA","Regular PCA",633,"red",0.0926244889138538,0.0909090909090909,0.00171539800476292,0.237875478980232,0.102715790747089,1.13367919092585,FALSE,FALSE,FALSE,3.35531656321287
"regular_PCA","Regular PCA",638,"red",0.0918373909672833,0.0909090909090909,0.000928300058192347,0.15162507012037,0.104492589850442,1.15314374951412,FALSE,FALSE,FALSE,4.58278560622951
"regular_PCA","Regular PCA",643,"red",0.0905650896550271,0.0909090909090909,-0.00034400125406378,0.0122059433736205,0.107046812960791,1.18112486751731,FALSE,TRUE,TRUE,10.5264020069279
"regular_PCA","Regular PCA",648,"red",0.0890485727785899,0.0909090909090909,-0.00186051813050103,-0.153974391876263,0.109327572156827,1.20611023075461,FALSE,TRUE,TRUE,4.74894426105064
"regular_PCA","Regular PCA",653,"red",0.0875410814461386,0.0909090909090909,-0.00336800946295226,-0.319165705540754,0.110933005136443,1.22369750003694,FALSE,TRUE,TRUE,2.91936454691178
"regular_PCA","Regular PCA",658,"red",0.0860054982783589,0.0909090909090909,-0.00490359263073199,-0.487435330225192,0.111995063778204,1.2353321877277,FALSE,TRUE,TRUE,2.10292456746538
"regular_PCA","Regular PCA",663,"red",0.0842462657343621,0.0909090909090909,-0.00666282517472881,-0.680212514895048,0.112619284394447,1.24217042775941,FALSE,TRUE,TRUE,1.59209241590607
"regular_PCA","Regular PCA",668,"red",0.0825395495289103,0.0909090909090909,-0.00836954138018066,-0.86723494478367,0.112420679444709,1.23999474133949,FALSE,TRUE,TRUE,1.28199952661638
"regular_PCA","Regular PCA",673,"red",0.081491714655734,0.0909090909090909,-0.00941737625335694,-0.982056977572408,0.111257460647216,1.22725185983304,FALSE,TRUE,TRUE,1.13418413749928
"regular_PCA","Regular PCA",678,"red",0.0811865456672213,0.0909090909090909,-0.00972254524186958,-1.01549747903128,0.109854352141302,1.21188102377875,FALSE,TRUE,FALSE,1.08640409015641
"regular_PCA","Regular PCA",683,"red-edge",0.0822557786869819,0.0909090909090909,-0.00865331222210902,-0.898330631471037,0.108734383299087,1.19961193882414,FALSE,TRUE,TRUE,1.20161788190002
"regular_PCA","Regular PCA",688,"red-edge",0.0866063418673941,0.0909090909090909,-0.00430274904169677,-0.421594724947399,0.104418880687859,1.15233627707062,FALSE,FALSE,FALSE,2.20925600270752
"regular_PCA","Regular PCA",693,"red-edge",0.0935825919483828,0.0909090909090909,0.00267350103929193,0.342864672279558,0.0877223217750662,0.969428063887042,FALSE,FALSE,FALSE,2.18899389490045
"regular_PCA","Regular PCA",698,"red-edge",0.0991088981005975,0.0909090909090909,0.00819980719150663,0.948438816120306,0.057635236727617,0.639828713824868,FALSE,FALSE,FALSE,0.610268051875951
"regular_PCA","Regular PCA",703,"red-edge",0.101557161725658,0.0909090909090909,0.0106480708165669,1.21672021563129,0.0268516518029422,0.302599315637728,FALSE,FALSE,FALSE,0.229812918527
"regular_PCA","Regular PCA",708,"red-edge",0.102360958880083,0.0909090909090909,0.0114518679709925,1.30480052826794,0.00370162198642886,0.0489943296641979,FALSE,FALSE,FALSE,0.0348763605069296
"regular_PCA","Regular PCA",713,"red-edge",0.102756928106819,0.0909090909090909,0.0118478371977277,1.34819094473471,-0.0155728535207647,-0.162154559965404,FALSE,FALSE,FALSE,0.111970428039866
"regular_PCA","Regular PCA",718,"red-edge",0.102819032224672,0.0909090909090909,0.0119099413155812,1.35499633100217,-0.0320880471071647,-0.34307594412887,FALSE,FALSE,FALSE,0.235791621476163
"regular_PCA","Regular PCA",723,"red-edge",0.102519999474789,0.0909090909090909,0.0116109085656982,1.32222824025531,-0.0463623534581566,-0.499448756199416,FALSE,FALSE,FALSE,0.351173420737137
"regular_PCA","Regular PCA",728,"red-edge",0.101811761535255,0.0909090909090909,0.0109026706261638,1.24461933259514,-0.0582870838732643,-0.630082328321398,FALSE,FALSE,FALSE,0.468595321402473
"regular_PCA","Regular PCA",733,"red-edge",0.10080140328021,0.0909090909090909,0.00989231237111877,1.1339039978998,-0.0686429575206026,-0.743529317888707,FALSE,FALSE,FALSE,0.602582793437942
"regular_PCA","Regular PCA",738,"red-edge",0.0996550880209791,0.0909090909090909,0.00874599711188816,1.00829045739735,-0.0769472406026198,-0.834501451023194,FALSE,FALSE,FALSE,0.752962768427052
"regular_PCA","Regular PCA",743,"red-edge",0.0985011989964774,0.0909090909090909,0.00759210808738646,0.881846981619266,-0.0833662141175249,-0.904820310269361,FALSE,FALSE,FALSE,0.921549210017561
"regular_PCA","Regular PCA",748,"red-edge",0.0974103674303142,0.0909090909090909,0.0065012765212233,0.762313359420469,-0.088217765076479,-0.957968298528874,FALSE,FALSE,FALSE,1.11092828153873
"regular_PCA","Regular PCA",753,"near infrared",0.0965370094831836,0.0909090909090909,0.00562791857409269,0.666610556041003,-0.0915424666183443,-0.994389888244904,FALSE,FALSE,FALSE,1.29712522272093
"regular_PCA","Regular PCA",758,"near infrared",0.0960734545979584,0.0909090909090909,0.00516436368886748,0.615814084580415,-0.0941585309250075,-1.02304846696189,FALSE,FALSE,FALSE,1.42920974733484
"regular_PCA","Regular PCA",763,"near infrared",0.0957327276792101,0.0909090909090909,0.00482363677011914,0.578477135373967,-0.0960153667921125,-1.04338981588302,FALSE,FALSE,FALSE,1.53784079298107
"regular_PCA","Regular PCA",768,"near infrared",0.095444608734276,0.0909090909090909,0.00453551782518508,0.546904982366696,-0.0972680385510577,-1.05711264070764,FALSE,FALSE,FALSE,1.63410805222153
"regular_PCA","Regular PCA",773,"near infrared",0.0952028689280434,0.0909090909090909,0.00429377801895253,0.520415068098585,-0.0981485084213398,-1.06675805157203,FALSE,FALSE,FALSE,1.71942640729435
"regular_PCA","Regular PCA",778,"near infrared",0.0950732972784828,0.0909090909090909,0.00416420636939191,0.506216571202559,-0.0990300864949957,-1.07641560263249,FALSE,FALSE,FALSE,1.77562879961725
"regular_PCA","Regular PCA",783,"near infrared",0.0950093299943278,0.0909090909090909,0.00410023908523692,0.499207018660768,-0.0997543347673029,-1.08434963012168,FALSE,FALSE,FALSE,1.80964106953421
"regular_PCA","Regular PCA",788,"near infrared",0.0949387937091806,0.0909090909090909,0.00402970280008967,0.491477633188587,-0.10039000430077,-1.09131329126581,FALSE,FALSE,FALSE,1.84506265331229
"regular_PCA","Regular PCA",793,"near infrared",0.0948844730728694,0.0909090909090909,0.00397538216377853,0.485525162963277,-0.100967748980601,-1.09764239462274,FALSE,FALSE,FALSE,1.87462890419209
"regular_PCA","Regular PCA",798,"near infrared",0.094828154561566,0.0909090909090909,0.00391906365247513,0.479353765048365,-0.101479923813895,-1.10325319048102,FALSE,FALSE,FALSE,1.90428242127488
"regular_PCA","Regular PCA",803,"near infrared",0.094723368410114,0.0909090909090909,0.00381427750102312,0.467871269832915,-0.101997319679106,-1.10892118193414,FALSE,FALSE,FALSE,1.95276859535511
"regular_PCA","Regular PCA",808,"near infrared",0.0946098253880047,0.0909090909090909,0.00370073447891381,0.455429194329121,-0.102501287125373,-1.11444206714054,FALSE,FALSE,FALSE,2.00645208879708
"regular_PCA","Regular PCA",813,"near infrared",0.0944710513607628,0.0909090909090909,0.00356196045167184,0.440222298362869,-0.103041670687807,-1.12036188525126,FALSE,FALSE,FALSE,2.07389048665058
"regular_PCA","Regular PCA",818,"near infrared",0.0943604254923696,0.0909090909090909,0.00345133458327869,0.428099885363369,-0.103565980240114,-1.12610561507418,FALSE,FALSE,FALSE,2.13237239068768
"regular_PCA","Regular PCA",823,"near infrared",0.0942819145674953,0.0909090909090909,0.0033728236584044,0.419496636682722,-0.103964951926745,-1.13047628801905,FALSE,FALSE,FALSE,2.17609933961801
"regular_PCA","Regular PCA",828,"near infrared",0.0942012639567876,0.0909090909090909,0.00329217304769672,0.410658920641608,-0.104222610703958,-1.13329889995946,FALSE,FALSE,FALSE,2.21928738371112
"regular_PCA","Regular PCA",833,"near infrared",0.0941162140331142,0.0909090909090909,0.0032071231240233,0.401339126679123,-0.104568524222372,-1.13708832890106,FALSE,FALSE,FALSE,2.26810210572062
"regular_PCA","Regular PCA",838,"near infrared",0.0939548685921728,0.0909090909090909,0.00304577768308187,0.3836588490091,-0.105126945747237,-1.14320575009244,FALSE,FALSE,FALSE,2.36366139570192
"regular_PCA","Regular PCA",843,"near infrared",0.0937229485784611,0.0909090909090909,0.00281385766937019,0.358244990298666,-0.105721387113893,-1.14971776306381,FALSE,FALSE,FALSE,2.50895871728891
"regular_PCA","Regular PCA",848,"near infrared",0.0935587224673626,0.0909090909090909,0.00264963155827165,0.340249048002755,-0.106039732103488,-1.15320518304819,FALSE,FALSE,FALSE,2.61943822088849
"regular_PCA","Regular PCA",853,"near infrared",0.0934660309735686,0.0909090909090909,0.00255694006447765,0.33009188869063,-0.106199087070326,-1.15495089199328,FALSE,FALSE,FALSE,2.68535846028021
"regular_PCA","Regular PCA",858,"near infrared",0.0933421129906613,0.0909090909090909,0.00243302208157034,0.316512922137086,-0.10640578895139,-1.15721527904001,FALSE,FALSE,FALSE,2.77834184135862
"regular_PCA","Regular PCA",863,"near infrared",0.0931400513233681,0.0909090909090909,0.00223096041427716,0.294370949216338,-0.106657641642239,-1.15997428620486,FALSE,FALSE,FALSE,2.94132792618184
"regular_PCA","Regular PCA",868,"near infrared",0.0929882534255883,0.0909090909090909,0.00207916251649744,0.277736893944547,-0.10689789393042,-1.16260621275775,FALSE,FALSE,FALSE,3.07782012134728
"regular_PCA","Regular PCA",873,"near infrared",0.0928563779393926,0.0909090909090909,0.00194728703030164,0.263285941998174,-0.10702941377787,-1.16404699228729,FALSE,FALSE,FALSE,3.20421700296109
"regular_PCA","Regular PCA",878,"near infrared",0.0926809103507588,0.0909090909090909,0.00177181944166792,0.244058155510796,-0.107045452845932,-1.16422269779017,FALSE,FALSE,FALSE,3.38379625404242
"regular_PCA","Regular PCA",883,"near infrared",0.0925243832998083,0.0909090909090909,0.00161529239071741,0.2269058783375,-0.107067492128114,-1.16446413470809,FALSE,FALSE,FALSE,3.56207768618307
"regular_PCA","Regular PCA",888,"near infrared",0.0922734739705132,0.0909090909090909,0.00136438306142227,0.199411165217297,-0.107282379188715,-1.16681818912709,FALSE,TRUE,TRUE,3.89704301200752
"regular_PCA","Regular PCA",893,"near infrared",0.0918955980418154,0.0909090909090909,0.000986507132724496,0.158003417311858,-0.107089563719362,-1.16470592556681,FALSE,FALSE,FALSE,4.5143042588424
"regular_PCA","Regular PCA",898,"near infrared",0.0914465062727669,0.0909090909090909,0.00053741536367595,0.108791818088657,-0.106986178132311,-1.16357335249621,FALSE,FALSE,FALSE,5.5728876885498
"regular_PCA","Regular PCA",903,"longer near infrared",0.0913069384499161,0.0909090909090909,0.000397847540825225,0.0934979377818859,-0.106805861545322,-1.1615980122536,FALSE,FALSE,FALSE,6.00315448096908
"regular_PCA","Regular PCA",908,"longer near infrared",0.0908627909860998,0.0909090909090909,-4.62999229910999e-05,0.0448281368820893,-0.105941350839708,-1.15212743156282,FALSE,FALSE,FALSE,7.95513535122543
"regular_PCA","Regular PCA",913,"longer near infrared",0.0906705934322037,0.0909090909090909,-0.000238497476887201,0.0237670762127898,-0.105460210043545,-1.14685660876781,FALSE,FALSE,FALSE,9.266249505612
"regular_PCA","Regular PCA",918,"longer near infrared",0.0904650457979242,0.0909090909090909,-0.000444045111166719,0.00124311007359452,-0.105173809653968,-1.14371913692189,FALSE,FALSE,FALSE,11.2967602051192
"regular_PCA","Regular PCA",923,"longer near infrared",0.0871018004529456,0.0909090909090909,-0.00380729045614528,-0.367302237254938,-0.10124726717189,-1.10070447305388,FALSE,FALSE,FALSE,2.3554444753351
"regular_PCA","Regular PCA",928,"longer near infrared",0.0832305309631475,0.0909090909090909,-0.00767855994594342,-0.791517009706842,-0.0966240031197768,-1.05005733245055,FALSE,FALSE,FALSE,1.17783207837598
"regular_PCA","Regular PCA",933,"longer near infrared",0.0723564190308909,0.0909090909090909,-0.0185526718782,-1.98310517764896,-0.0840355843976447,-0.912153157865945,TRUE,FALSE,FALSE,0.437881470245983
"regular_PCA","Regular PCA",938,"longer near infrared",0.0696416018071737,0.0909090909090909,-0.0212674891019172,-2.28059559360751,-0.0806674100219283,-0.875255329997895,TRUE,FALSE,FALSE,0.367662333051516
"regular_PCA","Regular PCA",943,"longer near infrared",0.073737777109406,0.0909090909090909,-0.0171713137996849,-1.83173558054492,-0.0853515031311494,-0.926568843486995,TRUE,FALSE,FALSE,0.479656145912901
"regular_PCA","Regular PCA",948,"longer near infrared",0.0725547588908328,0.0909090909090909,-0.0183543320182581,-1.96137104139853,-0.0839446927717928,-0.911157454202409,TRUE,FALSE,FALSE,0.442015258730054
"regular_PCA","Regular PCA",953,"longer near infrared",0.069799141620406,0.0909090909090909,-0.021109949288685,-2.26333233766561,-0.0812369103880193,-0.881494118176535,TRUE,FALSE,FALSE,0.372987795295533
"regular_PCA","Regular PCA",958,"longer near infrared",0.0697377156411726,0.0909090909090909,-0.0211713752679183,-2.2700634133171,-0.0811847577237969,-0.880922793829074,TRUE,FALSE,FALSE,0.371687436242962
"regular_PCA","Regular PCA",963,"longer near infrared",0.0737314820266659,0.0909090909090909,-0.017177608882425,-1.83242539743811,-0.0849772705955726,-0.922469184104781,TRUE,FALSE,FALSE,0.477363413525683
"regular_PCA","Regular PCA",968,"longer near infrared",0.0791519711144211,0.0909090909090909,-0.0117571197946699,-1.23844671654293,-0.0904944090970087,-0.982908580656775,FALSE,FALSE,FALSE,0.734365117795298
"regular_PCA","Regular PCA",973,"longer near infrared",0.0784074654377876,0.0909090909090909,-0.0125016254713033,-1.32002985278144,-0.0899100728533186,-0.976507267740142,FALSE,FALSE,FALSE,0.687666717588675
"regular_PCA","Regular PCA",978,"longer near infrared",0.0783558956495001,0.0909090909090909,-0.0125531952595908,-1.32568088432585,-0.0905503118614129,-0.98352098677007,FALSE,FALSE,FALSE,0.689860541431849
"regular_PCA","Regular PCA",983,"longer near infrared",0.0770057780664437,0.0909090909090909,-0.0139033128426472,-1.4736271393693,-0.0895692971276851,-0.972774122521567,TRUE,FALSE,FALSE,0.618173198837589
"regular_PCA","Regular PCA",988,"longer near infrared",0.0755200447243889,0.0909090909090909,-0.015389046184702,-1.63643420647866,-0.0881427629262438,-0.957146661606195,TRUE,FALSE,FALSE,0.551213894563392
"regular_PCA","Regular PCA",993,"longer near infrared",0.0738559712240786,0.0909090909090909,-0.0170531196850123,-1.8187838370424,-0.0866280451100219,-0.940553162868547,TRUE,FALSE,FALSE,0.490181929152743
"regular_PCA","Regular PCA",998,"longer near infrared",0.0688796001027201,0.0909090909090909,-0.0220294908063708,-2.36409594937313,-0.0807479824699052,-0.876137988668358,TRUE,FALSE,FALSE,0.355561636668917
"standardized_PCA","Standardized PCA",398,"violet-blue",0.0494294370740464,0.0909090909090909,-0.0414796538350445,-0.164589533280879,0.0155092555507103,0.652521007670344,FALSE,FALSE,FALSE,2.46616334206104
"standardized_PCA","Standardized PCA",403,"violet-blue",0.0811828274065095,0.0909090909090909,-0.00972626350258141,0.302207700201603,0.0225344594679389,0.737454832211549,FALSE,FALSE,FALSE,1.83351743848242
"standardized_PCA","Standardized PCA",408,"violet-blue",0.090509395158553,0.0909090909090909,-0.000399695750537915,0.439314824164046,0.0248106381817149,0.764973544234438,FALSE,FALSE,FALSE,1.41841742514712
"standardized_PCA","Standardized PCA",413,"violet-blue",0.100635400510759,0.0909090909090909,0.00972630960166782,0.588174244690427,0.0290143827789902,0.815796283367378,FALSE,FALSE,FALSE,1.18545018163875
"standardized_PCA","Standardized PCA",418,"violet-blue",0.107381585662506,0.0909090909090909,0.0164724947534146,0.687347924490423,0.027552439593961,0.798121575639398,FALSE,FALSE,FALSE,1.01368346929465
"standardized_PCA","Standardized PCA",423,"violet-blue",0.112010856707958,0.0909090909090909,0.0211017657988667,0.755401473873097,0.0264472763836706,0.78476029256518,FALSE,FALSE,FALSE,0.91741751275215
"standardized_PCA","Standardized PCA",428,"violet-blue",0.115644883169104,0.0909090909090909,0.0247357922600129,0.808824225922691,0.0250442392762578,0.767797751846104,FALSE,FALSE,FALSE,0.844825357804025
"standardized_PCA","Standardized PCA",433,"violet-blue",0.118506230717322,0.0909090909090909,0.0275971398082311,0.850888052983535,0.0221941059124015,0.73334000088301,FALSE,FALSE,FALSE,0.771215916092395
"standardized_PCA","Standardized PCA",438,"violet-blue",0.120850499564568,0.0909090909090909,0.0299414086554767,0.885350458445626,0.0198111937505774,0.70453089500736,FALSE,FALSE,FALSE,0.715005396271643
"standardized_PCA","Standardized PCA",443,"violet-blue",0.122608968856842,0.0909090909090909,0.0316998779477515,0.91120119728653,0.0176460186488695,0.678354202578766,FALSE,FALSE,FALSE,0.670839991486433
"standardized_PCA","Standardized PCA",448,"violet-blue",0.123965195784261,0.0909090909090909,0.03305610487517,0.931138689663404,0.0156743590515298,0.654517088059605,FALSE,FALSE,FALSE,0.634751750293901
"standardized_PCA","Standardized PCA",453,"blue-green",0.124897036448699,0.0909090909090909,0.0339879455396081,0.944837404655783,0.0143935327492521,0.639032060477896,FALSE,FALSE,FALSE,0.611609095951559
"standardized_PCA","Standardized PCA",458,"blue-green",0.125433384923245,0.0909090909090909,0.0345242940141542,0.952722105516992,0.0137858998235501,0.631685855455936,FALSE,FALSE,FALSE,0.600049958242033
"standardized_PCA","Standardized PCA",463,"blue-green",0.125665425558011,0.0909090909090909,0.03475633464892,0.956133266505791,0.0138683513272435,0.632682683680479,FALSE,FALSE,FALSE,0.599055728803719
"standardized_PCA","Standardized PCA",468,"blue-green",0.125844426538567,0.0909090909090909,0.034935335629476,0.958764707168955,0.0142853554331895,0.637724210443925,FALSE,FALSE,FALSE,0.602328549606781
"standardized_PCA","Standardized PCA",473,"blue-green",0.126074396098578,0.0909090909090909,0.0351653051894875,0.962145421898141,0.0147931483836333,0.643863362825038,FALSE,FALSE,FALSE,0.60619134588407
"standardized_PCA","Standardized PCA",478,"blue-green",0.126286945934233,0.0909090909090909,0.0353778550251422,0.96527005439319,0.0151087362435256,0.647678780033596,FALSE,FALSE,FALSE,0.607994918624211
"standardized_PCA","Standardized PCA",483,"blue-green",0.126536535962349,0.0909090909090909,0.0356274450532585,0.968939203841789,0.0148911856033013,0.645048620379394,FALSE,FALSE,FALSE,0.603447434672689
"standardized_PCA","Standardized PCA",488,"blue-green",0.126881335688863,0.0909090909090909,0.0359722447797717,0.97400800300801,0.0147834679711016,0.643746327865036,FALSE,FALSE,FALSE,0.599386900341593
"standardized_PCA","Standardized PCA",493,"blue-green",0.12738564814186,0.0909090909090909,0.0364765572327692,0.98142175175752,0.0143830742315468,0.638905618325012,FALSE,FALSE,FALSE,0.59080152335263
"standardized_PCA","Standardized PCA",498,"blue-green",0.12816530297534,0.0909090909090909,0.0372562120662489,0.992883227698483,0.0132265947382048,0.624923927895766,FALSE,FALSE,FALSE,0.571812168086614
"standardized_PCA","Standardized PCA",503,"blue-green",0.129236430451223,0.0909090909090909,0.0383273395421321,1.00862955705778,0.0111499226619192,0.599817225822064,FALSE,FALSE,FALSE,0.54104386988737
"standardized_PCA","Standardized PCA",508,"blue-green",0.130389850961991,0.0909090909090909,0.0394807600529,1.02558565207098,0.00749569198053776,0.555638040252177,FALSE,FALSE,FALSE,0.49364349947945
"standardized_PCA","Standardized PCA",513,"blue-green",0.131039399186657,0.0909090909090909,0.0401303082775658,1.03513446909848,0.00152735714857394,0.483481628937478,FALSE,FALSE,FALSE,0.425924542068974
"standardized_PCA","Standardized PCA",518,"blue-green",0.13041892594777,0.0909090909090909,0.039509835038679,1.02601307486845,-0.00621847840829663,0.389835459251373,FALSE,FALSE,FALSE,0.34620864353366
"standardized_PCA","Standardized PCA",523,"green-yellow",0.128314095598218,0.0909090909090909,0.0374050046891272,0.9950705841979,-0.0145817155388482,0.288724982827938,FALSE,FALSE,FALSE,0.263658787839159
"standardized_PCA","Standardized PCA",528,"green-yellow",0.125497882501307,0.0909090909090909,0.0345887915922158,0.953670265404496,-0.0225512760937425,0.192374006284764,FALSE,FALSE,FALSE,0.18257514955204
"standardized_PCA","Standardized PCA",533,"green-yellow",0.123067686011708,0.0909090909090909,0.0321585951026168,0.917944662995234,-0.0287640537160336,0.117262312631127,FALSE,FALSE,FALSE,0.11519517405405
"standardized_PCA","Standardized PCA",538,"green-yellow",0.121397207445765,0.0909090909090909,0.0304881165366739,0.893387449891073,-0.0330598039354963,0.0653272371925444,FALSE,FALSE,FALSE,0.0657620923233001
"standardized_PCA","Standardized PCA",543,"green-yellow",0.120287381140711,0.0909090909090909,0.0293782902316202,0.877072220448769,-0.0363268887509442,0.0258285960504729,FALSE,FALSE,FALSE,0.0264346846731655
"standardized_PCA","Standardized PCA",548,"green-yellow",0.119559282982536,0.0909090909090909,0.0286501920734453,0.866368663997593,-0.0388775935131844,-0.005009101087576,FALSE,FALSE,FALSE,0.00518342665091681
"standardized_PCA","Standardized PCA",553,"green-yellow",0.119420335325056,0.0909090909090909,0.0285112444159655,0.864326035433168,-0.040276207947435,-0.0219181722489291,FALSE,FALSE,FALSE,0.022729006003746
"standardized_PCA","Standardized PCA",558,"green-yellow",0.120072531104801,0.0909090909090909,0.0291634401957098,0.873913773387636,-0.0402367529447286,-0.0214411662692285,FALSE,FALSE,FALSE,0.0220154667231455
"standardized_PCA","Standardized PCA",563,"green-yellow",0.121595527167972,0.0909090909090909,0.0306864362588815,0.896302889681981,-0.0386565941509227,-0.00233724682124962,FALSE,FALSE,FALSE,0.00234591994608754
"standardized_PCA","Standardized PCA",568,"green-yellow",0.12377854656267,0.0909090909090909,0.0328694556535789,0.928394814462736,-0.0356764529193614,0.0336922827769873,FALSE,FALSE,FALSE,0.0327620115379414
"standardized_PCA","Standardized PCA",573,"green-yellow",0.126046492823782,0.0909090909090909,0.0351374019146913,0.96173522407852,-0.031989445660775,0.0782677330091088,FALSE,FALSE,FALSE,0.0737168092704444
"standardized_PCA","Standardized PCA",578,"green-yellow",0.12793800858441,0.0909090909090909,0.0370289176753189,0.989541839841587,-0.0282005959385513,0.124074445712659,FALSE,FALSE,FALSE,0.113877632942209
"standardized_PCA","Standardized PCA",583,"green-yellow",0.129258496607287,0.0909090909090909,0.0383494056981958,1.00895394511513,-0.0250095802501773,0.162653420754213,FALSE,FALSE,FALSE,0.146672836568814
"standardized_PCA","Standardized PCA",588,"green-yellow",0.130095466864328,0.0909090909090909,0.0391863759552372,1.02125799820689,-0.0226249183838541,0.19148368033539,FALSE,FALSE,FALSE,0.170775754234627
"standardized_PCA","Standardized PCA",593,"green-yellow",0.130544187409297,0.0909090909090909,0.0396350965002061,1.02785450669953,-0.0211579681596811,0.209218922531711,FALSE,FALSE,FALSE,0.185501694845333
"standardized_PCA","Standardized PCA",598,"green-yellow",0.13077307749038,0.0909090909090909,0.0398639865812889,1.03121935232711,-0.0202338167730967,0.220391795610196,FALSE,FALSE,FALSE,0.194826755002743
"standardized_PCA","Standardized PCA",603,"red",0.131002592004709,0.0909090909090909,0.040093501095618,1.03459337756382,-0.0189409016202835,0.236022975861975,FALSE,FALSE,FALSE,0.20802428476073
"standardized_PCA","Standardized PCA",608,"red",0.131304249303534,0.0909090909090909,0.0403951583944429,1.03902795261477,-0.0166693994847632,0.263485148646756,FALSE,FALSE,FALSE,0.231324567620922
"standardized_PCA","Standardized PCA",613,"red",0.131561582960607,0.0909090909090909,0.0406524920515162,1.0428109388706,-0.013416945378134,0.30280690637443,FALSE,FALSE,FALSE,0.264966755282972
"standardized_PCA","Standardized PCA",618,"red",0.131618025307414,0.0909090909090909,0.0407089343983232,1.04364068117732,-0.010000751356145,0.344108258916065,FALSE,FALSE,FALSE,0.30088843863251
"standardized_PCA","Standardized PCA",623,"red",0.131433895224726,0.0909090909090909,0.0405248043156351,1.04093383909527,-0.00762949265840033,0.372776475888691,FALSE,FALSE,FALSE,0.326729266075842
"standardized_PCA","Standardized PCA",628,"red",0.131142639174054,0.0909090909090909,0.0402335482649626,1.03665216972815,-0.00630220470511803,0.388823218939562,FALSE,FALSE,FALSE,0.342077575968167
"standardized_PCA","Standardized PCA",633,"red",0.130814470490112,0.0909090909090909,0.0399053795810213,1.03182785861757,-0.00509674400260442,0.40339708597672,FALSE,FALSE,FALSE,0.356412048798158
"standardized_PCA","Standardized PCA",638,"red",0.130359627927822,0.0909090909090909,0.0394505370187306,1.02514135215245,-0.00301354830893399,0.428582657757389,FALSE,FALSE,FALSE,0.380914501931236
"standardized_PCA","Standardized PCA",643,"red",0.129571799507012,0.0909090909090909,0.038662708597921,1.01355971871293,0.000362584514572471,0.469399675489256,FALSE,FALSE,FALSE,0.42153076085744
"standardized_PCA","Standardized PCA",648,"red",0.128472806037865,0.0909090909090909,0.0375637151287737,0.997403739598822,0.00444934176105476,0.518808052385476,FALSE,FALSE,FALSE,0.472759508342059
"standardized_PCA","Standardized PCA",653,"red",0.127246958625996,0.0909090909090909,0.0363378677169049,0.979382918056908,0.00819635018766874,0.564108909130713,FALSE,FALSE,FALSE,0.522621675490487
"standardized_PCA","Standardized PCA",658,"red",0.125870600670483,0.0909090909090909,0.0349615097613923,0.959149485368682,0.0116776069855624,0.606196862382869,FALSE,FALSE,FALSE,0.572343064654236
"standardized_PCA","Standardized PCA",663,"red",0.124170968479535,0.0909090909090909,0.033261877570444,0.934163693414955,0.0154170090509658,0.651405759185581,FALSE,FALSE,FALSE,0.629886509585874
"standardized_PCA","Standardized PCA",668,"red",0.122298384054715,0.0909090909090909,0.0313892931456241,0.906635381640489,0.0187845512506865,0.692118917365197,FALSE,FALSE,FALSE,0.687556716154033
"standardized_PCA","Standardized PCA",673,"red",0.120761226636286,0.0909090909090909,0.0298521357271947,0.884038083435883,0.0209826258558959,0.718693360619363,FALSE,FALSE,FALSE,0.730351164977235
"standardized_PCA","Standardized PCA",678,"red",0.119887142329781,0.0909090909090909,0.0289780514206898,0.871188427640553,0.0219042041655771,0.729835125524363,FALSE,FALSE,FALSE,0.751486637147701
"standardized_PCA","Standardized PCA",683,"red-edge",0.120504562370856,0.0909090909090909,0.0295954714617654,0.88026493770934,0.0206977482419561,0.715249226390213,FALSE,FALSE,FALSE,0.729648892738723
"standardized_PCA","Standardized PCA",688,"red-edge",0.123401919360483,0.0909090909090909,0.0324928284513921,0.922858128956265,0.0130756082903707,0.623098520887011,FALSE,FALSE,FALSE,0.609173944311151
"standardized_PCA","Standardized PCA",693,"red-edge",0.125652456672316,0.0909090909090909,0.0347433657632248,0.955942614739144,-0.00366920917273016,0.420655801053965,FALSE,FALSE,FALSE,0.39836994471322
"standardized_PCA","Standardized PCA",698,"red-edge",0.122178227834802,0.0909090909090909,0.0312691369257109,0.904869000461852,-0.0277188477817576,0.129898719841104,FALSE,FALSE,FALSE,0.129269307523071
"standardized_PCA","Standardized PCA",703,"red-edge",0.112778652364654,0.0909090909090909,0.0218695614555635,0.766688611551102,-0.0517855945379151,-0.161065196701193,FALSE,FALSE,FALSE,0.185839752079973
"standardized_PCA","Standardized PCA",708,"red-edge",0.102296095637922,0.0909090909090909,0.0113870047288309,0.612587634344288,-0.0711238242212123,-0.394861941423537,FALSE,FALSE,FALSE,0.554124043686055
"standardized_PCA","Standardized PCA",713,"red-edge",0.0921363744960809,0.0909090909090909,0.00122728358698997,0.463232567930598,-0.087151335912581,-0.588632525432983,FALSE,FALSE,FALSE,1.04509674856997
"standardized_PCA","Standardized PCA",718,"red-edge",0.082257749509916,0.0909090909090909,-0.00865134139917495,0.318009813261837,-0.102470035068512,-0.773833655768658,FALSE,FALSE,FALSE,1.85123322758917
"standardized_PCA","Standardized PCA",723,"red-edge",0.0725786375877934,0.0909090909090909,-0.0183304533212975,0.175720041350616,-0.11725589464193,-0.952592823117496,FALSE,FALSE,FALSE,3.45492775371429
"standardized_PCA","Standardized PCA",728,"red-edge",0.0627293037543792,0.0909090909090909,-0.0281797871547117,0.0309278872862757,-0.131979209603825,-1.13059583404389,FALSE,FALSE,FALSE,8.6352560747568
"standardized_PCA","Standardized PCA",733,"red-edge",0.051964377079781,0.0909090909090909,-0.0389447138293099,-0.127324127309056,-0.146970982351265,-1.31184446555621,FALSE,FALSE,FALSE,5.77081052101743
"standardized_PCA","Standardized PCA",738,"red-edge",0.0408132810595065,0.0909090909090909,-0.0500958098495844,-0.291253103650207,-0.159366310163643,-1.46170240704107,FALSE,FALSE,FALSE,3.73595095707631
"standardized_PCA","Standardized PCA",743,"red-edge",0.0299062300297893,0.0909090909090909,-0.0610028608793016,-0.451594446505778,-0.168264696177055,-1.56928276559971,FALSE,FALSE,FALSE,2.8449937731258
"standardized_PCA","Standardized PCA",748,"red-edge",0.0199780733309995,0.0909090909090909,-0.0709310175780914,-0.597545352284731,-0.173466613662876,-1.63217328838369,FALSE,FALSE,FALSE,2.33988124648482
"standardized_PCA","Standardized PCA",753,"near infrared",0.0123290361626644,0.0909090909090909,-0.0785800547464265,-0.709991593508087,-0.175196093089502,-1.65308247534813,FALSE,TRUE,TRUE,2.040863743028
"standardized_PCA","Standardized PCA",758,"near infrared",0.00709213927213365,0.0909090909090909,-0.0838169516369573,-0.786977671370568,-0.175487236566345,-1.65660236306525,FALSE,TRUE,TRUE,1.86769342288567
"standardized_PCA","Standardized PCA",763,"near infrared",0.00300598343165601,0.0909090909090909,-0.0879031074774349,-0.847047044182177,-0.175874637895237,-1.66128599600783,FALSE,TRUE,TRUE,1.75417473314902
"standardized_PCA","Standardized PCA",768,"near infrared",-0.000264563760402692,0.0909090909090909,-0.0911736546694936,-0.895126394615069,-0.176051162379198,-1.66342015463506,FALSE,TRUE,TRUE,1.67156671115984
"standardized_PCA","Standardized PCA",773,"near infrared",-0.00298262156583563,0.0909090909090909,-0.0938917124749265,-0.935083761395032,-0.177804325211313,-1.68461567096874,FALSE,TRUE,TRUE,1.62751627819792
"standardized_PCA","Standardized PCA",778,"near infrared",-0.00577884279325412,0.0909090909090909,-0.096687933702345,-0.97619018560667,-0.180802805969176,-1.72086692311445,FALSE,TRUE,TRUE,1.59903606828041
"standardized_PCA","Standardized PCA",783,"near infrared",-0.0078218012483211,0.0909090909090909,-0.098730892157412,-1.00622311579019,-0.181594568389295,-1.73043923037571,FALSE,TRUE,FALSE,1.56427686754641
"standardized_PCA","Standardized PCA",788,"near infrared",-0.00982507490391031,0.0909090909090909,-0.100734165813001,-1.03567265143179,-0.182139492556387,-1.73702729445775,FALSE,TRUE,FALSE,1.52951406575461
"standardized_PCA","Standardized PCA",793,"near infrared",-0.011840723314995,0.0909090909090909,-0.102749814224086,-1.06530410470705,-0.182336152352724,-1.73940488645838,FALSE,TRUE,FALSE,1.49266176908872
"standardized_PCA","Standardized PCA",798,"near infrared",-0.0137529842803763,0.0909090909090909,-0.104662075189467,-1.09341568961154,-0.182113285352431,-1.73671045268508,FALSE,TRUE,FALSE,1.45524352311002
"standardized_PCA","Standardized PCA",803,"near infrared",-0.0157249603968616,0.0909090909090909,-0.106634051305952,-1.12240512935423,-0.181801234368811,-1.73293779586216,FALSE,TRUE,FALSE,1.41764604405549
"standardized_PCA","Standardized PCA",808,"near infrared",-0.0178748067943061,0.0909090909090909,-0.108783897703397,-1.15400938767853,-0.17984403403631,-1.70927549202141,FALSE,TRUE,FALSE,1.36304840204243
"standardized_PCA","Standardized PCA",813,"near infrared",-0.0200963153899341,0.0909090909090909,-0.111005406299025,-1.18666713085931,-0.176735713532392,-1.67169629127393,FALSE,TRUE,FALSE,1.29924535350295
"standardized_PCA","Standardized PCA",818,"near infrared",-0.0221981435608072,0.0909090909090909,-0.113107234469898,-1.21756548738586,-0.174260375590407,-1.64176976943601,FALSE,FALSE,FALSE,1.24606312563135
"standardized_PCA","Standardized PCA",823,"near infrared",-0.0238634680178058,0.0909090909090909,-0.114772558926897,-1.24204693145335,-0.171570329962361,-1.60924745889923,FALSE,FALSE,FALSE,1.19909924249558
"standardized_PCA","Standardized PCA",828,"near infrared",-0.0246966118112467,0.0909090909090909,-0.115605702720338,-1.25429473283139,-0.168392089850974,-1.57082293896347,FALSE,FALSE,FALSE,1.15988263181042
"standardized_PCA","Standardized PCA",833,"near infrared",-0.0259599643560674,0.0909090909090909,-0.116869055265158,-1.27286690627998,-0.164905191529056,-1.52866678040122,FALSE,FALSE,FALSE,1.11348505336428
"standardized_PCA","Standardized PCA",838,"near infrared",-0.0282084999201398,0.0909090909090909,-0.119117590829231,-1.30592196495896,-0.161499886295896,-1.4874970719358,FALSE,FALSE,FALSE,1.05802249983286
"standardized_PCA","Standardized PCA",843,"near infrared",-0.0306892959614347,0.0909090909090909,-0.121598386870526,-1.3423914164659,-0.15631263814003,-1.42478389949086,TRUE,FALSE,FALSE,0.987792830174916
"standardized_PCA","Standardized PCA",848,"near infrared",-0.0324651711222521,0.0909090909090909,-0.123374262031343,-1.3684980338507,-0.14920149164061,-1.33881104002875,TRUE,FALSE,FALSE,0.911687322126075
"standardized_PCA","Standardized PCA",853,"near infrared",-0.0339010180242649,0.0909090909090909,-0.124810108933356,-1.3896059960099,-0.142836286802532,-1.2618565206645,TRUE,FALSE,FALSE,0.847107573441933
"standardized_PCA","Standardized PCA",858,"near infrared",-0.0354631423427393,0.0909090909090909,-0.12637223325183,-1.41257032525427,-0.136204852276538,-1.18168331813212,TRUE,FALSE,FALSE,0.781241902212698
"standardized_PCA","Standardized PCA",863,"near infrared",-0.036623932571027,0.0909090909090909,-0.127533023480118,-1.42963476031285,-0.127829153827945,-1.0804221859537,TRUE,FALSE,FALSE,0.706326904948685
"standardized_PCA","Standardized PCA",868,"near infrared",-0.0379082791266548,0.0909090909090909,-0.128817370035746,-1.44851556052734,-0.120364632419819,-0.990177068654395,TRUE,FALSE,FALSE,0.639436305255593
"standardized_PCA","Standardized PCA",873,"near infrared",-0.0384209896299899,0.0909090909090909,-0.129330080539081,-1.45605276653994,-0.11150730219623,-0.883093069388699,TRUE,FALSE,FALSE,0.567521287438316
"standardized_PCA","Standardized PCA",878,"near infrared",-0.0376566197868356,0.0909090909090909,-0.128565710695927,-1.44481599073723,-0.101099128568816,-0.757259570022615,TRUE,FALSE,FALSE,0.490194026060819
"standardized_PCA","Standardized PCA",883,"near infrared",-0.0371902844955647,0.0909090909090909,-0.128099375404656,-1.43796053305031,-0.0909543379007705,-0.634610337237508,TRUE,FALSE,FALSE,0.41263109397148
"standardized_PCA","Standardized PCA",888,"near infrared",-0.0370225019427288,0.0909090909090909,-0.12793159285182,-1.43549401118696,-0.0777879474492255,-0.475430346218302,TRUE,FALSE,FALSE,0.309626962237898
"standardized_PCA","Standardized PCA",893,"near infrared",-0.0339473326911129,0.0909090909090909,-0.124856423600204,-1.3902868542782,-0.0582395468249389,-0.239092661469736,TRUE,FALSE,FALSE,0.160433986774672
"standardized_PCA","Standardized PCA",898,"near infrared",-0.0314944449766374,0.0909090909090909,-0.122403535885728,-1.35422767485918,-0.0399077401732536,-0.017463443581956,TRUE,FALSE,FALSE,0.0120087410546956
"standardized_PCA","Standardized PCA",903,"longer near infrared",-0.0305385856642147,0.0909090909090909,-0.121447676573306,-1.34017586880113,-0.0244548715775096,0.169359778267951,TRUE,FALSE,FALSE,0.117596594927628
"standardized_PCA","Standardized PCA",908,"longer near infrared",-0.0264298469150006,0.0909090909090909,-0.117338937824091,-1.27977451130342,-0.0145357462545952,0.289280745645506,FALSE,FALSE,FALSE,0.20965798634172
"standardized_PCA","Standardized PCA",913,"longer near infrared",-0.0243785978445139,0.0909090909090909,-0.115287688753605,-1.24961970322588,-0.00722690533608251,0.377643705566167,FALSE,FALSE,FALSE,0.279814902422896
"standardized_PCA","Standardized PCA",918,"longer near infrared",-0.0233403343969546,0.0909090909090909,-0.114249425306045,-1.23435649826187,-0.000502531185496048,0.458940536374836,FALSE,FALSE,FALSE,0.343941470643454
"standardized_PCA","Standardized PCA",923,"longer near infrared",-0.0147770328523481,0.0909090909090909,-0.105686123761439,-1.1084699258787,-0.020910439021146,0.212211518429122,FALSE,FALSE,FALSE,0.175603475009789
"standardized_PCA","Standardized PCA",928,"longer near infrared",-0.00725965339816325,0.0909090909090909,-0.0981687443072542,-0.997959145911246,0.0511611053862771,1.08354735141497,FALSE,FALSE,FALSE,0.986874015713657
"standardized_PCA","Standardized PCA",933,"longer near infrared",-0.00279336045564617,0.0909090909090909,-0.0937024513647371,-0.932301489589809,0.0794974801512349,1.42613052918132,FALSE,FALSE,FALSE,1.38150583290159
"standardized_PCA","Standardized PCA",938,"longer near infrared",-0.00173906331969245,0.0909090909090909,-0.0926481542287834,-0.916802578097874,0.0865510867657539,1.51140773873121,FALSE,FALSE,FALSE,1.48643185145989
"standardized_PCA","Standardized PCA",943,"longer near infrared",-0.00258063209661817,0.0909090909090909,-0.0934897230057091,-0.929174232675261,0.0928664924718684,1.58776019290471,FALSE,FALSE,FALSE,1.54275159880115
"standardized_PCA","Standardized PCA",948,"longer near infrared",-0.00336847896364979,0.0909090909090909,-0.0942775698727407,-0.940756137287261,0.0808069066207998,1.44196132915894,FALSE,FALSE,FALSE,1.3854939476191
"standardized_PCA","Standardized PCA",953,"longer near infrared",-0.00328563506059189,0.0909090909090909,-0.0941947259696828,-0.93953827348269,0.0981900297188637,1.65212108317951,FALSE,FALSE,FALSE,1.58928355532743
"standardized_PCA","Standardized PCA",958,"longer near infrared",-0.00380867553701649,0.0909090909090909,-0.0947177664461074,-0.947227337385411,0.0977379894302475,1.64665597341028,FALSE,FALSE,FALSE,1.57239590165919
"standardized_PCA","Standardized PCA",963,"longer near infrared",-0.00375196260192488,0.0909090909090909,-0.0946610535110158,-0.946393617240058,0.0918455453594476,1.57541707177487,FALSE,FALSE,FALSE,1.50556831178897
"standardized_PCA","Standardized PCA",968,"longer near infrared",-0.0028748796054287,0.0909090909090909,-0.0937839705145196,-0.933499878586886,0.0784842451903652,1.4138806469858,FALSE,FALSE,FALSE,1.36805110119511
"standardized_PCA","Standardized PCA",973,"longer near infrared",-0.00247928285346763,0.0909090909090909,-0.0933883737625585,-0.927684327319553,0.0723169935106848,1.33931935620549,FALSE,FALSE,FALSE,1.30324003256794
"standardized_PCA","Standardized PCA",978,"longer near infrared",-0.00252942402480372,0.0909090909090909,-0.0934385149338946,-0.92842143790265,0.0725505661474996,1.34214321976684,FALSE,FALSE,FALSE,1.30505177187281
"standardized_PCA","Standardized PCA",983,"longer near infrared",-0.00241976503861654,0.0909090909090909,-0.0933288559477074,-0.92680937346346,0.0690696542650216,1.30005943649832,FALSE,FALSE,FALSE,1.26611566868851
"standardized_PCA","Standardized PCA",988,"longer near infrared",-0.00258188152292724,0.0909090909090909,-0.0934909724320181,-0.929192600123221,0.0655257002583823,1.25721348194263,FALSE,FALSE,FALSE,1.22155316875783
"standardized_PCA","Standardized PCA",993,"longer near infrared",-0.00215994346849875,0.0909090909090909,-0.0930690343775897,-0.922989813131155,0.0636411015287221,1.23442892227412,FALSE,FALSE,FALSE,1.20668740434061
"standardized_PCA","Standardized PCA",998,"longer near infrared",-0.00129568839005386,0.0909090909090909,-0.0922047792991448,-0.910284653920839,0.0552397897757382,1.13285812849346,FALSE,FALSE,FALSE,1.12132568192234
