"wavelength_nm","mean_reflectance","sampled_pixels","source"
"398","0.022834522943352","240","50m_smooth_5nm_sunlit_sample"
"403","0.0220466139512913","240","50m_smooth_5nm_sunlit_sample"
"408","0.0209490840129244","240","50m_smooth_5nm_sunlit_sample"
"413","0.0194627766051174","240","50m_smooth_5nm_sunlit_sample"
"418","0.018008134450065","240","50m_smooth_5nm_sunlit_sample"
"423","0.0170259193885916","240","50m_smooth_5nm_sunlit_sample"
"428","0.0170043423849468","240","50m_smooth_5nm_sunlit_sample"
"433","0.0172048275494793","240","50m_smooth_5nm_sunlit_sample"
"438","0.0172363359597512","240","50m_smooth_5nm_sunlit_sample"
"443","0.0172249571265032","240","50m_smooth_5nm_sunlit_sample"
"448","0.0172952404420357","240","50m_smooth_5nm_sunlit_sample"
"453","0.0175365284162884","240","50m_smooth_5nm_sunlit_sample"
"458","0.0177622430298167","240","50m_smooth_5nm_sunlit_sample"
"463","0.0180169007275254","240","50m_smooth_5nm_sunlit_sample"
"468","0.018516673745277","240","50m_smooth_5nm_sunlit_sample"
"473","0.0192287385948778","240","50m_smooth_5nm_sunlit_sample"
"478","0.0199431274357873","240","50m_smooth_5nm_sunlit_sample"
"483","0.0205572641338222","240","50m_smooth_5nm_sunlit_sample"
"488","0.0208909910346847","240","50m_smooth_5nm_sunlit_sample"
"493","0.0212799230008386","240","50m_smooth_5nm_sunlit_sample"
"498","0.0219373815460131","240","50m_smooth_5nm_sunlit_sample"
"503","0.0230801601389733","240","50m_smooth_5nm_sunlit_sample"
"508","0.0251866069079066","240","50m_smooth_5nm_sunlit_sample"
"513","0.0288021710662482","240","50m_smooth_5nm_sunlit_sample"
"518","0.0339183798447872","240","50m_smooth_5nm_sunlit_sample"
"523","0.0402293679149201","240","50m_smooth_5nm_sunlit_sample"
"528","0.0464559374920403","240","50m_smooth_5nm_sunlit_sample"
"533","0.0514946126146242","240","50m_smooth_5nm_sunlit_sample"
"538","0.055149230073827","240","50m_smooth_5nm_sunlit_sample"
"543","0.0578351536765695","240","50m_smooth_5nm_sunlit_sample"
"548","0.0598201343634476","240","50m_smooth_5nm_sunlit_sample"
"553","0.0609787988010794","240","50m_smooth_5nm_sunlit_sample"
"558","0.0606122564679633","240","50m_smooth_5nm_sunlit_sample"
"563","0.0581777062267065","240","50m_smooth_5nm_sunlit_sample"
"568","0.0543766832211986","240","50m_smooth_5nm_sunlit_sample"
"573","0.0501092037186027","240","50m_smooth_5nm_sunlit_sample"
"578","0.046517471371529","240","50m_smooth_5nm_sunlit_sample"
"583","0.0435971943661571","240","50m_smooth_5nm_sunlit_sample"
"588","0.0414903416143109","240","50m_smooth_5nm_sunlit_sample"
"593","0.040160092455335","240","50m_smooth_5nm_sunlit_sample"
"598","0.0395303747616708","240","50m_smooth_5nm_sunlit_sample"
"603","0.0389562083718677","240","50m_smooth_5nm_sunlit_sample"
"608","0.0376200722142433","240","50m_smooth_5nm_sunlit_sample"
"613","0.0358468464614513","240","50m_smooth_5nm_sunlit_sample"
"618","0.0339921085008731","240","50m_smooth_5nm_sunlit_sample"
"623","0.0329259842440176","240","50m_smooth_5nm_sunlit_sample"
"628","0.0324978415543834","240","50m_smooth_5nm_sunlit_sample"
"633","0.0320366140066956","240","50m_smooth_5nm_sunlit_sample"
"638","0.0309575020335615","240","50m_smooth_5nm_sunlit_sample"
"643","0.029321947977102","240","50m_smooth_5nm_sunlit_sample"
"648","0.0277575765619986","240","50m_smooth_5nm_sunlit_sample"
"653","0.0265425100534533","240","50m_smooth_5nm_sunlit_sample"
"658","0.0252908047676707","240","50m_smooth_5nm_sunlit_sample"
"663","0.0240173208100411","240","50m_smooth_5nm_sunlit_sample"
"668","0.0229239857057109","240","50m_smooth_5nm_sunlit_sample"
"673","0.0225695806012178","240","50m_smooth_5nm_sunlit_sample"
"678","0.0229460387335469","240","50m_smooth_5nm_sunlit_sample"
"683","0.0244658262313654","240","50m_smooth_5nm_sunlit_sample"
"688","0.0290043279567423","240","50m_smooth_5nm_sunlit_sample"
"693","0.038695289605918","240","50m_smooth_5nm_sunlit_sample"
"698","0.0566805590565006","240","50m_smooth_5nm_sunlit_sample"
"703","0.0827515870022277","240","50m_smooth_5nm_sunlit_sample"
"708","0.1104422887632","240","50m_smooth_5nm_sunlit_sample"
"713","0.142100844625384","240","50m_smooth_5nm_sunlit_sample"
"718","0.177401312533766","240","50m_smooth_5nm_sunlit_sample"
"723","0.217037664695332","240","50m_smooth_5nm_sunlit_sample"
"728","0.258256077673286","240","50m_smooth_5nm_sunlit_sample"
"733","0.294362344716986","240","50m_smooth_5nm_sunlit_sample"
"738","0.328001566231251","240","50m_smooth_5nm_sunlit_sample"
"743","0.353401372085015","240","50m_smooth_5nm_sunlit_sample"
"748","0.376485384441912","240","50m_smooth_5nm_sunlit_sample"
"753","0.382079489901662","240","50m_smooth_5nm_sunlit_sample"
"758","0.393146024085581","240","50m_smooth_5nm_sunlit_sample"
"763","0.405764965775112","240","50m_smooth_5nm_sunlit_sample"
"768","0.412958777012924","240","50m_smooth_5nm_sunlit_sample"
"773","0.417641265938679","240","50m_smooth_5nm_sunlit_sample"
"778","0.416882505702476","240","50m_smooth_5nm_sunlit_sample"
"783","0.418800064114233","240","50m_smooth_5nm_sunlit_sample"
"788","0.419024563084046","240","50m_smooth_5nm_sunlit_sample"
"793","0.420245657364527","240","50m_smooth_5nm_sunlit_sample"
"798","0.419505777209997","240","50m_smooth_5nm_sunlit_sample"
"803","0.425147696211934","240","50m_smooth_5nm_sunlit_sample"
"808","0.424300027700762","240","50m_smooth_5nm_sunlit_sample"
"813","0.433625742855171","240","50m_smooth_5nm_sunlit_sample"
"818","0.440842812135816","240","50m_smooth_5nm_sunlit_sample"
"823","0.434309891549249","240","50m_smooth_5nm_sunlit_sample"
"828","0.432120956666768","240","50m_smooth_5nm_sunlit_sample"
"833","0.435645921404163","240","50m_smooth_5nm_sunlit_sample"
"838","0.446244171075523","240","50m_smooth_5nm_sunlit_sample"
"843","0.45148810967803","240","50m_smooth_5nm_sunlit_sample"
"848","0.443205725215375","240","50m_smooth_5nm_sunlit_sample"
"853","0.439111095666885","240","50m_smooth_5nm_sunlit_sample"
"858","0.443055003446837","240","50m_smooth_5nm_sunlit_sample"
"863","0.446862307873865","240","50m_smooth_5nm_sunlit_sample"
"868","0.45569373127073","240","50m_smooth_5nm_sunlit_sample"
"873","0.463251461647451","240","50m_smooth_5nm_sunlit_sample"
"878","0.465479962217311","240","50m_smooth_5nm_sunlit_sample"
"883","0.460517482149104","240","50m_smooth_5nm_sunlit_sample"
"888","0.467249261029065","240","50m_smooth_5nm_sunlit_sample"
"893","0.451594259217381","240","50m_smooth_5nm_sunlit_sample"
"898","0.447104519667725","240","50m_smooth_5nm_sunlit_sample"
"903","0.459914118051529","240","50m_smooth_5nm_sunlit_sample"
"908","0.428842934158941","240","50m_smooth_5nm_sunlit_sample"
"913","0.436051732177536","240","50m_smooth_5nm_sunlit_sample"
"918","0.453646529962619","240","50m_smooth_5nm_sunlit_sample"
"923","0.430265579931438","240","50m_smooth_5nm_sunlit_sample"
"928","0.477328574284911","240","50m_smooth_5nm_sunlit_sample"
"933","0.537067277729511","240","50m_smooth_5nm_sunlit_sample"
"938","0.566873751146098","240","50m_smooth_5nm_sunlit_sample"
"943","0.560217988801499","240","50m_smooth_5nm_sunlit_sample"
"948","0.514564570349952","240","50m_smooth_5nm_sunlit_sample"
"953","0.572086363472044","240","50m_smooth_5nm_sunlit_sample"
"958","0.591198547246556","240","50m_smooth_5nm_sunlit_sample"
"963","0.552695003524423","240","50m_smooth_5nm_sunlit_sample"
"968","0.501284418255091","240","50m_smooth_5nm_sunlit_sample"
"973","0.483350629732013","240","50m_smooth_5nm_sunlit_sample"
"978","0.469955227772395","240","50m_smooth_5nm_sunlit_sample"
"983","0.457226473465562","240","50m_smooth_5nm_sunlit_sample"
"988","0.447021285506586","240","50m_smooth_5nm_sunlit_sample"
"993","0.476313556792835","240","50m_smooth_5nm_sunlit_sample"
"998","0.462318651750684","240","50m_smooth_5nm_sunlit_sample"
