"scale","x_metric","x_label","y_metric","y_label","x_transform","y_transform","n","pearson_r","spearman_r","r_squared","f_statistic","f_p_value","slope","intercept","residual_shapiro_p","residual_abs_cor_fitted","spectral_group","biodiversity_group"
"10m","phy_faith","Faith's PD","spec_alpha","Raw PCA alpha hull","identity","identity",1741,0.0216571076011506,-0.00358404145363175,0.000469030309647819,0.816026449615902,0.366469617987335,0.0147918911475803,527.786485468402,4.1532289111924e-23,0.0559876716382884,"raw_pca","phylogenetic"
"10m","phy_rao","Phylogenetic Rao's Q","spec_alpha","Raw PCA alpha hull","identity","identity",1741,0.0481748699927916,-0.00178992906540143,0.00232081809882237,4.04529105855581,0.044448783169685,0.104966952347124,520.55184084803,6.76392590806743e-23,0.0670433577568723,"raw_pca","phylogenetic"
"10m","phy_afaith","Abundance-weighted Faith's PD","spec_alpha","Raw PCA alpha hull","identity","identity",1741,0.0573613355193954,0.0363631889286604,0.00329032281256866,5.74076032571809,0.0166807281297006,0.0485616481190177,520.897127857845,3.25896150487004e-23,0.000954176979805896,"raw_pca","phylogenetic"
"10m","sp_rich","Species richness","spec_alpha","Raw PCA alpha hull","identity","identity",1741,-0.065746611298696,-0.0711348040586918,0.00432261689726178,7.54966509424328,0.00606408672191896,-6.81418826326755,562.958842629235,4.1404349225037e-23,0.022914520727429,"raw_pca","species"
"10m","sp_shannon","Shannon diversity","spec_alpha","Raw PCA alpha hull","identity","identity",1741,-0.0447627850412115,-0.0539126699080307,0.00200370692464571,3.49144216880953,0.0618548442804156,-17.6074075107608,552.383158327855,3.48167178792403e-23,0.0181692770205743,"raw_pca","species"
"10m","sp_simpson","Simpson diversity","spec_alpha","Raw PCA alpha hull","identity","identity",1741,-0.0372343031977777,-0.0460935184832903,0.00138639333462404,2.41428515776181,0.120414803944353,-30.4394646596451,551.492186095742,3.34949619569981e-23,0.0152738833340508,"raw_pca","species"
"10m","sp_even","Species evenness","spec_alpha","Raw PCA alpha hull","identity","identity",1741,-0.0108959975048952,-0.0040804082821585,0.000118722761626683,0.206483396747894,0.64959446728955,-7.76539268526477,540.165906210112,3.33400635165088e-23,0.00861367139897213,"raw_pca","species"
"10m","phy_faith","Faith's PD","spec_rao_q","Raw PCA Rao's Q","identity","identity",1744,0.0100877822167479,0.00363295509266002,0.000101763350052535,0.177289797395228,0.673764708640176,0.00398901495682345,157.700474776206,6.58320481116989e-54,0.0208981645551476,"raw_pca","phylogenetic"
"10m","phy_rao","Phylogenetic Rao's Q","spec_rao_q","Raw PCA Rao's Q","identity","identity",1744,0.0272486443352239,0.00183740617666626,0.000742488618107531,1.2943762323634,0.255399485614891,0.0343667791060809,154.938774447796,6.74774608001175e-54,0.0326433962710935,"raw_pca","phylogenetic"
"10m","phy_afaith","Abundance-weighted Faith's PD","spec_rao_q","Raw PCA Rao's Q","identity","identity",1744,0.0191835709997855,0.0225433513274923,0.00036800939630381,0.641308375869486,0.4233466176469,0.00940828763625112,156.879844348228,6.26697945385269e-54,-0.00513925878203476,"raw_pca","phylogenetic"
"10m","sp_rich","Species richness","spec_rao_q","Raw PCA Rao's Q","identity","identity",1744,-0.0818538587998546,-0.0651580962168156,0.00670005420042659,11.7502215383169,0.000622516767596648,-4.91482051420856,180.009258120667,1.07444972267897e-53,0.0864365217247846,"raw_pca","species"
"10m","sp_shannon","Shannon diversity","spec_rao_q","Raw PCA Rao's Q","identity","identity",1744,-0.0571243888431012,-0.0476930302179801,0.00326319580069783,5.70309740832945,0.0170409783672351,-13.0100909114291,172.696618175479,8.55599786147081e-54,0.0642010886480101,"raw_pca","species"
"10m","sp_simpson","Simpson diversity","spec_rao_q","Raw PCA Rao's Q","identity","identity",1744,-0.0490058300801318,-0.0452491254668189,0.00240157138184276,4.19360859756465,0.0407263008023322,-23.1988749005006,172.429466241756,8.01588018472921e-54,0.057715190241104,"raw_pca","species"
"10m","sp_even","Species evenness","spec_rao_q","Raw PCA Rao's Q","identity","identity",1744,-0.00740247270503513,0.00914421727635193,5.47966021487902e-05,0.0954609118768015,0.757383201433584,-3.05792482681501,161.73487846358,6.62693406136208e-54,0.0208956990753173,"raw_pca","species"
"10m","phy_faith","Faith's PD","spec_pca_mean","Raw PCA mean distance","identity","identity",1744,0.032578858499392,0.0208143920228733,0.0010613820211234,1.85089198427212,0.173855691695709,0.000223241065806311,7.50441572681919,8.91748653259402e-33,0.0509283232129427,"raw_pca","phylogenetic"
"10m","phy_rao","Phylogenetic Rao's Q","spec_pca_mean","Raw PCA mean distance","identity","identity",1744,0.0528132377302096,0.0200988709848203,0.00278923807954764,4.87244313851436,0.0274187843829757,0.00115426354866738,7.4525972662613,1.03894453712735e-32,0.0530185661729264,"raw_pca","phylogenetic"
"10m","phy_afaith","Abundance-weighted Faith's PD","spec_pca_mean","Raw PCA mean distance","identity","identity",1744,0.0539579291933256,0.0370384447474673,0.00291145812283194,5.08656938372282,0.0242354957194644,0.000458568969524292,7.47763134686512,7.51748710013504e-33,-0.00110993459893795,"raw_pca","phylogenetic"
"10m","sp_rich","Species richness","spec_pca_mean","Raw PCA mean distance","identity","identity",1744,-0.0605955784071762,-0.0566309340834802,0.00367182412250029,6.41989032957144,0.0113719269149668,-0.0630489265212653,7.86951351081888,1.21964054559856e-32,0.0572802116953728,"raw_pca","species"
"10m","sp_shannon","Shannon diversity","spec_pca_mean","Raw PCA mean distance","identity","identity",1744,-0.0338442458988579,-0.0376515494598126,0.00114543298046236,1.99763240600611,0.157723787447764,-0.133570903411352,7.74197655133842,9.25629679117829e-33,0.0430061730443785,"raw_pca","species"
"10m","sp_simpson","Simpson diversity","spec_pca_mean","Raw PCA mean distance","identity","identity",1744,-0.0261745624674905,-0.0343918175712077,0.000685107720364561,1.19427585648459,0.274619863130909,-0.214717212705179,7.7261895501275,8.79553222847321e-33,0.0410558755810308,"raw_pca","species"
"10m","sp_even","Species evenness","spec_pca_mean","Raw PCA mean distance","identity","identity",1744,0.00780893284765786,0.0167627035168753,6.09794322192304e-05,0.106232648932514,0.744513813840065,0.0558997589739488,7.56648994814892,8.22594961148216e-33,-0.0228859513715406,"raw_pca","species"
"10m","phy_faith","Faith's PD","spec_convex","Raw PCA convex hull","identity","identity",1744,-0.0138076437774298,-0.0214481007365404,0.000190651026684395,0.332177418450085,0.564454206530988,-0.0305560978777723,1080.83993115966,2.5697284261301e-40,0.0271032251540602,"raw_pca","phylogenetic"
"10m","phy_rao","Phylogenetic Rao's Q","spec_convex","Raw PCA convex hull","identity","identity",1744,0.00111515619985443,-0.0196884756973743,1.24357335007374e-06,0.0021663074697907,0.962882312310286,0.00787114632098164,1065.77490097338,2.45750579194502e-40,-0.00870446705200637,"raw_pca","phylogenetic"
"10m","phy_afaith","Abundance-weighted Faith's PD","spec_convex","Raw PCA convex hull","identity","identity",1744,0.00643550508781747,0.0296438456700329,4.14157257353256e-05,0.0721491823416851,0.78826470143606,0.0176633112595225,1061.85115440923,2.30720180580532e-40,-0.0600558676415583,"raw_pca","phylogenetic"
"10m","sp_rich","Species richness","spec_convex","Raw PCA convex hull","identity","identity",1744,-0.0638947516586205,-0.0388029967785598,0.00408253928951682,7.1409365965577,0.00760462821486294,-21.4704942612706,1156.29091930539,4.68291005923004e-40,0.0807232926938375,"raw_pca","species"
"10m","sp_shannon","Shannon diversity","spec_convex","Raw PCA convex hull","identity","identity",1744,-0.0426775394031702,-0.0219144031976354,0.00182137236950915,3.17862011854201,0.0747817997765332,-54.3959402384618,1121.87723099669,3.44048378118836e-40,0.0566688403929548,"raw_pca","species"
"10m","sp_simpson","Simpson diversity","spec_convex","Raw PCA convex hull","identity","identity",1744,-0.0351230425189105,-0.017109517487325,0.0012336281157852,2.15163449450513,0.142598702629689,-93.0507020087218,1118.56659154081,3.09293992316738e-40,0.0464401784807947,"raw_pca","species"
"10m","sp_even","Species evenness","spec_convex","Raw PCA convex hull","identity","identity",1744,-0.0146775128112865,0.00464814492548802,0.000215429382325478,0.375358847335615,0.540177598029443,-33.9321055860465,1091.2938537191,2.59029710417292e-40,0.019468241752322,"raw_pca","species"
"10m","phy_faith","Faith's PD","spec_hull3d_v","Raw PCA 3D hull volume","identity","identity",1744,0.0147227735240872,0.014534796410469,0.000216760060241562,0.377677890423081,0.538928875000524,0.327202222872509,7591.27584048609,1.33721053098589e-45,-0.000604114970637246,"raw_pca","phylogenetic"
"10m","phy_rao","Phylogenetic Rao's Q","spec_hull3d_v","Raw PCA 3D hull volume","identity","identity",1744,0.0265066499305351,0.00997156506338828,0.000702602490539934,1.2247940818929,0.268574660493503,1.87890758918391,7490.32898589424,1.37486488357575e-45,0.0177272039814624,"raw_pca","phylogenetic"
"10m","phy_afaith","Abundance-weighted Faith's PD","spec_hull3d_v","Raw PCA 3D hull volume","identity","identity",1744,0.0234732501809314,0.0369406541596033,0.000550993474056601,0.960359783780209,0.327232323861225,0.647010021091378,7559.09103060047,1.21722788040947e-45,-0.0175323765994593,"raw_pca","phylogenetic"
"10m","sp_rich","Species richness","spec_hull3d_v","Raw PCA 3D hull volume","identity","identity",1744,-0.0519890797330326,-0.029259401262106,0.00270286441148768,4.7211504343017,0.0299282024756267,-175.443499437864,8472.38405301169,2.03150248202164e-45,0.0695116859794622,"raw_pca","species"
"10m","sp_shannon","Shannon diversity","spec_hull3d_v","Raw PCA 3D hull volume","identity","identity",1744,-0.0313121088401184,-0.0155147587007457,0.000980448160015423,1.70961688547656,0.191207623435855,-400.800015340263,8146.96115038812,1.63151494143836e-45,0.0453305031962092,"raw_pca","species"
"10m","sp_simpson","Simpson diversity","spec_hull3d_v","Raw PCA 3D hull volume","identity","identity",1744,-0.0221187314520141,-0.0140131265789646,0.000489238281046319,0.85267024450741,0.355925915716863,-588.485865036096,8068.55924078108,1.50399686597709e-45,0.0336219557413094,"raw_pca","species"
"10m","sp_even","Species evenness","spec_hull3d_v","Raw PCA 3D hull volume","identity","identity",1744,-0.00808207851741381,-0.00367399680219297,6.53199931616412e-05,0.113794861167132,0.735905064051877,-187.641848436791,7876.63888826782,1.38511547144585e-45,0.0134503478117699,"raw_pca","species"
"10m","phy_faith","Faith's PD","spec_hull3d_a","Raw PCA 3D hull area","identity","identity",1744,-0.000888609935278774,-0.00433292282763507,7.89627617076197e-07,0.0013755323951051,0.970418953536517,-0.00470149922493553,2635.51819152305,3.69624007113065e-41,0.0165730156274656,"raw_pca","phylogenetic"
"10m","phy_rao","Phylogenetic Rao's Q","spec_hull3d_a","Raw PCA 3D hull area","identity","identity",1744,0.01350838204644,-0.00569383079673034,0.00018247638551258,0.317931878622964,0.572925748190209,0.227956774567446,2602.90881682552,3.65263922750474e-41,0.00212023396732768,"raw_pca","phylogenetic"
"10m","phy_afaith","Abundance-weighted Faith's PD","spec_hull3d_a","Raw PCA 3D hull area","identity","identity",1744,0.0148134981593418,0.0328281037557798,0.000219439727716824,0.382347908003532,0.53643018352759,0.0972062071300707,2605.98169770095,3.28523217370917e-41,-0.0441795131177842,"raw_pca","phylogenetic"
"10m","sp_rich","Species richness","spec_hull3d_a","Raw PCA 3D hull area","identity","identity",1744,-0.0593546047456014,-0.0344075169704017,0.00352296910450662,6.15870912201101,0.0131703405344926,-47.6846016426031,2832.05696405182,6.43713386821948e-41,0.0776150263821234,"raw_pca","species"
"10m","sp_shannon","Shannon diversity","spec_hull3d_a","Raw PCA 3D hull area","identity","identity",1744,-0.0379488212171679,-0.0187772075849639,0.00144011303177257,2.51229488995851,0.113142828323423,-115.641120757394,2750.39532378983,4.84308118701188e-41,0.0536606757708991,"raw_pca","species"
"10m","sp_simpson","Simpson diversity","spec_hull3d_a","Raw PCA 3D hull area","identity","identity",1744,-0.0294310871178859,-0.0157616614353361,0.000866188888940587,1.51020917093835,0.219273151476952,-186.414939670453,2737.01668643008,4.37268191255334e-41,0.0426471238986482,"raw_pca","species"
"10m","sp_even","Species evenness","spec_hull3d_a","Raw PCA 3D hull area","identity","identity",1744,-0.0112380409752712,0.000607191962634448,0.000126293564961875,0.220031178685545,0.639074861475619,-62.1149069155367,2678.15121947048,3.79982397821518e-41,0.0179121458981747,"raw_pca","species"
"10m","phy_faith","Faith's PD","spec_spca_alpha","Std PCA alpha hull","identity","identity",1744,0.152949455596971,0.113944659485636,0.0233935359674098,41.7276980606469,1.35748499117e-10,0.0992662098661044,502.150380124695,3.67044876144643e-30,0.0783974682405238,"standardized_pca","phylogenetic"
"10m","phy_rao","Phylogenetic Rao's Q","spec_spca_alpha","Std PCA alpha hull","identity","identity",1744,0.176700073123062,0.112107227401663,0.0312229158416955,56.1432761835908,1.06582636162815e-13,0.365775150889332,498.810808740093,1.01807577709433e-29,0.0958211239786439,"standardized_pca","phylogenetic"
"10m","phy_afaith","Abundance-weighted Faith's PD","spec_spca_alpha","Std PCA alpha hull","identity","identity",1744,0.188235408715587,0.132439292794359,0.035432569094324,63.9908972505503,2.25843841968386e-15,0.151518614955482,504.996807175095,1.76257564224507e-30,0.0555420734095155,"standardized_pca","phylogenetic"
"10m","sp_rich","Species richness","spec_spca_alpha","Std PCA alpha hull","identity","identity",1744,-0.0323210510994041,-0.0188531881381563,0.00104465034417031,1.82168392228105,0.177288329307417,-3.18520594703115,560.947729444582,2.14179430051696e-30,0.0146487175648173,"standardized_pca","species"
"10m","sp_shannon","Shannon diversity","spec_spca_alpha","Std PCA alpha hull","identity","identity",1744,-0.0246043137563754,-0.0160589552763287,0.000605372255422163,1.05519725608824,0.304455753016462,-9.19715612563088,556.983309077242,1.96534780143207e-30,0.00793801796518995,"standardized_pca","species"
"10m","sp_simpson","Simpson diversity","spec_spca_alpha","Std PCA alpha hull","identity","identity",1744,-0.0215551090498706,-0.0116727447901378,0.00046462272615181,0.809749016752115,0.368318839351865,-16.7476137113802,556.987818469377,1.88740076662821e-30,0.00336998379989342,"standardized_pca","species"
"10m","sp_even","Species evenness","spec_spca_alpha","Std PCA alpha hull","identity","identity",1744,-0.0250580210488732,-0.0191791905924864,0.000627904418885771,1.09449673703665,0.295622160845553,-16.9894882585307,559.926043250088,1.78343473804612e-30,0.0025980562981402,"standardized_pca","species"
"10m","phy_faith","Faith's PD","spec_spca_rao","Std PCA Rao's Q","identity","identity",1744,0.0258519896003669,0.115342166389447,0.000668325366297476,1.16500138806962,0.28058012717332,0.0168222046537969,135.596648953038,2.28539101277768e-61,-0.0166489340618043,"standardized_pca","phylogenetic"
"10m","phy_rao","Phylogenetic Rao's Q","spec_spca_rao","Std PCA Rao's Q","identity","identity",1744,0.0437895976538778,0.115416500911364,0.0019175288626885,3.34675277384349,0.0675085727682812,0.090883252012671,131.170305210415,2.22741038043128e-61,0.00535683242252569,"standardized_pca","phylogenetic"
"10m","phy_afaith","Abundance-weighted Faith's PD","spec_spca_rao","Std PCA Rao's Q","identity","identity",1744,0.0247425802063645,0.118184761008124,0.000612195275268382,1.06709744152948,0.301745374940742,0.0199684838844868,137.687005148258,2.19451641596664e-61,-0.0328651958088523,"standardized_pca","phylogenetic"
"10m","sp_rich","Species richness","spec_spca_rao","Std PCA Rao's Q","identity","identity",1744,-0.0816976109520962,-0.0194271108448491,0.00667449963528009,11.7051040775545,0.000637688841598317,-8.07229145284834,176.947667850264,6.54654578791352e-61,0.121930486015696,"standardized_pca","species"
"10m","sp_shannon","Shannon diversity","spec_spca_rao","Std PCA Rao's Q","identity","identity",1744,-0.0602378151594359,-0.011807395563581,0.00362859437518237,6.34403131792388,0.0118666098133426,-22.5759975248907,166.159365215954,4.51179056918958e-61,0.0910269504882353,"standardized_pca","species"
"10m","sp_simpson","Simpson diversity","spec_spca_rao","Std PCA Rao's Q","identity","identity",1744,-0.0518602044973615,-0.00955033685879449,0.00268948081050815,4.69770997273019,0.0303379226966391,-40.3991633163401,165.775239321829,3.97253570606755e-61,0.078608471986227,"standardized_pca","species"
"10m","sp_even","Species evenness","spec_spca_rao","Std PCA Rao's Q","identity","identity",1744,-0.0204223348792913,-0.0115340196544135,0.000417071761921918,0.726842154606042,0.394025885341952,-13.8827133434371,153.321988432505,2.77774994868151e-61,0.0230013009508551,"standardized_pca","species"
"10m","phy_faith","Faith's PD","spec_spca_mean","Std PCA mean distance","identity","identity",1744,0.119174997265763,0.151305306975585,0.0142026799732946,25.0975205662041,6.00294649947351e-07,0.000956582242081547,6.40327685231647,5.14165208739289e-49,0.0285274396659201,"standardized_pca","phylogenetic"
"10m","phy_rao","Phylogenetic Rao's Q","spec_spca_mean","Std PCA mean distance","identity","identity",1744,0.140069370440033,0.150817761532645,0.0196194285354673,34.8609973550668,4.2474891183694e-09,0.00358595061848359,6.36292636923665,6.37784476139532e-49,0.0518732693067322,"standardized_pca","phylogenetic"
"10m","phy_afaith","Abundance-weighted Faith's PD","spec_spca_mean","Std PCA mean distance","identity","identity",1744,0.122298147232418,0.141681513445298,0.0149568368164822,26.4504244160293,3.00872765899464e-07,0.00121749786192934,6.49904492597628,3.72098163104887e-49,0.00758270044219091,"standardized_pca","phylogenetic"
"10m","sp_rich","Species richness","spec_spca_mean","Std PCA mean distance","identity","identity",1744,-0.0516658583962656,-0.00671978948607114,0.002669360923823,4.6624725513366,0.030964889680954,-0.0629708202632219,7.1043710054576,1.81029836227689e-48,0.0864559684861271,"standardized_pca","species"
"10m","sp_shannon","Shannon diversity","spec_spca_mean","Std PCA mean distance","identity","identity",1744,-0.0318964474482303,0.00131225684884877,0.00101738335981772,1.77408673912973,0.183051356191666,-0.14745797870721,6.99121376421016,1.36511293125823e-48,0.0606526337872603,"standardized_pca","species"
"10m","sp_simpson","Simpson diversity","spec_spca_mean","Std PCA mean distance","identity","identity",1744,-0.0248121691009242,0.00196896441638474,0.00061564373549286,1.07311204193466,0.300387343042258,-0.238424621733219,6.97455483546111,1.24494201469271e-48,0.0471944444023005,"standardized_pca","species"
"10m","sp_even","Species evenness","spec_spca_mean","Std PCA mean distance","identity","identity",1744,-0.0137369490611173,-0.00936095253675104,0.00018870376950773,0.328784009264367,0.56644999885391,-0.115188062895594,6.92503923389731,1.07415464872832e-48,0.0113446814586051,"standardized_pca","species"
"10m","phy_faith","Faith's PD","spec_spca_convex","Std PCA convex hull","identity","identity",1744,-0.0257109679161645,-0.019998330455969,0.000661053871186042,1.15231758760821,0.283213197033311,-0.123554421643737,1942.85279873804,1.56965218788079e-41,0.0761074347499459,"standardized_pca","phylogenetic"
"10m","phy_rao","Phylogenetic Rao's Q","spec_spca_convex","Std PCA convex hull","identity","identity",1744,-0.0208447425749368,-0.0259149586661782,0.000434503293015386,0.757233756993798,0.38431549177622,-0.319492278117737,1928.87039339122,1.47705886949385e-41,0.0683304897232491,"standardized_pca","phylogenetic"
"10m","phy_afaith","Abundance-weighted Faith's PD","spec_spca_convex","Std PCA convex hull","identity","identity",1744,-0.00404106053952447,0.0167348026080911,1.63301702841019e-05,0.0284476211894038,0.866080339647609,-0.0240849854421851,1892.97287001866,1.24327812626732e-41,0.0951493018030547,"standardized_pca","phylogenetic"
"10m","sp_rich","Species richness","spec_spca_convex","Std PCA convex hull","identity","identity",1744,-0.0765894411256898,-0.0410356856698914,0.00586594249194561,10.2787664739938,0.00137009506086693,-55.8865503994923,2119.06010110263,3.10889685467473e-41,0.109020594598979,"standardized_pca","species"
"10m","sp_shannon","Shannon diversity","spec_spca_convex","Std PCA convex hull","identity","identity",1744,-0.0606062947022863,-0.038761312086885,0.00367312295754038,6.42216961066951,0.0113573958027891,-167.743768917272,2055.95201401884,2.13134840563113e-41,0.081878700514396,"standardized_pca","species"
"10m","sp_simpson","Simpson diversity","spec_spca_convex","Std PCA convex hull","identity","identity",1744,-0.0533320818457041,-0.0313698488149636,0.00284431095399688,4.96892284353599,0.0259338190424889,-306.815721043822,2056.79145149472,1.85801855515625e-41,0.072222883800585,"standardized_pca","species"
"10m","sp_even","Species evenness","spec_spca_convex","Std PCA convex hull","identity","identity",1744,-0.0359305389229685,-0.0202586172056729,0.00129100362729495,2.25183544647728,0.133637242979627,-180.378022008087,2016.25401285955,1.33667104815222e-41,0.0391492127651979,"standardized_pca","species"
"10m","phy_faith","Faith's PD","spec_spca_hull3d_v","Std PCA 3D hull volume","identity","identity",1744,-0.0214750369887623,0.00163778224717385,0.000461177213668708,0.803741373417992,0.370100982255308,-2.196745448613,30147.6812200189,1.00682922841749e-46,0.0794300192760431,"standardized_pca","phylogenetic"
"10m","phy_rao","Phylogenetic Rao's Q","spec_spca_hull3d_v","Std PCA 3D hull volume","identity","identity",1744,-0.0111195475314078,-0.00333596725636153,0.000123644337303238,0.21541507043587,0.642613827293528,-3.62791325704412,29624.8791728709,8.78601636472791e-47,0.06190415929432,"standardized_pca","phylogenetic"
"10m","phy_afaith","Abundance-weighted Faith's PD","spec_spca_hull3d_v","Std PCA 3D hull volume","identity","identity",1744,-0.00274645924033991,0.0265259554209659,7.54303835884849e-06,0.0131400719371807,0.908751489125705,-0.348441711771015,29238.3655553247,8.17178119383318e-47,0.0863170167075322,"standardized_pca","phylogenetic"
"10m","sp_rich","Species richness","spec_spca_hull3d_v","Std PCA 3D hull volume","identity","identity",1744,-0.0717366212877083,-0.0313097884762949,0.00514614283377619,9.01095246489082,0.00272182664959864,-1114.25674111628,33783.1685097362,1.91509234299125e-46,0.111758029297855,"standardized_pca","species"
"10m","sp_shannon","Shannon diversity","spec_spca_hull3d_v","Std PCA 3D hull volume","identity","identity",1744,-0.0536947196895886,-0.0301116671918811,0.0028831229225435,5.03692219691577,0.0249376437091245,-3163.48800372725,32341.7920738434,1.28817530199966e-46,0.0799000298192997,"standardized_pca","species"
"10m","sp_simpson","Simpson diversity","spec_spca_hull3d_v","Std PCA 3D hull volume","identity","identity",1744,-0.0432557661862949,-0.0237950120930591,0.00187106130836342,3.26549874752808,0.0709239729234144,-5297.11046802915,32085.6390158358,1.08566585539993e-46,0.0648577128337044,"standardized_pca","species"
"10m","sp_even","Species evenness","spec_spca_hull3d_v","Std PCA 3D hull volume","identity","identity",1744,-0.0286177945289571,-0.0215929878198175,0.000818978163701607,1.42782932220458,0.23228167783207,-3058.17264447784,31345.3763419194,8.50251374511505e-47,0.0304564695099805,"standardized_pca","species"
"10m","phy_faith","Faith's PD","spec_spca_hull3d_a","Std PCA 3D hull area","identity","identity",1744,-0.0211346718121434,-0.00915726211113253,0.000446674352607009,0.778454437873481,0.377735974109632,-0.266982171132055,5468.30215162638,8.51590736814589e-41,0.08162565419963,"standardized_pca","phylogenetic"
"10m","phy_rao","Phylogenetic Rao's Q","spec_spca_hull3d_a","Std PCA 3D hull area","identity","identity",1744,-0.0149590677707945,-0.0165172407220916,0.000223773708571224,0.389901049934992,0.532433186684175,-0.602719504914088,5426.37840002085,7.74547769133229e-41,0.0699402640477561,"standardized_pca","phylogenetic"
"10m","phy_afaith","Abundance-weighted Faith's PD","spec_spca_hull3d_a","Std PCA 3D hull area","identity","identity",1744,0.00138424845722846,0.0208099692132598,1.91614379133935e-06,0.00333792888046485,0.953934628070211,0.021687623541691,5339.7511117322,6.26927165135311e-41,-0.0965057264577038,"standardized_pca","phylogenetic"
"10m","sp_rich","Species richness","spec_spca_hull3d_a","Std PCA 3D hull area","identity","identity",1744,-0.0735929835400136,-0.0339726653482606,0.00541592722632082,9.48592028217381,0.00210290631388478,-141.163266598504,5934.06717639318,1.72556037353325e-40,0.110976731931657,"standardized_pca","species"
"10m","sp_shannon","Shannon diversity","spec_spca_hull3d_a","Std PCA 3D hull area","identity","identity",1744,-0.0585217079803112,-0.0344921801314841,0.00342479030493281,5.98648717442855,0.0145141168111336,-425.787142132944,5776.77307389328,1.18168674040077e-40,0.08404927905158,"standardized_pca","species"
"10m","sp_simpson","Simpson diversity","spec_spca_hull3d_a","Std PCA 3D hull area","identity","identity",1744,-0.0505447377847437,-0.02836217426087,0.00255477051772849,4.46180914033048,0.0348027561723611,-764.384560300237,5770.89041476776,1.01566422916804e-40,0.0733681145976326,"standardized_pca","species"
"10m","sp_even","Species evenness","spec_spca_hull3d_a","Std PCA 3D hull area","identity","identity",1744,-0.0359315932163089,-0.0233187471946427,0.0012910793910623,2.25196776840564,0.1336258340238,-474.180019083214,5687.77700906681,7.42463599378819e-41,0.0401690102311819,"standardized_pca","species"
"10m","phy_faith","Faith's PD","spec_sa","Spectral angle entropy","identity","identity",1903,0.0984630163355496,0.109949011784291,0.00969496558589483,18.610558301049,1.68556074363551e-05,4.71118184298528e-05,2.82195929357693,4.79560955997181e-26,-0.0189932859645502,"non_pca","phylogenetic"
"10m","phy_rao","Phylogenetic Rao's Q","spec_sa","Spectral angle entropy","identity","identity",1903,0.114930106581778,0.110663370336387,0.0132089293988989,25.4462930760116,4.98181405718525e-07,0.000176967149048412,2.82001219374461,4.61932574967213e-26,-0.0082107500430571,"non_pca","phylogenetic"
"10m","phy_afaith","Abundance-weighted Faith's PD","spec_sa","Spectral angle entropy","identity","identity",1903,0.10617909668071,0.0829534479728978,0.0112740005719317,21.6762531779679,3.45093269139253e-06,6.34504654589336e-05,2.82581820996801,2.57299942195334e-26,-0.0359856612575908,"non_pca","phylogenetic"
"10m","sp_rich","Species richness","spec_sa","Spectral angle entropy","identity","identity",1903,-0.0233392839271353,0.013977691801868,0.000544722174231354,1.03608122963389,0.30886415282513,-0.00165832629353976,2.85036359936038,2.21060527331463e-25,0.0598589516454645,"non_pca","species"
"10m","sp_shannon","Shannon diversity","spec_sa","Spectral angle entropy","identity","identity",1903,-0.0274933393631774,0.0053549939214677,0.000755883709338845,1.43802190878767,0.230609156430814,-0.00742722290753874,2.85095017551173,2.39479790841918e-25,0.0406912608031103,"non_pca","species"
"10m","sp_simpson","Simpson diversity","spec_sa","Spectral angle entropy","identity","identity",1903,-0.0255669427138978,0.00016323194585523,0.000653668559735732,1.24343672755245,0.264950685641024,-0.0142915922448457,2.85137489218295,2.17026533449183e-25,0.0314075180176882,"non_pca","species"
"10m","sp_even","Species evenness","spec_sa","Spectral angle entropy","identity","identity",1903,-0.0268981528544264,-0.0210234393251991,0.00072351062698008,1.37638953434409,0.240864075318933,-0.0130133302719656,2.85280711613779,1.72432540157807e-25,-0.00225387723669752,"non_pca","species"
"20m","phy_faith","Faith's PD","spec_alpha","Raw PCA alpha hull","identity","identity",436,0.116581265416051,0.111886714152731,0.0135911914460077,5.97985037888525,0.0148666880349928,0.0609210413685166,606.395755498412,4.19429110828594e-13,0.0753709876768674,"raw_pca","phylogenetic"
"20m","phy_rao","Phylogenetic Rao's Q","spec_alpha","Raw PCA alpha hull","identity","identity",436,0.155617117607741,0.154596096447189,0.0242166872925414,10.7708772512222,0.00111438194624287,0.400624761475503,579.883451920306,4.40083061245617e-13,0.0932226151713337,"raw_pca","phylogenetic"
"20m","phy_afaith","Abundance-weighted Faith's PD","spec_alpha","Raw PCA alpha hull","identity","identity",436,0.217047789473394,0.165161649016149,0.0471097429152866,21.4564355897457,4.79147154409325e-06,0.0758948013112461,587.723441396906,5.87771387074888e-13,0.08998405403315,"raw_pca","phylogenetic"
"20m","sp_rich","Species richness","spec_alpha","Raw PCA alpha hull","identity","identity",436,-0.128204816256347,-0.138160606027162,0.0164364749113238,7.25263791260599,0.00735387286877455,-8.78740357892716,718.157044467605,1.26953607670792e-12,0.0906457371764389,"raw_pca","species"
"20m","sp_shannon","Shannon diversity","spec_alpha","Raw PCA alpha hull","identity","identity",436,-0.0969434453870789,-0.111890843569041,0.00939803160351753,4.11744156185052,0.0430530486252948,-40.3890989160574,717.201600123222,9.91153508777134e-13,0.0813282397678085,"raw_pca","species"
"20m","sp_simpson","Simpson diversity","spec_alpha","Raw PCA alpha hull","identity","identity",436,-0.0625470201298074,-0.0992288018231348,0.00391212972711854,1.70453265443772,0.192387923139898,-80.986090077135,712.465067949148,7.38622646151369e-13,0.0803216959958112,"raw_pca","species"
"20m","sp_even","Species evenness","spec_alpha","Raw PCA alpha hull","identity","identity",436,0.0134385295075997,0.00746280650114344,0.000180594075326627,0.0783919858199481,0.779621882119262,18.5276211040157,637.230243540944,3.7403234496315e-13,-0.00552288340580396,"raw_pca","species"
"20m","phy_faith","Faith's PD","spec_rao_q","Raw PCA Rao's Q","identity","identity",436,0.102762974176994,0.0521005729699567,0.0105602288617015,4.63205488567111,0.031930767512012,0.0246274647383882,156.53245613623,1.30209625162382e-24,0.149449217150117,"raw_pca","phylogenetic"
"20m","phy_rao","Phylogenetic Rao's Q","spec_rao_q","Raw PCA Rao's Q","identity","identity",436,0.100197130134142,0.088836122740175,0.0100394648871182,4.4013146044377,0.0364889040462233,0.118298759685399,153.700494345001,8.64615376261996e-25,0.122679327687604,"raw_pca","phylogenetic"
"20m","phy_afaith","Abundance-weighted Faith's PD","spec_rao_q","Raw PCA Rao's Q","identity","identity",436,0.12459495523136,0.0691191343005465,0.0155239028691046,6.84361343543681,0.00920605869547105,0.0199802816953343,158.081903407635,6.71697815855301e-25,0.0945103852908984,"raw_pca","phylogenetic"
"20m","sp_rich","Species richness","spec_rao_q","Raw PCA Rao's Q","identity","identity",436,-0.123736181632776,-0.160573322495482,0.0153106426450593,6.74813722553572,0.00970361529787535,-3.88953272154756,204.241244073898,7.17462799374924e-25,0.0806252893674054,"raw_pca","species"
"20m","sp_shannon","Shannon diversity","spec_rao_q","Raw PCA Rao's Q","identity","identity",436,-0.0797017315765266,-0.132811575863444,0.00635236601629669,2.77455181976308,0.096495052177263,-15.2285291068624,199.558886780055,5.86986514905577e-25,0.0619476248988751,"raw_pca","species"
"20m","sp_simpson","Simpson diversity","spec_rao_q","Raw PCA Rao's Q","identity","identity",436,-0.0434186921856003,-0.11923637408722,0.00188518283110791,0.819714660705602,0.365765940550163,-25.7825004260296,194.239162636836,5.83228241411502e-25,0.050336645184084,"raw_pca","species"
"20m","sp_even","Species evenness","spec_rao_q","Raw PCA Rao's Q","identity","identity",436,0.0272884372427278,-0.00131826891962034,0.000744658807150294,0.323422761911318,0.569852070993423,17.2540504628845,161.081022337454,5.34200394214249e-25,0.00474971196500478,"raw_pca","species"
"20m","phy_faith","Faith's PD","spec_pca_mean","Raw PCA mean distance","identity","identity",436,0.0973377455337454,0.0717500440238523,0.00947463670559219,4.15132462287574,0.0422080300486148,0.000419206696652885,7.70501991764119,8.179295451418e-11,0.145066430612803,"raw_pca","phylogenetic"
"20m","phy_rao","Phylogenetic Rao's Q","spec_pca_mean","Raw PCA mean distance","identity","identity",436,0.117851258951857,0.111858846047763,0.0138889192365377,6.11268960084147,0.0138038188873437,0.00250047791280108,7.56887880759986,6.71188858220761e-11,0.13759773867592,"raw_pca","phylogenetic"
"20m","phy_afaith","Abundance-weighted Faith's PD","spec_pca_mean","Raw PCA mean distance","identity","identity",436,0.163686367540231,0.0924687825087939,0.0267932269185155,11.9483965836129,0.000600851126840495,0.000471712676556099,7.61949568617567,9.58263766613069e-11,0.100871118862761,"raw_pca","phylogenetic"
"20m","sp_rich","Species richness","spec_pca_mean","Raw PCA mean distance","identity","identity",436,-0.129889415381605,-0.149340330538861,0.0168712602281752,7.4477803799403,0.00660961036071927,-0.0733733535793161,8.57086035133348,4.92169230963523e-11,0.0501221947001613,"raw_pca","species"
"20m","sp_shannon","Shannon diversity","spec_pca_mean","Raw PCA mean distance","identity","identity",436,-0.082700753060714,-0.124585461976882,0.00683941455680919,2.98874719875296,0.0845561730881264,-0.283964175016073,8.47720560848821,3.64941385285705e-11,0.0534629916429128,"raw_pca","species"
"20m","sp_simpson","Simpson diversity","spec_pca_mean","Raw PCA mean distance","identity","identity",436,-0.0408310502690222,-0.112078195571456,0.00166717466607143,0.724762110103893,0.395055757701178,-0.435715223980413,8.34451657941596,3.60776240082344e-11,0.0589861881785689,"raw_pca","species"
"20m","sp_even","Species evenness","spec_pca_mean","Raw PCA mean distance","identity","identity",436,0.0348281351181984,0.000189089424384862,0.00121299899581148,0.52708091280012,0.46822802501085,0.395736863308905,7.69971642489863,2.86877769117905e-11,-0.0235118042747028,"raw_pca","species"
"20m","phy_faith","Faith's PD","spec_convex","Raw PCA convex hull","identity","identity",436,0.00150356981971066,-0.0304941831581947,2.26072220274468e-06,0.000981155654111563,0.975026025140543,0.00336325943812401,1457.01225761831,2.49847262219642e-22,-0.0154066496834752,"raw_pca","phylogenetic"
"20m","phy_rao","Phylogenetic Rao's Q","spec_convex","Raw PCA convex hull","identity","identity",436,0.00911104653227919,-0.0158132908437138,8.30111689133571e-05,0.0360298381873806,0.849542631148884,0.100403049221162,1441.40720176366,2.50989386621062e-22,-0.00328059047643637,"raw_pca","phylogenetic"
"20m","phy_afaith","Abundance-weighted Faith's PD","spec_convex","Raw PCA convex hull","identity","identity",436,0.0291427999514758,-0.0057465231652643,0.000849302789011741,0.368910727340722,0.543916262339023,0.0436200493643563,1422.45671312138,2.30266011330806e-22,-0.0208368914388289,"raw_pca","phylogenetic"
"20m","sp_rich","Species richness","spec_convex","Raw PCA convex hull","identity","identity",436,-0.144057358086604,-0.148466539567353,0.020752522418892,9.19746533536834,0.00256884169559668,-42.2658779239665,1776.53789471529,9.24407947361588e-22,0.151524821853953,"raw_pca","species"
"20m","sp_shannon","Shannon diversity","spec_convex","Raw PCA convex hull","identity","identity",436,-0.092893086373838,-0.0858021496253322,0.00862912549605732,3.77763817921603,0.0525879632251521,-165.66368690198,1725.94911319903,5.26625759358852e-22,0.119751201717801,"raw_pca","species"
"20m","sp_simpson","Simpson diversity","spec_convex","Raw PCA convex hull","identity","identity",436,-0.0571227410180936,-0.0692049919028897,0.00326300754142019,1.42078129305029,0.233926209387905,-316.600111517809,1694.93752702313,3.66665135736777e-22,0.0838895734320876,"raw_pca","species"
"20m","sp_even","Species evenness","spec_convex","Raw PCA convex hull","identity","identity",436,0.0153706627584949,0.0326655600253953,0.000236257273635385,0.10255988727711,0.748933155862773,90.7107424945105,1386.00004998368,2.3871536828273e-22,-0.0060271851844065,"raw_pca","species"
"20m","phy_faith","Faith's PD","spec_hull3d_v","Raw PCA 3D hull volume","identity","identity",436,0.0801297830426322,0.0495019655516239,0.00642078213045929,2.80462734576361,0.0947130547905841,2.06480845625183,10778.2896442542,1.81216647192126e-25,0.067962914503038,"raw_pca","phylogenetic"
"20m","phy_rao","Phylogenetic Rao's Q","spec_hull3d_v","Raw PCA 3D hull volume","identity","identity",436,0.070079749376791,0.0546119504226641,0.00491117127271383,2.141967903593,0.144041809113537,8.89652106195308,10725.437727725,1.52170880749293e-25,0.0522548520983104,"raw_pca","phylogenetic"
"20m","phy_afaith","Abundance-weighted Faith's PD","spec_hull3d_v","Raw PCA 3D hull volume","identity","identity",436,0.0891911633661981,0.0666367926611296,0.00795506362261585,3.48018268690796,0.0627823649000953,1.53789165295364,11024.9253056662,1.29496855680839e-25,0.037314032494542,"raw_pca","phylogenetic"
"20m","sp_rich","Species richness","spec_hull3d_v","Raw PCA 3D hull volume","identity","identity",436,-0.107138668072185,-0.124635796886688,0.0114786941962819,5.0396013236517,0.0252770898006654,-362.117676399143,15048.370295305,2.30619484926801e-25,0.092044212791176,"raw_pca","species"
"20m","sp_shannon","Shannon diversity","spec_hull3d_v","Raw PCA 3D hull volume","identity","identity",436,-0.0717096843715014,-0.0896605294648668,0.00514227883266034,2.24328460833164,0.134922584359644,-1473.23074765511,14701.6036760253,1.9676291815264e-25,0.0786705787940552,"raw_pca","species"
"20m","sp_simpson","Simpson diversity","spec_hull3d_v","Raw PCA 3D hull volume","identity","identity",436,-0.0419416475067778,-0.0763569446565949,0.0017591017955828,0.764795532477372,0.382315606671435,-2677.91349711891,14323.5293810354,1.66932288719437e-25,0.065209235152027,"raw_pca","species"
"20m","sp_even","Species evenness","spec_hull3d_v","Raw PCA 3D hull volume","identity","identity",436,0.00765150894233649,0.0119964643462914,5.85455890946553e-05,0.0254102733265014,0.87342316698116,520.190302145179,11910.7432867543,1.30579561674843e-25,-0.0233555236540156,"raw_pca","species"
"20m","phy_faith","Faith's PD","spec_hull3d_a","Raw PCA 3D hull area","identity","identity",436,0.0374963309571924,0.00985466989755961,0.0014059748352513,0.611052202518833,0.434818142074602,0.20614191321277,3462.20793070667,2.15231982520332e-23,0.0240538986729772,"raw_pca","phylogenetic"
"20m","phy_rao","Phylogenetic Rao's Q","spec_hull3d_a","Raw PCA 3D hull area","identity","identity",436,0.0365105842078686,0.0141355203614996,0.00133302275919986,0.5793041030466,0.446998564544988,0.9888676710376,3438.74551818808,2.13750667146678e-23,0.0224811821964173,"raw_pca","phylogenetic"
"20m","phy_afaith","Abundance-weighted Faith's PD","spec_hull3d_a","Raw PCA 3D hull area","identity","identity",436,0.0548347890571015,0.0293895061160873,0.00300685409093682,1.30891037799131,0.253222638739223,0.201721325660305,3445.86299413743,1.75774161685723e-23,-0.00188285634609296,"raw_pca","phylogenetic"
"20m","sp_rich","Species richness","spec_hull3d_a","Raw PCA 3D hull area","identity","identity",436,-0.133692848322848,-0.14298262684481,0.017873777692676,7.89839365086619,0.00517174395028802,-96.4058489418124,4340.41648839921,5.53255634672656e-23,0.120817869812886,"raw_pca","species"
"20m","sp_shannon","Shannon diversity","spec_hull3d_a","Raw PCA 3D hull area","identity","identity",436,-0.0911703169692436,-0.096114907297679,0.00831202669627234,3.63765587895996,0.0571462921592051,-399.611661618318,4259.99182022004,3.83379731804205e-23,0.0985163536179715,"raw_pca","species"
"20m","sp_simpson","Simpson diversity","spec_hull3d_a","Raw PCA 3D hull area","identity","identity",436,-0.0556713482087572,-0.0786095122404997,0.00309929901138069,1.34927758562643,0.246042882355578,-758.358436365281,4181.21579277206,2.86229213152928e-23,0.075265064248656,"raw_pca","species"
"20m","sp_even","Species evenness","spec_hull3d_a","Raw PCA 3D hull area","identity","identity",436,0.00682916547979959,0.0143068012106935,4.66375011504868e-05,0.0202416195178648,0.886930359094578,99.05457136613,3537.06409940068,2.01278792429261e-23,-0.0204216478984733,"raw_pca","species"
"20m","phy_faith","Faith's PD","spec_spca_alpha","Std PCA alpha hull","identity","identity",436,0.284820247835823,0.305831465150141,0.0811225735772597,38.3154443891336,1.39520168956579e-09,0.139060754389837,544.796327293856,5.21228155376185e-12,0.0879669352200113,"standardized_pca","phylogenetic"
"20m","phy_rao","Phylogenetic Rao's Q","spec_spca_alpha","Std PCA alpha hull","identity","identity",436,0.335667375712764,0.295289631862002,0.112672587117894,55.1091988134745,6.07745949936524e-13,0.807392521104055,503.622694941829,3.84531094500971e-11,0.0790392085209418,"standardized_pca","phylogenetic"
"20m","phy_afaith","Abundance-weighted Faith's PD","spec_spca_alpha","Std PCA alpha hull","identity","identity",436,0.383532746134409,0.295930740568875,0.147097367357401,74.8505808163727,9.97076235920757e-17,0.125300925526208,542.933814596823,1.14608267122306e-11,0.0399190221578402,"standardized_pca","phylogenetic"
"20m","sp_rich","Species richness","spec_spca_alpha","Std PCA alpha hull","identity","identity",436,-0.0117257246096542,0.0256372992948453,0.000137492617621448,0.059680001607349,0.807117876297014,-0.750915536232061,655.10035192861,7.17368737468903e-12,0.115080727949308,"standardized_pca","species"
"20m","sp_shannon","Shannon diversity","spec_spca_alpha","Std PCA alpha hull","identity","identity",436,-0.0243352970022209,-0.00472824910577063,0.000592206680186302,0.257169996991017,0.612328674783974,-9.47278176680439,664.701753138693,8.25926719508963e-12,0.107607905599204,"standardized_pca","species"
"20m","sp_simpson","Simpson diversity","spec_spca_alpha","Std PCA alpha hull","identity","identity",436,-0.0212100944926629,-0.021694319426477,0.000449868108387698,0.195330632062217,0.658736662663412,-25.6591094534689,668.546157595526,7.53801262229264e-12,0.0949081047912085,"standardized_pca","species"
"20m","sp_even","Species evenness","spec_spca_alpha","Std PCA alpha hull","identity","identity",436,-0.0119997142693878,-0.028496760793915,0.000143993142546953,0.0625020237281899,0.802702512858819,-15.4573123893887,662.000505827107,6.1506375633642e-12,0.0355088510564752,"standardized_pca","species"
"20m","phy_faith","Faith's PD","spec_spca_rao","Std PCA Rao's Q","identity","identity",436,0.123120431377605,0.224419388133682,0.0151586406226075,6.68011143883188,0.010074930010526,0.046011242012297,118.923292744523,1.8044913417327e-32,0.0685535492049752,"standardized_pca","phylogenetic"
"20m","phy_rao","Phylogenetic Rao's Q","spec_spca_rao","Std PCA Rao's Q","identity","identity",436,0.132208893059991,0.227524528416622,0.0174791914041481,7.72092458809252,0.00569535277703338,0.243408850356179,109.587433912291,1.62500928130926e-32,0.0583975236034123,"standardized_pca","phylogenetic"
"20m","phy_afaith","Abundance-weighted Faith's PD","spec_spca_rao","Std PCA Rao's Q","identity","identity",436,0.132961948408866,0.230348418258278,0.017678879724682,7.81071855439855,0.0054239641441916,0.0332490550131326,125.286966658901,8.17276118562415e-33,0.0155963272466163,"standardized_pca","phylogenetic"
"20m","sp_rich","Species richness","spec_spca_rao","Std PCA Rao's Q","identity","identity",436,-0.0860098150477906,-0.0289012473485251,0.00739768828455515,3.23452472113256,0.072795957493857,-4.2159895001661,185.176249175386,5.5737746401599e-32,0.145464576063278,"standardized_pca","species"
"20m","sp_shannon","Shannon diversity","spec_spca_rao","Std PCA Rao's Q","identity","identity",436,-0.0608583228509165,-0.0420505343658446,0.00370373546022638,1.61339678462087,0.204695517881925,-18.1326370269709,182.7155887744,3.50830905092398e-32,0.105760633458124,"standardized_pca","species"
"20m","sp_simpson","Simpson diversity","spec_spca_rao","Std PCA Rao's Q","identity","identity",436,-0.0412127401911592,-0.0482681884552654,0.00169848995406399,0.73839880301278,0.39064865564632,-38.1619514195965,181.929923686797,2.78614845691272e-32,0.078141432395288,"standardized_pca","species"
"20m","sp_even","Species evenness","spec_spca_rao","Std PCA Rao's Q","identity","identity",436,0.00920236063087431,-0.0189070602313522,8.46834411806655e-05,0.0367557260737758,0.848052903490436,9.07324075664999,146.200195397626,2.22016231378999e-32,0.00861015315246578,"standardized_pca","species"
"20m","phy_faith","Faith's PD","spec_spca_mean","Std PCA mean distance","identity","identity",436,0.240127222391164,0.291783522016023,0.0576610829332954,26.5561673616826,3.89463083274921e-07,0.00116235428175076,6.20529881075271,1.21290744793839e-21,0.100276150502643,"standardized_pca","phylogenetic"
"20m","phy_rao","Phylogenetic Rao's Q","spec_spca_mean","Std PCA mean distance","identity","identity",436,0.273805906821417,0.29506333265043,0.0749696746102984,35.1738076988581,6.16341983438988e-09,0.00652952822208481,5.9007312268599,2.06624308279636e-21,0.116187393316083,"standardized_pca","phylogenetic"
"20m","phy_afaith","Abundance-weighted Faith's PD","spec_spca_mean","Std PCA mean distance","identity","identity",436,0.301183817758065,0.284024187809524,0.0907116920793236,43.2963604826874,1.35797770799476e-10,0.000975544004707486,6.25077502510027,5.12860417760179e-22,0.0633574937654024,"standardized_pca","phylogenetic"
"20m","sp_rich","Species richness","spec_spca_mean","Std PCA mean distance","identity","identity",436,-0.0385724589646704,0.0183985608421327,0.00148783459058119,0.64668236870952,0.421741582066619,-0.0244901884391184,7.26388872280133,5.34553008338252e-21,0.143738955440102,"standardized_pca","species"
"20m","sp_shannon","Shannon diversity","spec_spca_mean","Std PCA mean distance","identity","identity",436,-0.0358714206984152,-0.0160087508153215,0.00128675882292269,0.559172849746397,0.454998687429412,-0.138437216954731,7.3028344749747,4.68926881321382e-21,0.129963148313187,"standardized_pca","species"
"20m","sp_simpson","Simpson diversity","spec_spca_mean","Std PCA mean distance","identity","identity",436,-0.022836488060163,-0.0304675764483765,0.000521505186921966,0.22645134667601,0.634407121005034,-0.273899786368309,7.28385812762776,3.79455980452491e-21,0.11150060557803,"standardized_pca","species"
"20m","sp_even","Species evenness","spec_spca_mean","Std PCA mean distance","identity","identity",436,0.00419454305809307,-0.0307089333170209,1.75941914661965e-05,0.0076360134458119,0.930406363055685,0.0535687037309677,7.03678146770759,2.92677530037272e-21,-0.0423566768761464,"standardized_pca","species"
"20m","phy_faith","Faith's PD","spec_spca_convex","Std PCA convex hull","identity","identity",436,-0.0290925242545193,-0.046924713972059,0.000846374967499792,0.367637895406686,0.544611647519704,-0.127951721629066,2652.71013503475,1.53323852505848e-20,0.066652903800666,"standardized_pca","phylogenetic"
"20m","phy_rao","Phylogenetic Rao's Q","spec_spca_convex","Std PCA convex hull","identity","identity",436,-0.020569197741309,-0.0443433522253842,0.000423091895721071,0.18369960455688,0.668425591616276,-0.445680825618769,2636.90674016447,1.42189773842514e-20,0.071655884548507,"standardized_pca","phylogenetic"
"20m","phy_afaith","Abundance-weighted Faith's PD","spec_spca_convex","Std PCA convex hull","identity","identity",436,-0.0200592121109149,-0.0307966731264981,0.000402371990510674,0.174699738163019,0.676175056895222,-0.0590332518847643,2606.59170834144,1.52575020387393e-20,0.0938175794457017,"standardized_pca","phylogenetic"
"20m","sp_rich","Species richness","spec_spca_convex","Std PCA convex hull","identity","identity",436,-0.142679311957515,-0.126636618701785,0.02035738606067,9.01870276426944,0.00282680713864849,-82.3082586771832,3173.71177609393,1.01665047264299e-19,0.181773249896386,"standardized_pca","species"
"20m","sp_shannon","Shannon diversity","spec_spca_convex","Std PCA convex hull","identity","identity",436,-0.0994853223757828,-0.0965321781407703,0.00989732936821344,4.33837931480753,0.0378472779096342,-348.84371309404,3117.37862861715,3.0653636340541e-20,0.117378963981981,"standardized_pca","species"
"20m","sp_simpson","Simpson diversity","spec_spca_convex","Std PCA convex hull","identity","identity",436,-0.0720975535744964,-0.0902597952592994,0.00519805723142738,2.2677447052034,0.13281945562386,-785.688709155527,3140.56319767729,1.91294538781269e-20,0.072765090074404,"standardized_pca","species"
"20m","sp_even","Species evenness","spec_spca_convex","Std PCA convex hull","identity","identity",436,-0.00203373772100209,-0.00886374774949561,4.13608911782684e-06,0.00179507010170676,0.966224609126185,-23.5987516900018,2575.53253066605,1.16407741679523e-20,-0.00977067888023948,"standardized_pca","species"
"20m","phy_faith","Faith's PD","spec_spca_hull3d_v","Std PCA 3D hull volume","identity","identity",436,-0.012025527444744,-0.014455731065572,0.000144613310324292,0.0627712542396116,0.802286852620799,-1.20672454361913,44287.2128469655,2.98949824917541e-23,0.0393100651808009,"standardized_pca","phylogenetic"
"20m","phy_rao","Phylogenetic Rao's Q","spec_spca_hull3d_v","Std PCA 3D hull volume","identity","identity",436,0.00709310994203065,-0.0146568917376174,5.03122086497342e-05,0.0218365972014192,0.882591245781255,3.50657047274692,42745.4815271486,2.61696792962537e-23,-0.0420571741251136,"standardized_pca","phylogenetic"
"20m","phy_afaith","Abundance-weighted Faith's PD","spec_spca_hull3d_v","Std PCA 3D hull volume","identity","identity",436,0.00303972676652973,-0.00341533723722398,9.23993881515729e-06,0.00401017049950832,0.949536141359928,0.204106421099605,43205.3639839704,2.64193116331944e-23,-0.0687814119432258,"standardized_pca","phylogenetic"
"20m","sp_rich","Species richness","spec_spca_hull3d_v","Std PCA 3D hull volume","identity","identity",436,-0.142905284856244,-0.121214900111363,0.0204219204398442,9.04788873478266,0.00278295183720021,-1880.91851194704,57485.7903317021,2.09739029716173e-22,0.16666268795924,"standardized_pca","species"
"20m","sp_shannon","Shannon diversity","spec_spca_hull3d_v","Std PCA 3D hull volume","identity","identity",436,-0.0998358962565277,-0.0968078490933191,0.00996720618134416,4.36931736979989,0.0371729979825873,-7987.26131702897,56223.2900868751,6.90985691967116e-23,0.107095312996526,"standardized_pca","species"
"20m","sp_simpson","Simpson diversity","spec_spca_hull3d_v","Std PCA 3D hull volume","identity","identity",436,-0.0765751572380339,-0.0889518060863339,0.00586375470602962,2.55988005111344,0.110334563400994,-19039.571249773,57534.9149568077,4.90605071518341e-23,0.0795304573698823,"standardized_pca","species"
"20m","sp_even","Species evenness","spec_spca_hull3d_v","Std PCA 3D hull volume","identity","identity",436,-0.00184915125262427,-0.00294217932076936,3.41936035508185e-06,0.00148400746846183,0.969288552754274,-489.55986479009,43775.8122918506,2.71506651328778e-23,-0.00125668496302788,"standardized_pca","species"
"20m","phy_faith","Faith's PD","spec_spca_hull3d_a","Std PCA 3D hull area","identity","identity",436,-0.0142561337738979,-0.0309314349078807,0.000203237350179273,0.0882229401743906,0.766590697176102,-0.167135331126034,7320.92531329288,8.3856673321205e-20,0.0401516383908876,"standardized_pca","phylogenetic"
"20m","phy_rao","Phylogenetic Rao's Q","spec_spca_hull3d_a","Std PCA 3D hull area","identity","identity",436,-0.0036468810364136,-0.0297604457066493,1.3299741293753e-05,0.00577216448978321,0.939474186025672,-0.210634724340237,7233.16983409963,7.69815797575318e-20,0.0559477963248993,"standardized_pca","phylogenetic"
"20m","phy_afaith","Abundance-weighted Faith's PD","spec_spca_hull3d_a","Std PCA 3D hull area","identity","identity",436,-0.00401615067328621,-0.0153424494898857,1.61294662305373e-05,0.0070003012551759,0.933359134188068,-0.0315060972884255,7221.90863890074,7.88645167918661e-20,0.0877166665842931,"standardized_pca","phylogenetic"
"20m","sp_rich","Species richness","spec_spca_hull3d_a","Std PCA 3D hull area","identity","identity",436,-0.148220780190902,-0.131197058316691,0.0219693996803997,9.74889687314253,0.0019143138141216,-227.925689763305,8904.56386670934,7.18928508793519e-19,0.173938899579187,"standardized_pca","species"
"20m","sp_shannon","Shannon diversity","spec_spca_hull3d_a","Std PCA 3D hull area","identity","identity",436,-0.106864964616389,-0.101430115458929,0.011420120662462,5.01358814912339,0.0256550810448557,-998.870093913962,8801.41340463052,2.23129619904248e-19,0.118550549259547,"standardized_pca","species"
"20m","sp_simpson","Simpson diversity","spec_spca_hull3d_a","Std PCA 3D hull area","identity","identity",436,-0.0826088624835342,-0.0923717764488108,0.00682422416082346,2.98206355596511,0.0849034134770861,-2399.7080096865,8979.31572448775,1.48396628990052e-19,0.0888695395826087,"standardized_pca","species"
"20m","sp_even","Species evenness","spec_spca_hull3d_a","Std PCA 3D hull area","identity","identity",436,-0.00868462196058756,-0.00257051580438656,7.54226585983193e-05,0.0327359028604959,0.856506465416445,-268.625217788503,7412.90916528147,7.44517289075048e-20,0.00689245050671582,"standardized_pca","species"
"20m","phy_faith","Faith's PD","spec_sa","Spectral angle entropy","identity","identity",485,0.169797814012205,0.218147084775239,0.0288312976433233,14.3389266230809,0.000171910148243026,5.80564424218147e-05,2.79126846063049,5.32207941659552e-14,-0.0365055862370908,"non_pca","phylogenetic"
"20m","phy_rao","Phylogenetic Rao's Q","spec_sa","Spectral angle entropy","identity","identity",485,0.202725653945516,0.192017225256838,0.0410976907676371,20.7009457059912,6.79990770260317e-06,0.00034595548155215,2.77310608643914,3.59884649553979e-14,-0.0530350769314077,"non_pca","phylogenetic"
"20m","phy_afaith","Abundance-weighted Faith's PD","spec_sa","Spectral angle entropy","identity","identity",485,0.181424373062246,0.136392667695386,0.0329148031410289,16.4389342001637,5.85589040106418e-05,4.18286265166158e-05,2.79956109013171,3.02018343123345e-14,-0.0557557581286066,"non_pca","phylogenetic"
"20m","sp_rich","Species richness","spec_sa","Spectral angle entropy","identity","identity",485,0.0089868388987992,0.0535731165593662,8.07632733929699e-05,0.039011811770424,0.843508357246559,0.000385895255695438,2.83204109638046,1.80914801960772e-13,-0.138939584267875,"non_pca","species"
"20m","sp_shannon","Shannon diversity","spec_sa","Spectral angle entropy","identity","identity",485,-0.020837844875669,0.0166422109252475,0.000434215779062445,0.209817327281387,0.647116623701876,-0.0053256266193269,2.84339563065015,2.622489390069e-13,0.157332983085202,"non_pca","species"
"20m","sp_simpson","Simpson diversity","spec_sa","Spectral angle entropy","identity","identity",485,-0.0460305998868879,-0.00449238821622452,0.00211881612594674,1.02556116436548,0.311710538515421,-0.0355482833190688,2.86111028717317,3.38977101752801e-13,0.148332365098688,"non_pca","species"
"20m","sp_even","Species evenness","spec_sa","Spectral angle entropy","identity","identity",485,-0.032510389183223,-0.0202875364074989,0.00105692540484463,0.511035096516231,0.475036487734065,-0.0276538170010089,2.8572042146769,2.51473473620859e-13,0.078080911965442,"non_pca","species"
"50m","phy_faith","Faith's PD","spec_alpha","Raw PCA alpha hull","identity","identity",74,0.148933630246046,0.110492410218438,0.0221812262182658,1.63327636013627,0.205355410936057,0.0467206559994537,666.3200854229,0.000330507240733053,0.26047424000358,"raw_pca","phylogenetic"
"50m","phy_rao","Phylogenetic Rao's Q","spec_alpha","Raw PCA alpha hull","identity","identity",74,0.332476010826451,0.237497223250648,0.11054029777507,8.94801801576434,0.00380132293466773,0.823820466563553,556.775499503187,0.00830329885617142,0.279684622277591,"raw_pca","phylogenetic"
"50m","phy_afaith","Abundance-weighted Faith's PD","spec_alpha","Raw PCA alpha hull","identity","identity",74,0.412349720991812,0.268922621251388,0.170032292402025,14.7503631055437,0.000261595134354656,0.0282087588841585,620.645373088475,0.0033783929925034,0.157074885683684,"raw_pca","phylogenetic"
"50m","sp_rich","Species richness","spec_alpha","Raw PCA alpha hull","identity","identity",74,-0.023224014936866,-0.0740993028021529,0.00053935486978777,0.0388545069922789,0.844292569543604,-0.76154208797595,741.469707939878,0.000190441560904062,-0.0166373759681072,"raw_pca","species"
"50m","sp_shannon","Shannon diversity","spec_alpha","Raw PCA alpha hull","identity","identity",74,-0.157318640207792,-0.17251388374676,0.0247491545568287,1.82715978808705,0.180694804491216,-55.2467926302235,853.243107351627,0.00025940768492539,0.175176682531564,"raw_pca","species"
"50m","sp_simpson","Simpson diversity","spec_alpha","Raw PCA alpha hull","identity","identity",74,-0.12716258856782,-0.164309514994446,0.0161703239312686,1.18339927262979,0.280293217495425,-225.591601267918,921.110111266461,0.000249956655378036,0.178861203036416,"raw_pca","species"
"50m","sp_even","Species evenness","spec_alpha","Raw PCA alpha hull","identity","identity",74,-0.261798530362481,-0.243835616438356,0.068538470499955,5.29787835536854,0.0242472167245599,-402.254542306746,1059.7574779137,0.00138472058147001,0.297081523326809,"raw_pca","species"
"50m","phy_faith","Faith's PD","spec_rao_q","Raw PCA Rao's Q","identity","identity",74,0.1594731425415,0.0723731951129211,0.0254316831920616,1.8788638602842,0.174721428869938,0.0191298435099813,166.673990078434,0.000240602865961399,0.353766966851629,"raw_pca","phylogenetic"
"50m","phy_rao","Phylogenetic Rao's Q","spec_rao_q","Raw PCA Rao's Q","identity","identity",74,0.319454659106728,0.204087375046279,0.102051279224996,8.18275246036103,0.0055309729280205,0.302683813499987,129.085509752341,0.00433273971231178,0.303468184952361,"raw_pca","phylogenetic"
"50m","phy_afaith","Abundance-weighted Faith's PD","spec_rao_q","Raw PCA Rao's Q","identity","identity",74,0.345646792233139,0.225087004813032,0.119471704981059,9.76909294942211,0.00255879120793995,0.00904187529218,157.659795961041,0.000651127121982887,0.179558110595943,"raw_pca","phylogenetic"
"50m","sp_rich","Species richness","spec_rao_q","Raw PCA Rao's Q","identity","identity",74,-0.0285426870537627,-0.0951025402979018,0.000814684984249028,0.0587051450661136,0.809243171587761,-0.357897918460841,198.162768311577,3.53901077682713e-05,-0.118641319170621,"raw_pca","species"
"50m","sp_shannon","Shannon diversity","spec_rao_q","Raw PCA Rao's Q","identity","identity",74,-0.110523126720012,-0.168426508700481,0.0122153615399678,0.890382373478536,0.348529351078841,-14.8418404015637,225.799419446279,3.2488206528076e-05,-0.0249790426250495,"raw_pca","species"
"50m","sp_simpson","Simpson diversity","spec_rao_q","Raw PCA Rao's Q","identity","identity",74,-0.0779005985234394,-0.15027027027027,0.00606850325031008,0.439599947733985,0.509432754045606,-52.8459938372199,237.445184658029,4.09334441650937e-05,-0.00333176372850103,"raw_pca","species"
"50m","sp_even","Species evenness","spec_rao_q","Raw PCA Rao's Q","identity","identity",74,-0.180931182663698,-0.217267678637542,0.0327360928600846,2.43676898158586,0.122905121500228,-106.305291585052,279.835076823042,8.75343814466788e-05,0.11468969542798,"raw_pca","species"
"50m","phy_faith","Faith's PD","spec_pca_mean","Raw PCA mean distance","identity","identity",74,0.126983982170555,0.0573861532765642,0.0161249317278919,1.18002287266733,0.280974839068959,0.000282006317972662,8.07697140077044,0.101390058168808,0.330804294446096,"raw_pca","phylogenetic"
"50m","phy_rao","Phylogenetic Rao's Q","spec_pca_mean","Raw PCA mean distance","identity","identity",74,0.291630971162552,0.205746019992595,0.085048623341213,6.69270634132395,0.0117003721806345,0.00511563612565182,7.38575111464991,0.392355904444982,0.257863165599168,"raw_pca","phylogenetic"
"50m","phy_afaith","Abundance-weighted Faith's PD","spec_pca_mean","Raw PCA mean distance","identity","identity",74,0.375448308455495,0.235868196964087,0.140961432322093,11.8146303426461,0.000979965548292768,0.000181828587535492,7.75663017902172,0.203155467265203,0.125898935377564,"raw_pca","phylogenetic"
"50m","sp_rich","Species richness","spec_pca_mean","Raw PCA mean distance","identity","identity",74,-0.0424243294251745,-0.0901159459952258,0.00179982372717572,0.129820963206516,0.719672591539897,-0.00984839216850912,8.61247362461246,0.0249401663733881,-0.14271300780911,"raw_pca","species"
"50m","sp_shannon","Shannon diversity","spec_pca_mean","Raw PCA mean distance","identity","identity",74,-0.157317534937267,-0.182465753424658,0.0247488067987383,1.8271334625698,0.180697906488629,-0.39110895351609,9.33424345928396,0.0182916816814872,0.00547196714910431,"raw_pca","species"
"50m","sp_simpson","Simpson diversity","spec_pca_mean","Raw PCA mean distance","identity","identity",74,-0.108103594903406,-0.170973713439467,0.0116863872310397,0.851369312092596,0.359247005424391,-1.35768006955706,9.61149656421327,0.0257713256915011,0.010994008548072,"raw_pca","species"
"50m","sp_even","Species evenness","spec_pca_mean","Raw PCA mean distance","identity","identity",74,-0.238822068903824,-0.24952239911144,0.0570359805955028,4.35498122767145,0.0404421541504994,-2.59777748471146,10.5911036684048,0.0424316766429925,0.159440588871787,"raw_pca","species"
"50m","phy_faith","Faith's PD","spec_convex","Raw PCA convex hull","identity","identity",74,0.0890644977895761,0.042843391336542,0.00793248476650942,0.575705679723074,0.450477261478278,0.17595790928201,1776.40528109066,3.8711263532053e-06,0.119592327051139,"raw_pca","phylogenetic"
"50m","phy_rao","Phylogenetic Rao's Q","spec_convex","Raw PCA convex hull","identity","identity",74,0.172792744222523,0.114046649389115,0.0298573324559503,2.21588845511819,0.140963547437156,2.69640905708962,1449.06113046319,8.95354855044851e-06,0.155989288583295,"raw_pca","phylogenetic"
"50m","phy_afaith","Abundance-weighted Faith's PD","spec_convex","Raw PCA convex hull","identity","identity",74,0.0749728432792722,0.0300185116623473,0.00562092722937831,0.406994446682804,0.525522799047278,0.0323005760962003,1889.95280588113,3.55869910436185e-06,0.0204900731634588,"raw_pca","phylogenetic"
"50m","sp_rich","Species richness","spec_convex","Raw PCA convex hull","identity","identity",74,-0.0766646499857883,-0.0581124303213349,0.00587746855744343,0.425679654923282,0.51619420679105,-15.8321457272004,2261.60058754051,8.42392449811177e-06,0.138591570940386,"raw_pca","species"
"50m","sp_shannon","Shannon diversity","spec_convex","Raw PCA convex hull","identity","identity",74,-0.0371144198346164,-0.0397038134024435,0.00137748015966016,0.0993153764561492,0.753564319816761,-82.0838230388703,2198.41871588744,4.5044143978991e-06,0.0588948014831651,"raw_pca","species"
"50m","sp_simpson","Simpson diversity","spec_convex","Raw PCA convex hull","identity","identity",74,-0.00923131185936296,-0.00576082932247316,8.52171186448149e-05,0.0061361554479135,0.93777997241617,-103.137120715999,2102.26311363598,3.65276111001528e-06,0.014995655126416,"raw_pca","species"
"50m","sp_even","Species evenness","spec_convex","Raw PCA convex hull","identity","identity",74,-0.00194142105000617,-0.0171343946686412,3.76911569340683e-06,0.000271377352777931,0.986902179675946,-18.7863106714498,2030.12417873305,3.62098967694639e-06,-0.0153062661592259,"raw_pca","species"
"50m","phy_faith","Faith's PD","spec_hull3d_v","Raw PCA 3D hull volume","identity","identity",74,0.231840437125477,0.15666790077749,0.0537499882865323,4.08982732758179,0.0468577561183798,5.55612528116746,12093.3861302684,3.58984390175324e-05,0.297942882795807,"raw_pca","phylogenetic"
"50m","phy_rao","Phylogenetic Rao's Q","spec_hull3d_v","Raw PCA 3D hull volume","identity","identity",74,0.304342827455767,0.234801925212884,0.0926245566237707,7.34973392281491,0.00838056392463541,57.6105497382304,7532.68838977277,0.000592334645700885,0.365970155069463,"raw_pca","phylogenetic"
"50m","phy_afaith","Abundance-weighted Faith's PD","spec_hull3d_v","Raw PCA 3D hull volume","identity","identity",74,0.236428644802004,0.140851536467975,0.0558985040829122,4.2629868836932,0.0425539849518839,1.23562035155947,14845.7984956592,3.09159515969228e-05,0.225334282951012,"raw_pca","phylogenetic"
"50m","sp_rich","Species richness","spec_hull3d_v","Raw PCA 3D hull volume","identity","identity",74,0.00112439288300939,0.0290413298045401,1.26425935536206e-06,9.10267886675371e-05,0.992414048293759,2.81670511588404,19574.1090903294,3.48243876703492e-06,-0.0391697328448408,"raw_pca","species"
"50m","sp_shannon","Shannon diversity","spec_hull3d_v","Raw PCA 3D hull volume","identity","identity",74,-0.0133955850439827,0.0524990744168826,0.000179441698670573,0.0129221210716368,0.909811409490808,-359.381120395018,20422.3750619508,3.64424574251708e-06,0.0954838318955007,"raw_pca","species"
"50m","sp_simpson","Simpson diversity","spec_hull3d_v","Raw PCA 3D hull volume","identity","identity",74,0.00329287746929288,0.0713957793409848,1.08430420277767e-05,0.00078070749124406,0.977786396014533,446.2783552087,19239.1657556191,3.45097258500727e-06,-0.0826779670492656,"raw_pca","species"
"50m","sp_even","Species evenness","spec_hull3d_v","Raw PCA 3D hull volume","identity","identity",74,-0.0452654277089133,0.0207774898185857,0.00204895894567085,0.147827937463187,0.701753047341117,-5313.33339389652,23979.128453303,4.48500062634585e-06,0.148304469616797,"raw_pca","species"
"50m","phy_faith","Faith's PD","spec_hull3d_a","Raw PCA 3D hull area","identity","identity",74,0.180411118103761,0.126279155868197,0.0325481715354493,2.42231011571055,0.124003388819125,0.865777799206609,3821.57719549706,1.85520032410765e-05,0.249226403883271,"raw_pca","phylogenetic"
"50m","phy_rao","Phylogenetic Rao's Q","spec_hull3d_a","Raw PCA 3D hull area","identity","identity",74,0.240353015160973,0.188685671973343,0.057769571896971,4.41442884088976,0.0391375067631873,9.11063876459105,3082.89922361507,0.000196652055031255,0.307358388537556,"raw_pca","phylogenetic"
"50m","phy_afaith","Abundance-weighted Faith's PD","spec_hull3d_a","Raw PCA 3D hull area","identity","identity",74,0.161271154475,0.0784746390225842,0.0260083852656995,1.92260765986286,0.16984795166553,0.168772607094363,4342.26146708784,1.23403870502046e-05,0.155221333569631,"raw_pca","phylogenetic"
"50m","sp_rich","Species richness","spec_hull3d_a","Raw PCA 3D hull area","identity","identity",74,-0.0375764038219089,-0.00221791806298128,0.00141198612418717,0.101806750660758,0.750595999864601,-18.8494556703945,5288.04779772593,3.87161828089251e-06,0.092527660578145,"raw_pca","species"
"50m","sp_shannon","Shannon diversity","spec_hull3d_a","Raw PCA 3D hull area","identity","identity",74,-0.042004558640315,0.0182302850796001,0.00176438294656765,0.127260107716705,0.722333306744121,-225.657775409001,5499.14894339474,3.9569759063701e-06,0.126876537851333,"raw_pca","species"
"50m","sp_simpson","Simpson diversity","spec_hull3d_a","Raw PCA 3D hull area","identity","identity",74,-0.0331987870742142,0.0413328396890041,0.00110215946319901,0.0794430402489245,0.77886216543053,-900.975070547119,5758.98237641331,3.79315010563443e-06,0.120880570056456,"raw_pca","species"
"50m","sp_even","Species evenness","spec_hull3d_a","Raw PCA 3D hull area","identity","identity",74,-0.052537486911099,0.011714179933358,0.00276018753093389,0.19928356223083,0.656639521124536,-1234.89501668617,6007.67907641717,4.18484473488342e-06,0.151939246734848,"raw_pca","species"
"50m","phy_faith","Faith's PD","spec_spca_alpha","Std PCA alpha hull","identity","identity",74,0.312046202184145,0.344450203628286,0.097372832297548,7.76715367793423,0.006798368113766,0.0979531633920174,561.111766943329,0.000559541954795295,0.169936520081149,"standardized_pca","phylogenetic"
"50m","phy_rao","Phylogenetic Rao's Q","spec_spca_alpha","Std PCA alpha hull","identity","identity",74,0.487492851705372,0.479718622732321,0.237649280463836,22.4447196741768,1.05731990146838e-05,1.20871502928829,440.209375650145,0.00562532560343724,0.227242559626104,"standardized_pca","phylogenetic"
"50m","phy_afaith","Abundance-weighted Faith's PD","spec_spca_alpha","Std PCA alpha hull","identity","identity",74,0.49661711716589,0.44299148463532,0.246628561062159,23.5703870344633,6.7867866274078e-06,0.0339956513409134,562.470883499817,4.93961012729145e-05,0.0322920516634099,"standardized_pca","phylogenetic"
"50m","sp_rich","Species richness","spec_spca_alpha","Std PCA alpha hull","identity","identity",74,0.0993962206874893,0.104911989985853,0.00987960868695609,0.718429629065117,0.399468353588474,3.2614437164656,642.908629656901,0.00017900772733017,0.00637143839828228,"standardized_pca","species"
"50m","sp_shannon","Shannon diversity","spec_spca_alpha","Std PCA alpha hull","identity","identity",74,0.00735254036469407,0.0564087375046279,5.40598498144547e-05,0.00389251961566656,0.95042508656658,2.58373347379555,687.986798499371,0.00023342489837482,-0.140750792769089,"standardized_pca","species"
"50m","sp_simpson","Simpson diversity","spec_spca_alpha","Std PCA alpha hull","identity","identity",74,0.00565706299604386,0.042339874120696,3.20023617412086e-05,0.00230424378661022,0.961847124066499,10.0424109695184,685.244001676708,0.000241304215434009,-0.091844727712032,"standardized_pca","species"
"50m","sp_even","Species evenness","spec_spca_alpha","Std PCA alpha hull","identity","identity",74,-0.116331001239826,-0.0368900407256572,0.0135329018494603,0.987735865684645,0.323624772286631,-178.859753111313,840.574575885504,0.000723298563709264,0.185796155594693,"standardized_pca","species"
"50m","phy_faith","Faith's PD","spec_spca_rao","Std PCA Rao's Q","identity","identity",74,0.228497773040916,0.237171417993336,0.0522112322846578,3.96629381202415,0.0502138828430735,0.042112034344048,107.566721895534,4.68283770984486e-09,0.195521100742673,"standardized_pca","phylogenetic"
"50m","phy_rao","Phylogenetic Rao's Q","spec_spca_rao","Std PCA Rao's Q","identity","identity",74,0.351984292043169,0.336956682710107,0.123892941845131,10.1817371859052,0.00210224532802153,0.512393531220324,57.1107778462464,1.94667352573676e-08,0.322688249287066,"standardized_pca","phylogenetic"
"50m","phy_afaith","Abundance-weighted Faith's PD","spec_spca_rao","Std PCA Rao's Q","identity","identity",74,0.27182203942987,0.287315808959645,0.0738872211198138,5.74431110545646,0.0191401335572798,0.0109247380844179,122.405230838584,1.06156605807055e-09,0.17001831083067,"standardized_pca","phylogenetic"
"50m","sp_rich","Species richness","spec_spca_rao","Std PCA Rao's Q","identity","identity",74,0.0543247057077504,0.0444476733963899,0.00295117365023369,0.213113437578318,0.645729748442504,1.04655506545574,148.278356073814,9.23366877876272e-10,0.040862317630297,"standardized_pca","species"
"50m","sp_shannon","Shannon diversity","spec_spca_rao","Std PCA Rao's Q","identity","identity",74,0.0347138647079294,0.00383561643835616,0.00120505240296043,0.0868684540524481,0.769044820674281,7.16205985427963,148.569358337628,9.95306932041376e-10,0.0554291506104634,"standardized_pca","species"
"50m","sp_simpson","Simpson diversity","spec_spca_rao","Std PCA Rao's Q","identity","identity",74,0.0197925058769975,-0.0104405775638652,0.000391743288890977,0.0282165704522606,0.867071625393393,20.6287276915897,147.086167336325,1.00481306527671e-09,0.0632843447468145,"standardized_pca","species"
"50m","sp_even","Species evenness","spec_spca_rao","Std PCA Rao's Q","identity","identity",74,-0.0268539192268312,-0.0592225101814143,0.000721132977841169,0.0519590437845343,0.820334889628767,-24.240943786502,184.495513815975,8.20135948530226e-10,-0.0331076627563101,"standardized_pca","species"
"50m","phy_faith","Faith's PD","spec_spca_mean","Std PCA mean distance","identity","identity",74,0.282206004698475,0.32768604220659,0.0796402290878758,6.23027719762704,0.0148492854422724,0.00075778278031684,6.30552110396668,7.32955716322949e-06,0.156544144367781,"standardized_pca","phylogenetic"
"50m","phy_rao","Phylogenetic Rao's Q","spec_spca_mean","Std PCA mean distance","identity","identity",74,0.443755339348242,0.4546908552388,0.196918801200073,17.6546950764035,7.49221640000885e-05,0.00941191896033385,5.35738417441559,9.53772797910607e-05,0.2193196112136,"standardized_pca","phylogenetic"
"50m","phy_afaith","Abundance-weighted Faith's PD","spec_spca_mean","Std PCA mean distance","identity","identity",74,0.418752580398847,0.416719733432062,0.175353723590693,15.310162016985,0.000204733071759934,0.00024520995368623,6.38473021157698,1.97699287421833e-06,0.11746113773644,"standardized_pca","phylogenetic"
"50m","sp_rich","Species richness","spec_spca_mean","Std PCA mean distance","identity","identity",74,0.09200059274604,0.119514524346823,0.00846410906562271,0.61461804690756,0.435625894318764,0.0258231702863469,6.92908279668875,5.33346546032458e-06,-0.024277810047309,"standardized_pca","species"
"50m","sp_shannon","Shannon diversity","spec_spca_mean","Std PCA mean distance","identity","identity",74,0.00861894511590569,0.0394076268048871,7.42862149109937e-05,0.00534900483091398,0.941899985949822,0.0259085630535952,7.27379801334447,1.04709237916363e-05,-0.0799384993666526,"standardized_pca","species"
"50m","sp_simpson","Simpson diversity","spec_spca_mean","Std PCA mean distance","identity","identity",74,-0.00896748545516929,0.0103813402443539,8.04157953886715e-05,0.00579040290783981,0.939554807229045,-0.13617474581951,7.44739043233513,1.15104689333879e-05,0.0415853676207968,"standardized_pca","species"
"50m","sp_even","Species evenness","spec_spca_mean","Std PCA mean distance","identity","identity",74,-0.107336341944514,-0.082088115512773,0.0115210903020297,0.839186849216234,0.362687551374,-1.41170147472457,8.49048531053612,1.88976200647633e-05,0.121331564553658,"standardized_pca","species"
"50m","phy_faith","Faith's PD","spec_spca_convex","Std PCA convex hull","identity","identity",74,0.0997050258474487,0.0296334690855239,0.00994109217924043,0.722945504809187,0.397998102596875,0.3453229701711,2870.33028219195,0.00020441846006569,0.167711562292954,"standardized_pca","phylogenetic"
"50m","phy_rao","Phylogenetic Rao's Q","spec_spca_convex","Std PCA convex hull","identity","identity",74,0.125361131956469,0.098407997038134,0.0157154134054073,1.1495758245124,0.287218637353822,3.42947331397954,2618.57712574407,0.000212813569461582,0.172005958643882,"standardized_pca","phylogenetic"
"50m","phy_afaith","Abundance-weighted Faith's PD","spec_spca_convex","Std PCA convex hull","identity","identity",74,-0.024587388635201,-0.0522917437985931,0.000604539679898413,0.0435531865821607,0.835276404669764,-0.0185704719174099,3409.72364957736,0.000157226033189087,-0.0614904024847504,"standardized_pca","phylogenetic"
"50m","sp_rich","Species richness","spec_spca_convex","Std PCA convex hull","identity","identity",74,-0.0018457827210324,-0.0366477467856369,3.40691385326199e-06,0.000245298633146174,0.987547352186501,-0.668235348151219,3348.42128590276,0.000170466217941604,-0.0393103167373396,"standardized_pca","species"
"50m","sp_shannon","Shannon diversity","spec_spca_convex","Std PCA convex hull","identity","identity",74,0.0432852374630419,0.0210440577563865,0.00187361178223193,0.13515327308556,0.714226150477887,167.825887015362,2962.38477360374,0.000116255904662102,0.053006030164806,"standardized_pca","species"
"50m","sp_simpson","Simpson diversity","spec_spca_convex","Std PCA convex hull","identity","identity",74,0.0285484917893097,0.0359422436134765,0.000815016383444283,0.0587290447416369,0.80920510974589,559.163735068325,2863.29749731782,0.000134796329554115,0.0540744002569644,"standardized_pca","species"
"50m","sp_even","Species evenness","spec_spca_convex","Std PCA convex hull","identity","identity",74,0.0524910505143605,0.0811403184005924,0.00275531038410116,0.19893046282522,0.656923954380513,890.453566877341,2607.1312320681,0.000108466716499625,0.0123747721735696,"standardized_pca","species"
"50m","phy_faith","Faith's PD","spec_spca_hull3d_v","Std PCA 3D hull volume","identity","identity",74,-0.0496613611712145,-0.086442058496853,0.00246625079337781,0.178009072138592,0.674346946372231,-3.54455489290976,64303.9211793256,5.97316395737115e-05,-0.0656373851897922,"standardized_pca","phylogenetic"
"50m","phy_rao","Phylogenetic Rao's Q","spec_spca_hull3d_v","Std PCA 3D hull volume","identity","identity",74,0.112688515015215,0.0111810440577564,0.0126987014163343,0.926066341944136,0.339108038751137,63.5299990629258,46176.4301156184,0.000192026539307395,0.198317980812872,"standardized_pca","phylogenetic"
"50m","phy_afaith","Abundance-weighted Faith's PD","spec_spca_hull3d_v","Std PCA 3D hull volume","identity","identity",74,0.0394125593613252,0.00208811551277305,0.00155334983540998,0.112015186921686,0.738834489065271,0.613450948789677,57134.2565319696,7.79674388921751e-05,0.0579845077619082,"standardized_pca","phylogenetic"
"50m","sp_rich","Species richness","spec_spca_hull3d_v","Std PCA 3D hull volume","identity","identity",74,-0.12578334103182,-0.168799938484615,0.0158214488811272,1.15745696565538,0.285585465673367,-938.440334008135,74138.1347887739,6.05721590739828e-05,0.0380078222424724,"standardized_pca","species"
"50m","sp_shannon","Shannon diversity","spec_spca_hull3d_v","Std PCA 3D hull volume","identity","identity",74,-0.0545149635150962,-0.108833765272121,0.00297188124705226,0.214613254895355,0.644572682625007,-4355.81617033411,69252.4081083763,5.15250040168886e-05,-0.0549551082124857,"standardized_pca","species"
"50m","sp_simpson","Simpson diversity","spec_spca_hull3d_v","Std PCA 3D hull volume","identity","identity",74,-0.0126812968390049,-0.0651462421325435,0.000160815289518956,0.011580563176985,0.914601976781239,-5118.63505209249,63849.0114783661,6.06827617366146e-05,-0.106384183082204,"standardized_pca","species"
"50m","sp_even","Species evenness","spec_spca_hull3d_v","Std PCA 3D hull volume","identity","identity",74,0.0204951997072021,-0.00377637911884487,0.000420053211038105,0.0302565405517572,0.862397560154251,7164.94462251841,53622.6731284982,7.66231182573619e-05,0.0952010232541056,"standardized_pca","species"
"50m","phy_faith","Faith's PD","spec_spca_hull3d_a","Std PCA 3D hull area","identity","identity",74,0.00731942710861373,-0.0558756016290263,5.35740131983085e-05,0.00385753561394211,0.950648074943214,0.0636176759927081,9212.45893928617,0.000735943378974095,0.174044349336971,"standardized_pca","phylogenetic"
"50m","phy_rao","Phylogenetic Rao's Q","spec_spca_hull3d_a","Std PCA 3D hull area","identity","identity",74,0.119284205754244,0.0123065531284709,0.0142287217424208,1.03925523907038,0.311408059187034,8.18916758106034,7580.72036945036,0.0014690400088294,0.232094712869375,"standardized_pca","phylogenetic"
"50m","phy_afaith","Abundance-weighted Faith's PD","spec_spca_hull3d_a","Std PCA 3D hull area","identity","identity",74,0.0237401719188752,-0.0284191040355424,0.000563595762737745,0.0406017779071057,0.840876741660681,0.0449973239575369,9124.82671505474,0.000755018167855208,0.0670804214131693,"standardized_pca","phylogenetic"
"50m","sp_rich","Species richness","spec_spca_hull3d_a","Std PCA 3D hull area","identity","identity",74,-0.0952919325094918,-0.145370387940102,0.00908055240139354,0.659791040013144,0.419311284179001,-86.575956021152,10648.7331547397,0.000496941601849405,-0.0368898689171437,"standardized_pca","species"
"50m","sp_shannon","Shannon diversity","spec_spca_hull3d_a","Std PCA 3D hull area","identity","identity",74,-0.0451678854929156,-0.102199185486857,0.00204013787990113,0.147190215687456,0.702365653640389,-439.482108174122,10282.2330015444,0.000541128024548453,-0.112186151951654,"standardized_pca","species"
"50m","sp_simpson","Simpson diversity","spec_spca_hull3d_a","Std PCA 3D hull area","identity","identity",74,-0.0282712766756479,-0.0676342095520178,0.000799265084871032,0.0575931182792838,0.811023310170035,-1389.61195261431,10478.3294639945,0.000590675548885282,-0.150030825584188,"standardized_pca","species"
"50m","sp_even","Species evenness","spec_spca_hull3d_a","Std PCA 3D hull area","identity","identity",74,0.00215441393701367,-0.0158015549796372,4.64149941199961e-06,0.00033418950880438,0.985465368543401,91.7164963155104,9223.33687337117,0.000714238722015713,0.103797229502424,"standardized_pca","species"
"50m","phy_faith","Faith's PD","spec_sa","Spectral angle entropy","identity","identity",80,0.170649203834405,0.244725738396624,0.0291211507693164,2.33958105257577,0.130169067142278,3.61602996975768e-05,2.79850110504972,2.93687521382678e-05,-0.0592095797754739,"non_pca","phylogenetic"
"50m","phy_rao","Phylogenetic Rao's Q","spec_sa","Spectral angle entropy","identity","identity",80,0.339670044773391,0.424730426629161,0.115375739316357,10.1730283315101,0.00205278699607648,0.000572401452586361,2.72760417917179,1.71414778045501e-06,-0.089088772774817,"non_pca","phylogenetic"
"50m","phy_afaith","Abundance-weighted Faith's PD","spec_sa","Spectral angle entropy","identity","identity",80,0.227838204522037,0.280661040787623,0.0519102474398258,4.27069197760307,0.0420938278359521,1.05841843387123e-05,2.8069234291066,9.57747188403706e-06,-0.12536853223914,"non_pca","phylogenetic"
"50m","sp_rich","Species richness","spec_sa","Spectral angle entropy","identity","identity",80,0.0716775852249167,0.121087664885681,0.00513767622367523,0.402808243783454,0.52749976684536,0.00153196450319237,2.82332611604475,0.000126231709412982,-0.0939503983212767,"non_pca","species"
"50m","sp_shannon","Shannon diversity","spec_sa","Spectral angle entropy","identity","identity",80,0.0471013094209912,0.139076418190342,0.00221853334917196,0.173430362277886,0.678224710717653,0.0105589800042941,2.82352088854447,0.00016516028178667,-0.0705387705993775,"non_pca","species"
"50m","sp_simpson","Simpson diversity","spec_sa","Spectral angle entropy","identity","identity",80,0.000501177476405036,0.11418190342241,2.51178862855227e-07,1.9591956223793e-05,0.996479652021057,0.000564610153626654,2.84657451031782,0.000229521868922943,-0.0502532047748372,"non_pca","species"
"50m","sp_even","Species evenness","spec_sa","Spectral angle entropy","identity","identity",80,-0.0333408947923418,0.0628223159868729,0.00111161526555398,0.0868024816769309,0.76906489440999,-0.0335418609262669,2.87453587645434,0.000249244544715158,0.00389493353421534,"non_pca","species"
