"scale","region","region_label","brightness_column","metric","metric_label","n","pearson_r","r_squared","f_statistic","f_p_value","slope","intercept","spearman_r","spearman_p_value"
"10m","blue","Blue illum.","mean_blue_pixel_brightness","spec_sa","Spectral angle entropy",1903,-0.107988211044135,0.0116614537245125,22.4299898186093,2.34078158038909e-06,-3.65125976299217,2.91461092959892,-0.157826527439162,4.39561269546678e-12
"10m","blue","Blue illum.","mean_blue_pixel_brightness","spec_alpha","Raw PCA alpha hull",1741,0.673657561604153,0.453814510306453,1444.90003545447,1.17559169131088e-230,33850.971402174,-123.343612204966,0.630094868512014,2.85501155900053e-193
"10m","blue","Blue illum.","mean_blue_pixel_brightness","spec_rao_q","Raw PCA Rao's Q",1744,0.467099064895977,0.218181536426697,486.138731897153,3.2085990129743e-95,13604.300025496,-104.849516631817,0.532900893098356,1.55637421555918e-128
"10m","blue","Blue illum.","mean_blue_pixel_brightness","spec_pca_mean","Raw PCA mean distance",1744,0.541587812638138,0.293317358798163,723.03861625556,1.66555801215444e-133,273.340725704221,2.29482554304502,0.49130732712024,1.22725650404967e-106
"10m","blue","Blue illum.","mean_blue_pixel_brightness","spec_convex","Raw PCA convex hull",1744,0.562675139882687,0.316603313042002,807.031965247241,3.39335271562989e-146,91713.5031315627,-715.48963924519,0.577543934049597,1.03957835919729e-155
"10m","blue","Blue illum.","mean_blue_pixel_brightness","spec_hull3d_v","Raw PCA 3D hull volume",1744,0.516876616170123,0.267161436343477,635.058313236453,9.76177019564883e-120,846078.647973011,-8700.9491398196,0.533011209800315,1.34864572382715e-128
"10m","blue","Blue illum.","mean_blue_pixel_brightness","spec_hull3d_a","Raw PCA 3D hull area",1744,0.554566474494023,0.30754397463273,773.683214794852,3.29948486701375e-141,216110.591482439,-1566.42717319582,0.564633948035323,2.01782574198232e-147
"10m","blue","Blue illum.","mean_blue_pixel_brightness","spec_spca_alpha","Std PCA alpha hull",1744,0.460659465338372,0.212207143005835,469.24117150113,2.4656973094489e-92,22020.6807282149,119.736122338717,0.359961903139112,1.70022566284226e-54
"10m","blue","Blue illum.","mean_blue_pixel_brightness","spec_spca_rao","Std PCA Rao's Q",1744,0.27792044085874,0.0772397714471161,145.814348838903,2.67246108401976e-32,13320.0748723772,-115.544344526942,0.211000276855016,5.30216892314015e-19
"10m","blue","Blue illum.","mean_blue_pixel_brightness","spec_spca_mean","Std PCA mean distance",1744,0.284547498170004,0.0809672787148081,153.47114009603,7.68591292806249e-34,168.224471142213,3.57278717567234,0.136474539812805,1.05246945484788e-08
"10m","blue","Blue illum.","mean_blue_pixel_brightness","spec_spca_convex","Std PCA convex hull",1744,0.377725586391993,0.142676618615175,289.905390456244,2.96278118814871e-60,133694.48915996,-711.965539033713,0.386110096991556,4.22542100100361e-63
"10m","blue","Blue illum.","mean_blue_pixel_brightness","spec_spca_hull3d_v","Std PCA 3D hull volume",1744,0.339946418522045,0.115563567465966,227.615832094259,1.97100365914686e-48,2561259.13975712,-20634.057821152,0.358241083393083,5.87875437626592e-54
"10m","blue","Blue illum.","mean_blue_pixel_brightness","spec_spca_hull3d_a","Std PCA 3D hull area",1744,0.364009009064682,0.132502558680252,266.07508705714,8.91724232761309e-56,338685.123447842,-1235.98370254114,0.3675399303071,6.57753525465506e-57
"10m","green","Green illum.","mean_green_pixel_brightness","spec_sa","Spectral angle entropy",1903,-0.132884359699697,0.0176582530527987,34.1717525063856,5.92433673805045e-09,-2.44558968769355,2.95459570616071,-0.148271103034177,8.04296654021705e-11
"10m","green","Green illum.","mean_green_pixel_brightness","spec_alpha","Raw PCA alpha hull",1741,0.758018359358939,0.574591833125218,2348.83877558202,0,20429.3130765,-391.460010538615,0.745618173437149,7.1455726903968e-309
"10m","green","Green illum.","mean_green_pixel_brightness","spec_rao_q","Raw PCA Rao's Q",1744,0.533097355915761,0.284192790884376,691.616171807254,1.20586134637078e-128,8330.61260171658,-218.037034129379,0.71137436141574,4.2094969676908e-269
"10m","green","Green illum.","mean_green_pixel_brightness","spec_pca_mean","Raw PCA mean distance",1744,0.665820456919947,0.443316880853087,1387.24883130913,7.6260148021498e-224,180.300031192251,-0.56490996176187,0.680945757817874,5.90507944259789e-238
"10m","green","Green illum.","mean_green_pixel_brightness","spec_convex","Raw PCA convex hull",1744,0.559628805625068,0.31318440008534,794.343088620079,2.63439341464932e-144,48941.6743032099,-1151.34873400499,0.589741942530437,6.89403931707413e-164
"10m","green","Green illum.","mean_green_pixel_brightness","spec_hull3d_v","Raw PCA 3D hull volume",1744,0.579585978788361,0.335919906808063,881.177562253044,4.69642194247755e-157,509031.816137016,-15329.4262421849,0.645738719900048,2.41109247362779e-206
"10m","green","Green illum.","mean_green_pixel_brightness","spec_hull3d_a","Raw PCA 3D hull area",1744,0.582407120972476,0.339198054559449,894.190786088898,6.27706664440427e-159,121773.369738074,-2885.75165691618,0.626856938620578,4.70484028014385e-191
"10m","green","Green illum.","mean_green_pixel_brightness","spec_spca_alpha","Std PCA alpha hull",1744,0.482979280664964,0.233268985551646,529.98322119959,1.32035404552095e-102,12387.4652313275,-13.7595446464217,0.432666392058826,1.73711254018521e-80
"10m","green","Green illum.","mean_green_pixel_brightness","spec_spca_rao","Std PCA Rao's Q",1744,0.237563265650625,0.0564363051865893,104.192270405741,8.457477299517e-24,6108.97952854048,-133.564659952971,0.260284853904119,2.11828715392801e-28
"10m","green","Green illum.","mean_green_pixel_brightness","spec_spca_mean","Std PCA mean distance",1744,0.27788921559819,0.0772224161457772,145.778843439261,2.71690180022913e-32,88.1473580506065,2.84689287762591,0.22515928212431,1.75414524528388e-21
"10m","green","Green illum.","mean_green_pixel_brightness","spec_spca_convex","Std PCA convex hull",1744,0.320820781648193,0.102925973937358,199.868730327453,4.85714481032377e-43,60926.0190339527,-875.150776270172,0.311665991232125,1.35695278616564e-40
"10m","green","Green illum.","mean_green_pixel_brightness","spec_spca_hull3d_v","Std PCA 3D hull volume",1744,0.293421443674197,0.0860961436078503,164.108599734938,5.69641488557804e-36,1186145.8884944,-24619.2686742691,0.292504907174843,9.53135214542728e-36
"10m","green","Green illum.","mean_green_pixel_brightness","spec_spca_hull3d_a","Std PCA 3D hull area",1744,0.309639516715783,0.0958766303119835,184.728208121761,4.59729322348707e-40,154576.538107669,-1659.98615365812,0.293005807078068,7.19584124650396e-36
"10m","red","Red illum.","mean_red_pixel_brightness","spec_sa","Spectral angle entropy",1903,-0.329483086355402,0.108559104194281,231.502568531818,2.02151533670026e-49,-3.03632602536412,3.17061723663169,-0.334839044519409,4.44438999243626e-51
"10m","red","Red illum.","mean_red_pixel_brightness","spec_alpha","Raw PCA alpha hull",1741,0.572623899674602,0.327898130478549,848.405390254604,3.00726010030893e-152,7627.116362608,-288.159065895942,0.539655712482097,3.66690754859466e-132
"10m","red","Red illum.","mean_red_pixel_brightness","spec_rao_q","Raw PCA Rao's Q",1744,0.36707848240708,0.134746612246285,271.283073669792,9.2647074905567e-57,2832.92788096193,-145.993284908191,0.506866540544329,1.78212636179351e-114
"10m","red","Red illum.","mean_red_pixel_brightness","spec_pca_mean","Raw PCA mean distance",1744,0.49760797111196,0.247613692914162,573.299977676572,9.19860772307607e-110,66.5475661592907,0.429832561792875,0.466548600226199,5.69383599451788e-95
"10m","red","Red illum.","mean_red_pixel_brightness","spec_convex","Raw PCA convex hull",1744,0.425324787813627,0.180901175128707,384.727504796169,1.47038965251706e-77,18369.8511175085,-914.309580007139,0.440486991999438,1.0982512024237e-83
"10m","red","Red illum.","mean_red_pixel_brightness","spec_hull3d_v","Raw PCA 3D hull volume",1744,0.406371408569712,0.165137721702932,344.571696056611,2.49864793976296e-70,176261.061950939,-11267.91642221,0.45559325858263,4.15973269316423e-90
"10m","red","Red illum.","mean_red_pixel_brightness","spec_hull3d_a","Raw PCA 3D hull area",1744,0.430178192486889,0.185053277291287,395.56304732407,1.73845702876029e-79,44420.1702533401,-2157.22654634691,0.453685058348812,2.80685196390827e-89
"10m","red","Red illum.","mean_red_pixel_brightness","spec_spca_alpha","Std PCA alpha hull",1744,0.12550939016216,0.0157526070188774,27.8802276973984,1.45256004763199e-07,1589.77750750003,376.222463336889,0.0922804663923393,0.000113749863102847
"10m","red","Red illum.","mean_red_pixel_brightness","spec_spca_rao","Std PCA Rao's Q",1744,0.0317724812715958,0.0010094905661539,1.7603095821568,0.184759795317208,403.502933239121,99.7949377851709,-0.0709544408128181,0.00302921963267925
"10m","red","Red illum.","mean_red_pixel_brightness","spec_spca_mean","Std PCA mean distance",1744,-0.0543233810114701,0.00295102972451736,5.15590902088678,0.0232890287595146,-8.51001998356845,7.75976191378128,-0.145244756076886,1.1040664104072e-09
"10m","red","Red illum.","mean_red_pixel_brightness","spec_spca_convex","Std PCA convex hull",1744,0.187931134415254,0.0353181112826042,63.7766196026512,2.50826520896564e-15,17625.6533791554,-14.6876084808969,0.175403628506448,1.61797894775062e-13
"10m","red","Red illum.","mean_red_pixel_brightness","spec_spca_hull3d_v","Std PCA 3D hull volume",1744,0.160810575326754,0.0258600411369216,46.2440650859793,1.42994911120649e-11,321045.838322688,-5483.65805923649,0.150080350845299,3.00052040141474e-10
"10m","red","Red illum.","mean_red_pixel_brightness","spec_spca_hull3d_a","Std PCA 3D hull area",1744,0.174449872540963,0.0304327580295582,54.6778626511255,2.1951423859574e-13,43009.4642512348,707.411977165505,0.158927517782358,2.47715447662371e-11
"10m","nir","NIR illum.","mean_nir_pixel_brightness","spec_sa","Spectral angle entropy",1903,-0.445369302410225,0.198353815529372,470.370358676797,2.23017439167202e-93,-0.933451321992175,3.27936324501663,-0.452131085421764,1.60303541668133e-96
"10m","nir","NIR illum.","mean_nir_pixel_brightness","spec_alpha","Raw PCA alpha hull",1741,0.291763462337864,0.0851259179553783,161.808028262826,1.65092632408826e-35,888.092576387506,118.972109103793,0.261420576566006,1.34931433834453e-28
"10m","nir","NIR illum.","mean_nir_pixel_brightness","spec_rao_q","Raw PCA Rao's Q",1744,0.0954644609464323,0.00911346330379292,16.0216659398154,6.52489714594896e-05,168.337547630746,80.7710839070324,0.217105178799521,4.74515544078739e-20
"10m","nir","NIR illum.","mean_nir_pixel_brightness","spec_pca_mean","Raw PCA mean distance",1744,0.217314513190814,0.0472255976433604,86.344669725856,4.36253228861401e-20,6.64043086754506,4.49998940150324,0.183422592192743,1.16288312886875e-14
"10m","nir","NIR illum.","mean_nir_pixel_brightness","spec_convex","Raw PCA convex hull",1744,0.187621828385394,0.0352019504866783,63.5592057620002,2.79005881330744e-15,1851.53099519688,200.564610972036,0.218668470801569,2.52736719518124e-20
"10m","nir","NIR illum.","mean_nir_pixel_brightness","spec_hull3d_v","Raw PCA 3D hull volume",1744,0.137472474250627,0.0188986811765893,33.5556603359781,8.20022053729207e-09,13624.2206193858,1367.07481698178,0.194505181269905,2.49886090618714e-16
"10m","nir","NIR illum.","mean_nir_pixel_brightness","spec_hull3d_a","Raw PCA 3D hull area",1744,0.175694662802873,0.0308686145374153,55.4858993639036,1.47365621871378e-13,4145.27242595091,693.944732036225,0.207865856392557,1.77913790890336e-18
"10m","nir","NIR illum.","mean_nir_pixel_brightness","spec_spca_alpha","Std PCA alpha hull",1744,-0.187189839852042,0.0350400361438332,63.2562440400436,3.23639005191105e-15,-541.757686551834,801.143503126602,-0.201385096277814,2.04521178539324e-17
"10m","nir","NIR illum.","mean_nir_pixel_brightness","spec_spca_rao","Std PCA Rao's Q",1744,-0.208240049170294,0.0433639180784464,78.9641397812634,1.54129236348785e-18,-604.258129176172,426.021260861928,-0.350631628950393,1.29471161308738e-51
"10m","nir","NIR illum.","mean_nir_pixel_brightness","spec_spca_mean","Std PCA mean distance",1744,-0.35249532437145,0.124252953703734,247.158864271726,3.50182039466156e-52,-12.6171082445207,12.7450516196968,-0.433674259238639,6.79587242554082e-81
"10m","nir","NIR illum.","mean_nir_pixel_brightness","spec_spca_convex","Std PCA convex hull",1744,-0.0146763792409276,0.000215396107623528,0.375300857824149,0.540208891288171,-314.505392086893,2033.33405335863,-0.0106375262020265,0.657093058523943
"10m","nir","NIR illum.","mean_nir_pixel_brightness","spec_spca_hull3d_v","Std PCA 3D hull volume",1744,-0.0399731767249351,0.00159785485748289,2.78791784981379,0.0951572286415298,-18234.0769331649,37671.2588709584,-0.0415522526401784,0.0827801192550317
"10m","nir","NIR illum.","mean_nir_pixel_brightness","spec_spca_hull3d_a","Std PCA 3D hull area",1744,-0.028901760707354,0.000835311771985146,1.4563295960536,0.227678873315898,-1628.09730572951,6107.58549857978,-0.0277852829411658,0.246154910050532
"20m","blue","Blue illum.","mean_blue_pixel_brightness","spec_sa","Spectral angle entropy",485,-0.125519579601665,0.0157551648633788,7.73155657754169,0.0056383373566889,-4.48667942544104,2.92258370499651,-0.16031532654463,0.000393478726442235
"20m","blue","Blue illum.","mean_blue_pixel_brightness","spec_alpha","Raw PCA alpha hull",436,0.591928594177683,0.350379460605168,234.082324497163,1.43223178932108e-42,34254.5701721784,-15.7724385049479,0.556968401361849,6.85446893063914e-37
"20m","blue","Blue illum.","mean_blue_pixel_brightness","spec_rao_q","Raw PCA Rao's Q",436,0.461857894705945,0.213312714902208,117.680455781168,2.01325959278023e-24,12257.5045002628,-63.9730011779832,0.550572227165027,6.36552164664932e-36
"20m","blue","Blue illum.","mean_blue_pixel_brightness","spec_pca_mean","Raw PCA mean distance",436,0.52402524217535,0.274602454436934,164.292622651655,4.0365448627502e-32,249.92504840386,3.14658517274955,0.503376751990977,2.18651644850719e-29
"20m","blue","Blue illum.","mean_blue_pixel_brightness","spec_convex","Raw PCA convex hull",436,0.537025350620519,0.288396227209092,175.88996488573,6.11258076501538e-34,133027.737931606,-1134.729459573,0.617665672233898,3.23332192677772e-47
"20m","blue","Blue illum.","mean_blue_pixel_brightness","spec_hull3d_v","Raw PCA 3D hull volume",436,0.471354700313942,0.222175253508046,123.966305337251,1.68856599398504e-25,1345068.16679494,-13898.6911694757,0.566241022414915,2.4836619733277e-38
"20m","blue","Blue illum.","mean_blue_pixel_brightness","spec_hull3d_a","Raw PCA 3D hull area",436,0.514687001844221,0.264902709867393,156.398040947354,7.33679649109415e-31,313351.211547141,-2493.52338301865,0.5971229740031,1.78631613544587e-43
"20m","blue","Blue illum.","mean_blue_pixel_brightness","spec_spca_alpha","Std PCA alpha hull",436,0.244519523662078,0.0597897974519295,27.5989050361435,2.34417033675575e-07,13220.8053509327,391.639686231457,0.173765652181152,0.000266676450521233
"20m","blue","Blue illum.","mean_blue_pixel_brightness","spec_spca_rao","Std PCA Rao's Q",436,0.229511661978794,0.0526756029842681,24.1324004397964,1.27642633288513e-06,9498.37332357886,-31.6785441682278,0.219204159388196,3.83206850992079e-06
"20m","blue","Blue illum.","mean_blue_pixel_brightness","spec_spca_mean","Std PCA mean distance",436,0.205269075029587,0.042135393163502,19.091174788632,1.56081439794655e-05,110.035113769787,4.93433537558934,0.111662372580006,0.0196910610251922
"20m","blue","Blue illum.","mean_blue_pixel_brightness","spec_spca_convex","Std PCA convex hull",436,0.359968851282265,0.129577573893473,64.6084767384945,8.74285900337066e-15,175323.567831737,-862.71600158533,0.407261699908134,7.53032042828567e-19
"20m","blue","Blue illum.","mean_blue_pixel_brightness","spec_spca_hull3d_v","Std PCA 3D hull volume",436,0.303699202282295,0.0922332054669024,44.0963597850308,9.3673531771491e-11,3374879.8217024,-22437.150457374,0.353031547963343,3.04683180623616e-14
"20m","blue","Blue illum.","mean_blue_pixel_brightness","spec_spca_hull3d_a","Std PCA 3D hull area",436,0.341368501929319,0.116532454109468,57.246115399213,2.32183800193998e-13,443200.865144287,-1448.06988455322,0.384149499369099,8.82510890882773e-17
"20m","green","Green illum.","mean_green_pixel_brightness","spec_sa","Spectral angle entropy",485,-0.0931176813044546,0.00867090257151804,4.22467771087024,0.0403772922355577,-1.83612854083852,2.91855804376617,-0.109043890955793,0.0162872800399256
"20m","green","Green illum.","mean_green_pixel_brightness","spec_alpha","Raw PCA alpha hull",436,0.719597562957299,0.517820652614084,466.080026971054,9.57634836212489e-71,22435.7099255494,-368.392815944307,0.715096821458899,1.72815116709357e-69
"20m","green","Green illum.","mean_green_pixel_brightness","spec_rao_q","Raw PCA Rao's Q",436,0.596730117999815,0.356086833728074,240.003922784708,2.09367517109718e-43,8532.4269298894,-213.087043634,0.750215186950224,5.36613389794704e-80
"20m","green","Green illum.","mean_green_pixel_brightness","spec_pca_mean","Raw PCA mean distance",436,0.701701321692371,0.49238474486482,420.978245057715,6.86742882545852e-66,180.306258724989,-0.181924227593873,0.724812485114275,3.12066483835943e-72
"20m","green","Green illum.","mean_green_pixel_brightness","spec_convex","Raw PCA convex hull",436,0.542756206346578,0.294584299527729,181.240063000355,9.09029734006924e-35,72435.7810097143,-1835.70156775742,0.60200353710156,2.4399055274875e-44
"20m","green","Green illum.","mean_green_pixel_brightness","spec_hull3d_v","Raw PCA 3D hull volume",436,0.552873651442055,0.305669274458871,191.062357224305,2.87071743619544e-36,850008.513175858,-26336.0623408718,0.673144596219515,7.50908468934634e-59
"20m","green","Green illum.","mean_green_pixel_brightness","spec_hull3d_a","Raw PCA 3D hull area",436,0.548293812048543,0.300626104330723,186.555046002506,1.39183608313039e-35,179846.691233495,-4564.20518154632,0.63690805490543,5.55004134687124e-51
"20m","green","Green illum.","mean_green_pixel_brightness","spec_spca_alpha","Std PCA alpha hull",436,0.332393102247155,0.110485174421488,53.9064266497641,1.04677815179052e-12,9682.71842948395,208.982682577334,0.30793010061845,4.97552572379599e-11
"20m","green","Green illum.","mean_green_pixel_brightness","spec_spca_rao","Std PCA Rao's Q",436,0.272050529089888,0.0740114903780882,34.6883211728032,7.76305020923463e-09,6065.89630724162,-122.393161285414,0.31303059238126,2.28919835167418e-11
"20m","green","Green illum.","mean_green_pixel_brightness","spec_spca_mean","Std PCA mean distance",436,0.297752611296299,0.0886566175337652,42.220059694217,2.240755369421e-10,85.9932336775502,3.16821188832227,0.265207907876096,1.87882162740294e-08
"20m","green","Green illum.","mean_green_pixel_brightness","spec_spca_convex","Std PCA convex hull",436,0.306017324346498,0.0936466028001896,44.8419189919166,6.6315096201558e-11,80301.2528917923,-1096.66124449225,0.30761533767158,5.21715449136888e-11
"20m","green","Green illum.","mean_green_pixel_brightness","spec_spca_hull3d_v","Std PCA 3D hull volume",436,0.252971895070644,0.063994779695633,29.67262765786,8.58501493549397e-08,1514564.8214912,-25521.6150509064,0.263867921181852,2.22740888181745e-08
"20m","green","Green illum.","mean_green_pixel_brightness","spec_spca_hull3d_a","Std PCA 3D hull area",436,0.27700436288881,0.0767314170594356,36.0690655125853,4.03079257090567e-09,193760.252850779,-1619.4117452759,0.282086383172489,2.02971163758323e-09
"20m","red","Red illum.","mean_red_pixel_brightness","spec_sa","Spectral angle entropy",485,-0.370232247382671,0.137071917002023,76.722194139245,3.33939819814493e-17,-3.61083220043526,3.22457350098377,-0.386415440461051,1.01543627941139e-18
"20m","red","Red illum.","mean_red_pixel_brightness","spec_alpha","Raw PCA alpha hull",436,0.489481776086679,0.23959240912097,136.746538048491,1.19448501392246e-27,7469.88258709325,-156.117381978453,0.441184139943548,3.41771334280656e-22
"20m","red","Red illum.","mean_red_pixel_brightness","spec_rao_q","Raw PCA Rao's Q",436,0.417669586021977,0.174447883087769,91.7087845928704,7.78170476770851e-20,2923.17346336399,-141.267554954013,0.510693180691161,2.46826411851961e-30
"20m","red","Red illum.","mean_red_pixel_brightness","spec_pca_mean","Raw PCA mean distance",436,0.52156786969513,0.272033042698316,162.180905804687,8.73453684260679e-32,65.5988842959884,0.921640330891333,0.472897013588812,1.12075738291905e-25
"20m","red","Red illum.","mean_red_pixel_brightness","spec_convex","Raw PCA convex hull",436,0.426407643276457,0.181823478244582,96.4478782510678,1.08780040162485e-20,27854.825714394,-1554.824159877,0.473497727234886,9.5485019714815e-26
"20m","red","Red illum.","mean_red_pixel_brightness","spec_hull3d_v","Raw PCA 3D hull volume",436,0.389261627817028,0.151524614890762,77.5057049582226,3.17694962518771e-17,292931.511585603,-19367.7058107124,0.471062875129311,1.82430548883479e-25
"20m","red","Red illum.","mean_red_pixel_brightness","spec_hull3d_a","Raw PCA 3D hull area",436,0.412933967470329,0.170514461490787,89.215872792675,2.20729379671733e-19,66297.4512233893,-3557.14412202093,0.470516021564302,2.10831609346239e-25
"20m","red","Red illum.","mean_red_pixel_brightness","spec_spca_alpha","Std PCA alpha hull",436,-0.0659715812962014,0.00435224953872131,1.89713309644896,0.169109477197876,-940.652707607306,751.263176995727,-0.0765786107429144,0.110318457463156
"20m","red","Red illum.","mean_red_pixel_brightness","spec_spca_rao","Std PCA Rao's Q",436,0.045244401391675,0.00204705585729101,0.890244622533275,0.345935964896499,493.784405039889,100.120420265639,-0.0334678146199715,0.485791780850975
"20m","red","Red illum.","mean_red_pixel_brightness","spec_spca_mean","Std PCA mean distance",436,-0.0600070845885922,0.00360085020082246,1.5684166204597,0.211111544857812,-8.48278275217443,7.99819430976108,-0.127683140563953,0.00759908524512861
"20m","red","Red illum.","mean_red_pixel_brightness","spec_spca_convex","Std PCA convex hull",436,0.201069255355936,0.0404288454493905,18.2853755470096,2.34034001732064e-05,25825.5210920584,-238.362708574487,0.242777645460225,2.8703245021815e-07
"20m","red","Red illum.","mean_red_pixel_brightness","spec_spca_hull3d_v","Std PCA 3D hull volume",436,0.145530895658,0.0211792415910197,9.39067829481193,0.00231688794627076,426479.253402116,-2773.43902424639,0.180899941144831,0.000145964442444826
"20m","red","Red illum.","mean_red_pixel_brightness","spec_spca_hull3d_a","Std PCA 3D hull area",436,0.167939397798539,0.0282036413329358,12.5956227653325,0.000428863789597146,57498.6688689409,972.783005385491,0.207960867465833,1.19862437464735e-05
"20m","nir","NIR illum.","mean_nir_pixel_brightness","spec_sa","Spectral angle entropy",485,-0.519650558345293,0.270036702788575,178.677103280585,6.74279176249426e-35,-1.12492805672646,3.3609188874699,-0.546806290542623,3.64053996712632e-39
"20m","nir","NIR illum.","mean_nir_pixel_brightness","spec_alpha","Raw PCA alpha hull",436,0.202247097182432,0.0409038883187203,18.5093937032078,2.0907660850403e-05,693.859800451192,326.63517457999,0.133263450360768,0.00531861008008372
"20m","nir","NIR illum.","mean_nir_pixel_brightness","spec_rao_q","Raw PCA Rao's Q",436,0.147743263914565,0.0218280720321288,9.68478341187385,0.00198074152562497,232.456452799812,65.9819761341502,0.197561093909829,3.26184722432154e-05
"20m","nir","NIR illum.","mean_nir_pixel_brightness","spec_pca_mean","Raw PCA mean distance",436,0.254853123340399,0.0649501144763568,30.1463591613114,6.83100042229812e-08,7.20589227614852,4.63896021370661,0.167948329070617,0.000428556561409755
"20m","nir","NIR illum.","mean_nir_pixel_brightness","spec_convex","Raw PCA convex hull",436,0.199647877358703,0.0398592749338356,18.0170727786727,2.67916963227916e-05,2931.92153531207,83.6439991070528,0.246597802016423,1.83734234299998e-07
"20m","nir","NIR illum.","mean_nir_pixel_brightness","spec_hull3d_v","Raw PCA 3D hull volume",436,0.128848018784263,0.0166018119446298,7.32682495400697,0.0070612895506669,21797.8884026965,2103.11760577199,0.185439969537201,9.8272999011076e-05
"20m","nir","NIR illum.","mean_nir_pixel_brightness","spec_hull3d_a","Raw PCA 3D hull area",436,0.170071597767943,0.028924348367341,12.9270743945855,0.000361058336717446,6138.4708368552,736.694962117583,0.210220095167288,9.57820497026543e-06
"20m","nir","NIR illum.","mean_nir_pixel_brightness","spec_spca_alpha","Std PCA alpha hull",436,-0.366067482740312,0.134005401919829,67.1578605249239,2.84421948893917e-15,-1173.39909882825,1200.12428538992,-0.387414694391095,4.60480913475959e-17
"20m","nir","NIR illum.","mean_nir_pixel_brightness","spec_spca_rao","Std PCA Rao's Q",436,-0.202732223583022,0.0411003544789166,18.6021070371306,1.99549954117563e-05,-497.40195557396,386.978419378977,-0.341521561768609,2.26200669166536e-13
"20m","nir","NIR illum.","mean_nir_pixel_brightness","spec_spca_mean","Std PCA mean distance",436,-0.35699577654456,0.127445984470654,63.3904105371725,1.49845551981445e-14,-11.3451718082399,12.4043042269553,-0.441089884801684,3.49588380320469e-22
"20m","nir","NIR illum.","mean_nir_pixel_brightness","spec_spca_convex","Std PCA convex hull",436,0.0152373305150072,0.000232176241223568,0.100787889244314,0.751038855141471,439.971447397092,2349.92888373796,0.0689191859888501,0.150816820587115
"20m","nir","NIR illum.","mean_nir_pixel_brightness","spec_spca_hull3d_v","Std PCA 3D hull volume",436,-0.030342167724992,0.000920647142251547,0.399929053277174,0.52745891683889,-19989.4798460582,52759.616908421,0.00988926106719697,0.836864280733119
"20m","nir","NIR illum.","mean_nir_pixel_brightness","spec_spca_hull3d_a","Std PCA 3D hull area",436,-0.0115663619794897,0.000133780729440585,0.0580686050375533,0.809688846477498,-890.254464810026,7612.90213860201,0.0378807216382152,0.43012065318395
"50m","blue","Blue illum.","mean_blue_pixel_brightness","spec_sa","Spectral angle entropy",80,-0.166230605307268,0.0276326141408207,2.21659419508354,0.140566182156453,-6.59978024507743,2.9765184833129,-0.232114392873887,0.0382834576049779
"50m","blue","Blue illum.","mean_blue_pixel_brightness","spec_alpha","Raw PCA alpha hull",74,0.524300873030857,0.274891405460918,27.2954717986305,1.63068197105334e-06,33012.8981073634,79.2331665961223,0.471691965938541,2.21255303280097e-05
"50m","blue","Blue illum.","mean_blue_pixel_brightness","spec_rao_q","Raw PCA Rao's Q",74,0.365001735912834,0.133226267219382,11.0666612023686,0.00138626437028491,8788.31690155078,19.4499197878061,0.443643095149944,7.52743615463177e-05
"50m","blue","Blue illum.","mean_blue_pixel_brightness","spec_pca_mean","Raw PCA mean distance",74,0.459069983465747,0.210745249719241,19.2252982631877,3.88988817266289e-05,204.633016934194,4.42758116428889,0.441095890410959,8.36907920195662e-05
"50m","blue","Blue illum.","mean_blue_pixel_brightness","spec_convex","Raw PCA convex hull",74,0.260688208708579,0.0679583421596876,5.24976603174086,0.0248782669832029,103374.273799722,-21.788880752642,0.466716031099593,2.77108182703322e-05
"50m","blue","Blue illum.","mean_blue_pixel_brightness","spec_hull3d_v","Raw PCA 3D hull volume",74,0.263909385773857,0.0696481638995345,5.39007674965772,0.0230849259707029,1269476.2866146,-5390.89865912748,0.411417993335802,0.000270983219203073
"50m","blue","Blue illum.","mean_blue_pixel_brightness","spec_hull3d_a","Raw PCA 3D hull area",74,0.28296584634277,0.0800696701964804,6.26679659032211,0.0145708028428765,272561.230385004,-375.411795872672,0.43795631247686,9.52606724938015e-05
"50m","blue","Blue illum.","mean_blue_pixel_brightness","spec_spca_alpha","Std PCA alpha hull",74,0.235232469126519,0.0553343145313587,4.21743978588717,0.0436431658410017,14821.2129105215,401.78870586567,0.0849611255090707,0.471695341369171
"50m","blue","Blue illum.","mean_blue_pixel_brightness","spec_spca_rao","Std PCA Rao's Q",74,0.0810274715446123,0.00656545114491297,0.475836564148615,0.492531676424412,2997.39136002638,105.549757311642,0.168130322102925,0.152171285048016
"50m","blue","Blue illum.","mean_blue_pixel_brightness","spec_spca_mean","Std PCA mean distance",74,0.137086305293475,0.018792655099016,1.37898597494263,0.244143411222163,73.8855427042007,5.87622491062806,0.0124546464272492,0.916122712342313
"50m","blue","Blue illum.","mean_blue_pixel_brightness","spec_spca_convex","Std PCA convex hull",74,0.177565161172577,0.0315293864622433,2.3440213812879,0.130146668979924,123439.197960798,906.223890662304,0.312491669751944,0.00671550363755319
"50m","blue","Blue illum.","mean_blue_pixel_brightness","spec_spca_hull3d_v","Std PCA 3D hull volume",74,0.279562667208765,0.0781552848968786,6.10426075062521,0.015854133929659,4005061.38505348,-19396.9606555694,0.37285449833395,0.00106924915670852
"50m","blue","Blue illum.","mean_blue_pixel_brightness","spec_spca_hull3d_a","Std PCA 3D hull area",74,0.250704713512611,0.0628528533774405,4.82891663223336,0.031203908114725,437371.140416744,682.318524925782,0.36503517215846,0.0013847514959843
"50m","green","Green illum.","mean_green_pixel_brightness","spec_sa","Spectral angle entropy",80,-0.0510388730503559,0.00260496656225038,0.203718070617614,0.652988744278517,-1.07110984469835,2.8962012436538,-0.0618143459915612,0.585957066459369
"50m","green","Green illum.","mean_green_pixel_brightness","spec_alpha","Raw PCA alpha hull",74,0.746432836245672,0.557161979025758,90.5876654439027,2.28582308636184e-14,24839.8423861389,-410.244244247251,0.708374676045909,1.66938049394132e-12
"50m","green","Green illum.","mean_green_pixel_brightness","spec_rao_q","Raw PCA Rao's Q",74,0.606351050366524,0.367661596280587,41.86308276786,1.03192122079529e-08,7715.95955117673,-161.484519192172,0.708374676045909,1.66938049394132e-12
"50m","green","Green illum.","mean_green_pixel_brightness","spec_pca_mean","Raw PCA mean distance",74,0.729791367404713,0.53259543993844,82.0421428291525,1.6311842270855e-13,171.929563654821,0.569475857128492,0.717734172528693,6.20229711651475e-13
"50m","green","Green illum.","mean_green_pixel_brightness","spec_convex","Raw PCA convex hull",74,0.32013498220865,0.102486406833733,8.22162622183459,0.00542579117307843,67093.3143869814,-1064.03908062971,0.491240281377268,8.82661764620945e-06
"50m","green","Green illum.","mean_green_pixel_brightness","spec_hull3d_v","Raw PCA 3D hull volume",74,0.449958286788176,0.20246245984935,18.2778820748672,5.7668657536822e-05,1143923.65427496,-32873.750457529,0.57067752684191,1.10483878305329e-07
"50m","green","Green illum.","mean_green_pixel_brightness","spec_hull3d_a","Raw PCA 3D hull area",74,0.403540430713747,0.162844879220636,14.0055660090455,0.000363616355280485,205433.915377915,-4432.74850114833,0.541236579044798,6.39266776572628e-07
"50m","green","Green illum.","mean_green_pixel_brightness","spec_spca_alpha","Std PCA alpha hull",74,0.470811045273076,0.221663040351126,20.5049223314295,2.30308890621456e-05,15677.9094156548,-25.6503848819568,0.355675675675676,0.00187138868006693
"50m","green","Green illum.","mean_green_pixel_brightness","spec_spca_rao","Std PCA Rao's Q",74,0.244610487784948,0.0598342907343902,4.58224426866329,0.0356921149312919,4782.34900615005,-54.8510328008701,0.394179933358015,0.000510916950804824
"50m","green","Green illum.","mean_green_pixel_brightness","spec_spca_mean","Std PCA mean distance",74,0.385100619812691,0.148302487380119,12.5370556249753,0.000703942305224562,109.696972742958,2.29806595975579,0.328011847463902,0.00433064987943126
"50m","green","Green illum.","mean_green_pixel_brightness","spec_spca_convex","Std PCA convex hull",74,0.199225048234762,0.0396906198441432,2.9758374622088,0.0888066506967705,73197.1718024812,-20.8340418233817,0.276475379489078,0.0171013580309002
"50m","green","Green illum.","mean_green_pixel_brightness","spec_spca_hull3d_v","Std PCA 3D hull volume",74,0.23074598600375,0.0532437100568431,4.04913826801496,0.0479356509017627,1747105.71978168,-20666.7575217701,0.274105886708626,0.0181149088945224
"50m","green","Green illum.","mean_green_pixel_brightness","spec_spca_hull3d_a","Std PCA 3D hull area",74,0.224137591285487,0.05023765982726,3.80843854780013,0.0548855181248303,206660.441735506,-184.512676036505,0.283820807108478,0.0142628590749995
"50m","red","Red illum.","mean_red_pixel_brightness","spec_sa","Spectral angle entropy",80,-0.564338261215982,0.318477673072278,36.4496620552714,4.9858741236845e-08,-5.78798907622859,3.47384028316472,-0.532466010314112,3.70143454743425e-07
"50m","red","Red illum.","mean_red_pixel_brightness","spec_alpha","Raw PCA alpha hull",74,0.347817455022479,0.120976982018314,9.90911788102928,0.00239329605237538,5886.59492890908,88.5826087100786,0.33224731580896,0.00382697217204846
"50m","red","Red illum.","mean_red_pixel_brightness","spec_rao_q","Raw PCA Rao's Q",74,0.283779661264692,0.0805308961475031,6.30605693908165,0.0142775493950981,1836.54575778153,-7.40616119089832,0.381266197704554,0.000803777926175233
"50m","red","Red illum.","mean_red_pixel_brightness","spec_pca_mean","Raw PCA mean distance",74,0.395774901358064,0.156637772544986,13.3725690528872,0.000482488629665409,47.4192594959517,3.29524897620866,0.392610144390966,0.000540380805956246
"50m","red","Red illum.","mean_red_pixel_brightness","spec_convex","Raw PCA convex hull",74,0.175706871751553,0.0308729047807168,2.293661125746,0.134281019016895,18727.9197131732,-24.6415955997398,0.303043317289893,0.00867708432561411
"50m","red","Red illum.","mean_red_pixel_brightness","spec_hull3d_v","Raw PCA 3D hull volume",74,0.210935177105086,0.0444936489403541,3.35271735258777,0.0712316780919148,272727.214706351,-10080.1510107025,0.325731210662717,0.00462553060628849
"50m","red","Red illum.","mean_red_pixel_brightness","spec_hull3d_a","Raw PCA 3D hull area",74,0.210677004026851,0.0443848000257297,3.34413433559719,0.0715865329855004,54545.2458154838,-945.517451172827,0.321584598296927,0.00520754968203853
"50m","red","Red illum.","mean_red_pixel_brightness","spec_spca_alpha","Std PCA alpha hull",74,-0.0580348390330173,0.00336804254158824,0.243318570290249,0.623320689942686,-982.844861491127,800.794811274276,-0.147426878933728,0.210029141899711
"50m","red","Red illum.","mean_red_pixel_brightness","spec_spca_rao","Std PCA Rao's Q",74,-0.113579427041091,0.0129002862469825,0.940959253499636,0.335278697456988,-1129.32917024952,287.575417126086,-0.0341947426878934,0.772404613820242
"50m","red","Red illum.","mean_red_pixel_brightness","spec_spca_mean","Std PCA mean distance",74,-0.120174865331041,0.0144419982573339,1.05506106458414,0.307782839167815,-17.4095982176207,9.22757448713869,-0.187530544242873,0.109606481682006
"50m","red","Red illum.","mean_red_pixel_brightness","spec_spca_convex","Std PCA convex hull",74,0.0598875622222077,0.0035865201089188,0.259158926543608,0.612255195203952,11190.2985863496,2119.45110319343,0.129566827101074,0.271224883685782
"50m","red","Red illum.","mean_red_pixel_brightness","spec_spca_hull3d_v","Std PCA 3D hull volume",74,0.108210981703539,0.0117096165612438,0.853081651443385,0.358767064367645,416688.051180919,14128.972134588,0.146330988522769,0.213475455194035
"50m","red","Red illum.","mean_red_pixel_brightness","spec_spca_hull3d_a","Std PCA 3D hull area",74,0.090993523302414,0.00827982128298697,0.601124334433021,0.440688440756561,42668.5430287157,4652.294779425,0.149470566456868,0.203707931492089
"50m","nir","NIR illum.","mean_nir_pixel_brightness","spec_sa","Spectral angle entropy",80,-0.752566474973493,0.566356299254029,101.871170423602,8.35757893920653e-16,-1.56347801130454,3.57952468666746,-0.692967651195499,1.06065058998463e-12
"50m","nir","NIR illum.","mean_nir_pixel_brightness","spec_alpha","Raw PCA alpha hull",74,-0.0224428956969983,0.000503683567266359,0.0362834922419832,0.849467302946896,-79.1641702820194,766.944804039828,0.0255164753794891,0.829144280914552
"50m","nir","NIR illum.","mean_nir_pixel_brightness","spec_rao_q","Raw PCA Rao's Q",74,-0.0629282704668451,0.00395996722394845,0.286251185436433,0.594281526173603,-84.8795908213062,232.629166687757,0.0498630136986301,0.673099519220546
"50m","nir","NIR illum.","mean_nir_pixel_brightness","spec_pca_mean","Raw PCA mean distance",74,0.0356109017402794,0.0012681363227558,0.0914217504808924,0.763249164070921,0.889255343832181,8.0393257607561,0.0776453165494261,0.510825584423163
"50m","nir","NIR illum.","mean_nir_pixel_brightness","spec_convex","Raw PCA convex hull",74,-0.0412300018812076,0.00169991305512438,0.122602152969374,0.727251450751978,-915.90649979243,2446.84535414274,0.0530322102924843,0.653612260875916
"50m","nir","NIR illum.","mean_nir_pixel_brightness","spec_hull3d_v","Raw PCA 3D hull volume",74,-0.0894990966833484,0.00801008830713533,0.581383289603763,0.448261433130493,-24117.6568417784,30997.1655948409,0.0188522769344687,0.873332784611298
"50m","nir","NIR illum.","mean_nir_pixel_brightness","spec_hull3d_a","Raw PCA 3D hull area",74,-0.0598156771649571,0.00357791523470235,0.258534912902145,0.612682943669405,-3227.68978292308,6516.97851142039,0.03380970011107,0.774899340406684
"50m","nir","NIR illum.","mean_nir_pixel_brightness","spec_spca_alpha","Std PCA alpha hull",74,-0.420856080582313,0.177119840563107,15.4975525588932,0.000188691851693148,-1485.47992751415,1394.64486002666,-0.457860051832654,4.10132860064826e-05
"50m","nir","NIR illum.","mean_nir_pixel_brightness","spec_spca_rao","Std PCA Rao's Q",74,-0.388684593045416,0.151075712870881,12.8132172581475,0.000620966485627049,-805.480800191293,544.638847832243,-0.355261014439097,0.00189613275000662
"50m","nir","NIR illum.","mean_nir_pixel_brightness","spec_spca_mean","Std PCA mean distance",74,-0.466016817183147,0.217171673897511,19.9741884641175,2.85933301340206e-05,-14.0706346981253,13.9705555227105,-0.502969270640503,4.94674992452369e-06
"50m","nir","NIR illum.","mean_nir_pixel_brightness","spec_spca_convex","Std PCA convex hull",74,-0.123117444612462,0.0151579051679026,1.10816665718889,0.296000946668986,-4794.70207404123,5600.22448871725,-0.0744465012958164,0.528442157900266
"50m","nir","NIR illum.","mean_nir_pixel_brightness","spec_spca_hull3d_v","Std PCA 3D hull volume",74,-0.0525657150531515,0.0027631543990491,0.199498361506735,0.656466641277516,-42187.0619501359,79408.129834558,-0.035142539800074,0.766273600406824
"50m","nir","NIR illum.","mean_nir_pixel_brightness","spec_spca_hull3d_a","Std PCA 3D hull area",74,-0.0831709059171054,0.00691739959107195,0.501521998625385,0.481118558447525,-8128.41293728959,13133.7432091103,-0.0413032210292484,0.726786061998956
