"scale","x_metric","x_label","y_metric","y_label","n","pearson_r","r_squared","f_statistic","f_p_value","slope","intercept","spearman_r","spearman_p_value"
"10m","spec_sa","Spectral angle entropy","spec_alpha","Raw PCA alpha hull",1741,0.0838928671638646,0.0070380131609738,12.3258544125089,0.000458120909281722,125.627247583275,177.479980858956,0.0477591315374216,0.0463195723454156
"10m","spec_sa","Spectral angle entropy","spec_rao_q","Raw PCA Rao's Q",1744,0.2029172639906,0.0411754160254309,74.8078177334293,1.15671531695434e-17,176.155069615945,-341.198398506396,0.0648209575129579,0.00677083977351745
"10m","spec_sa","Spectral angle entropy","spec_pca_mean","Raw PCA mean distance",1744,0.129179578542767,0.016687363512487,29.5627109426672,6.17955958016897e-08,1.94329292124441,2.08290458911417,0.0804387294603463,0.000773070672295485
"10m","spec_sa","Spectral angle entropy","spec_spca_alpha","Std PCA alpha hull",1744,0.345669129732314,0.119487147249895,236.392472704076,4.0334009762194e-50,492.515930549949,-852.322109309724,0.342078451363804,4.67275648823412e-49
"10m","spec_sa","Spectral angle entropy","spec_spca_rao","Std PCA Rao's Q",1744,0.365895556278535,0.133879558104379,269.267620225426,2.22376914288754e-56,522.69970650219,-1342.48463174405,0.454844245639307,8.81366732716975e-90
"10m","spec_sa","Spectral angle entropy","spec_spca_mean","Std PCA mean distance",1744,0.45957346296572,0.211207767862305,466.439597939535,7.45624367645016e-92,8.0983825615094,-16.1780172771338,0.489429357427155,1.01824977720337e-105
"10m","spec_alpha","Raw PCA alpha hull","spec_rao_q","Raw PCA Rao's Q",1741,0.719487013407186,0.517661562461592,1866.35231003962,1.25581495314337e-277,0.417259102173929,-63.5116346431015,0.850110877728331,0
"10m","spec_alpha","Raw PCA alpha hull","spec_pca_mean","Raw PCA mean distance",1741,0.855226450353447,0.731412281384157,4735.60728644584,0,0.00859315901061248,3.01285260526,0.832447076319201,0
"10m","spec_alpha","Raw PCA alpha hull","spec_spca_alpha","Std PCA alpha hull",1741,0.806835362592029,0.650983302329011,3243.56963521934,0,0.767341294603284,137.275288917834,0.775788699265159,0
"10m","spec_alpha","Raw PCA alpha hull","spec_spca_rao","Std PCA Rao's Q",1741,0.500586603546408,0.250586947650129,581.482669133084,4.48368509556946e-111,0.477712131184353,-112.118277073453,0.651650552203355,5.36258619746147e-211
"10m","spec_alpha","Raw PCA alpha hull","spec_spca_mean","Std PCA mean distance",1741,0.632915491682803,0.400582019612085,1162.14754127763,1.6445278934994e-195,0.0074455976606295,2.85937212618654,0.618688982940868,1.90474834679268e-184
"10m","spec_rao_q","Raw PCA Rao's Q","spec_pca_mean","Raw PCA mean distance",1744,0.906046921396989,0.820921023772962,7985.55170205729,0,0.0157006974895253,5.10206690027268,0.98968572996768,0
"10m","spec_rao_q","Raw PCA Rao's Q","spec_spca_alpha","Std PCA alpha hull",1744,0.56420282427071,0.318324826915046,813.469333167138,3.76157134970992e-147,0.926016645866876,399.94808635265,0.578601683996988,2.09559297595013e-156
"10m","spec_rao_q","Raw PCA Rao's Q","spec_spca_rao","Std PCA Rao's Q",1744,0.855448086641839,0.731791428939184,4752.94530734069,0,1.40770817256374,-81.2599666451065,0.579446924305468,5.80315365597439e-157
"10m","spec_rao_q","Raw PCA Rao's Q","spec_spca_mean","Std PCA mean distance",1744,0.789088305509053,0.622660353891148,2874.53053943205,0,0.016017428864265,4.28672172806349,0.558391383225844,1.52344987819406e-143
"10m","spec_pca_mean","Raw PCA mean distance","spec_spca_alpha","Std PCA alpha hull",1744,0.642206131332417,0.41242871512095,1222.74665258461,2.11385786882049e-203,60.8260659338687,84.9838568618371,0.580914495687935,6.18804051883538e-158
"10m","spec_pca_mean","Raw PCA mean distance","spec_spca_rao","Std PCA Rao's Q",1744,0.649112754926468,0.42134736860823,1268.44168037421,3.42540012923792e-209,61.641167921877,-325.580310928569,0.572017805682165,4.07068601796113e-152
"10m","spec_pca_mean","Raw PCA mean distance","spec_spca_mean","Std PCA mean distance",1744,0.699832036471367,0.489764879271661,1672.1122969218,8.01815864689436e-257,0.819771393716843,0.606145481977129,0.568108670774232,1.28887223350947e-149
"10m","spec_spca_alpha","Std PCA alpha hull","spec_spca_rao","Std PCA Rao's Q",1744,0.55312606473188,0.305948443485776,767.899997557747,2.45564439479779e-140,0.554574069240307,-160.415014136488,0.864492231205745,0
"10m","spec_spca_alpha","Std PCA alpha hull","spec_spca_mean","Std PCA mean distance",1744,0.800975837422949,0.641562292135394,3117.97974481527,0,0.00990610835952653,1.41664840442772,0.872790784976496,0
"10m","spec_spca_rao","Std PCA Rao's Q","spec_spca_mean","Std PCA mean distance",1744,0.907006581593872,0.8226609390546,8080.99100217034,0,0.0111881598482905,5.23858771748134,0.971403473949047,0
"20m","spec_sa","Spectral angle entropy","spec_alpha","Raw PCA alpha hull",436,0.252707086184284,0.0638608714077513,29.6063024655773,8.86439935438469e-08,441.577563399634,-598.313095904035,0.224253831558388,2.25090978971009e-06
"20m","spec_sa","Spectral angle entropy","spec_rao_q","Raw PCA Rao's Q",436,0.274461311675405,0.075329011606584,35.356133638474,5.65227244632605e-09,219.945560514107,-447.824523329886,0.139738242901726,0.00345784819206897
"20m","spec_sa","Spectral angle entropy","spec_pca_mean","Raw PCA mean distance",436,0.179196162425499,0.0321112646280257,14.3986476329919,0.000168914864163807,2.58063544730307,0.712101531499474,0.148380903705559,0.00189249946284611
"20m","spec_sa","Spectral angle entropy","spec_spca_alpha","Std PCA alpha hull",436,0.636529091250138,0.405169284007727,295.619349390891,6.62279559299362e-51,1039.20924857014,-2293.61200606828,0.632357457196076,4.55830433870541e-50
"20m","spec_sa","Spectral angle entropy","spec_spca_rao","Std PCA Rao's Q",436,0.524968066381707,0.275591470720549,165.109456140291,2.99683933698162e-32,656.020996414362,-1704.32032127014,0.618152295170618,2.6159646630129e-47
"20m","spec_sa","Spectral angle entropy","spec_spca_mean","Std PCA mean distance",436,0.646754346449845,0.418291184651766,312.077742934307,5.15176766122951e-53,10.4685734278766,-22.5671895699022,0.654927002939863,9.2709962455562e-55
"20m","spec_alpha","Raw PCA alpha hull","spec_rao_q","Raw PCA Rao's Q",436,0.814037811960992,0.662657559302239,852.526531029753,1.83315035684326e-104,0.373326712196543,-68.4331659380987,0.882425035671445,3.22884345302814e-144
"20m","spec_alpha","Raw PCA alpha hull","spec_pca_mean","Raw PCA mean distance",436,0.88732398407637,0.787343852717161,1606.85330024703,5.50436820125737e-148,0.00731291617930465,3.25069952326797,0.86436873306466,1.18411280907261e-131
"20m","spec_alpha","Raw PCA alpha hull","spec_spca_alpha","Std PCA alpha hull",436,0.748367129465571,0.560053360464538,552.483270921807,2.11764110986375e-79,0.69921360711465,193.405349021833,0.725785151847061,1.6334524912656e-72
"20m","spec_alpha","Raw PCA alpha hull","spec_spca_rao","Std PCA Rao's Q",436,0.639556271025138,0.40903222380758,300.388603717521,1.60318461920856e-51,0.457376699663889,-144.768318558243,0.728189309497834,3.25818530352033e-73
"20m","spec_alpha","Raw PCA alpha hull","spec_spca_mean","Std PCA mean distance",436,0.74410138666455,0.553686873636106,538.411462633401,4.81193609750164e-78,0.00689272073284654,2.584424750939,0.705663488873622,6.21418758093193e-67
"20m","spec_rao_q","Raw PCA Rao's Q","spec_pca_mean","Raw PCA mean distance",436,0.926341281702938,0.858108170187041,2624.66800486044,3.89729195790598e-186,0.0166469588594319,5.10618129597636,0.985057736703835,0
"20m","spec_rao_q","Raw PCA Rao's Q","spec_spca_alpha","Std PCA alpha hull",436,0.561589285704132,0.315382525817677,199.930649401479,1.32923486348409e-37,1.1441145108488,449.16864555169,0.539022569835314,3.1592801429139e-34
"20m","spec_rao_q","Raw PCA Rao's Q","spec_spca_rao","Std PCA Rao's Q",436,0.83315515623033,0.694147514353186,984.984707880273,1.04204975738831e-113,1.29920198021084,-73.8946362129238,0.595329809745055,3.68051883315119e-43
"20m","spec_rao_q","Raw PCA Rao's Q","spec_spca_mean","Std PCA mean distance",436,0.755037162931938,0.57008111740831,575.492761480278,1.40962509761833e-81,0.0152504412595214,4.4103213912145,0.571597928703442,3.48103544193967e-39
"20m","spec_pca_mean","Raw PCA mean distance","spec_spca_alpha","Std PCA alpha hull",436,0.582652924537992,0.339484430472675,223.062482736897,5.37331067332665e-41,66.0536351440299,119.68132833912,0.542137767427247,1.11855984463751e-34
"20m","spec_pca_mean","Raw PCA mean distance","spec_spca_rao","Std PCA Rao's Q",436,0.64268573623146,0.413044955555374,305.409268405979,3.63741057622535e-52,55.7680630779911,-293.734779201766,0.574249813770083,1.29845371267578e-39
"20m","spec_pca_mean","Raw PCA mean distance","spec_spca_mean","Std PCA mean distance",436,0.672940353854951,0.452848719846426,359.199277315381,8.37689724135393e-59,0.756356887743547,1.01380635906297,0.573851220213167,1.50677572052074e-39
"20m","spec_spca_alpha","Std PCA alpha hull","spec_spca_rao","Std PCA Rao's Q",436,0.658495537653495,0.433616373109566,332.265088527985,1.5421280686009e-55,0.504026003985275,-173.792677489853,0.917496056414091,7.0558193183367e-176
"20m","spec_spca_alpha","Std PCA alpha hull","spec_spca_mean","Std PCA mean distance",436,0.903920058119369,0.817071471470524,1938.51129437729,3.4806869496658e-162,0.00896176239002932,1.25983006347935,0.951061311449538,1.77000876897317e-223
"20m","spec_spca_rao","Std PCA Rao's Q","spec_spca_mean","Std PCA mean distance",436,0.897600332573164,0.805686357035454,1799.50246219812,1.71726335632562e-156,0.0116264278033336,5.2949007491529,0.963070227319947,1.93649068568433e-249
"50m","spec_sa","Spectral angle entropy","spec_alpha","Raw PCA alpha hull",74,0.362979669499701,0.131754240470112,10.925829708612,0.00148057712672248,679.682044390048,-1198.0515156772,0.380170307293595,0.000834585064465433
"50m","spec_sa","Spectral angle entropy","spec_rao_q","Raw PCA Rao's Q",74,0.405639432428957,0.164543349141286,14.1804139400837,0.000336452356000964,290.449993405995,-631.163319579208,0.358963346908552,0.00168525304323608
"50m","spec_sa","Spectral angle entropy","spec_pca_mean","Raw PCA mean distance",74,0.301082921749422,0.0906509257691681,7.17751503832653,0.00914177056976613,3.99119877322698,-2.8605412468393,0.326915957052943,0.00447019637164743
"50m","spec_sa","Spectral angle entropy","spec_spca_alpha","Std PCA alpha hull",74,0.678140726175646,0.459874844498032,61.3024379008722,3.18859056090029e-11,1270.65231324744,-2909.9257038192,0.753898556090337,9.00269424343828e-15
"50m","spec_sa","Spectral angle entropy","spec_spca_rao","Std PCA Rao's Q",74,0.639687909672512,0.409200621781188,49.8687809338447,8.50224045414656e-10,703.719737726796,-1831.21959347659,0.683820807108478,1.88201943357957e-11
"50m","spec_sa","Spectral angle entropy","spec_spca_mean","Std PCA mean distance",74,0.706257945241418,0.498800285216631,71.6553092036777,2.07719570558133e-12,11.3200714531713,-24.7730539477274,0.756445760829322,6.50127876608046e-15
"50m","spec_alpha","Raw PCA alpha hull","spec_rao_q","Raw PCA Rao's Q",74,0.798783643997049,0.638055309917204,126.925421404938,1.50378861548183e-17,0.305447708974473,-30.2712494930444,0.876430951499444,1.49974093337125e-24
"50m","spec_alpha","Raw PCA alpha hull","spec_pca_mean","Raw PCA mean distance",74,0.87598963741158,0.767357844852472,237.488192087723,1.69156160339854e-24,0.0062014423124823,3.9343582787084,0.873765272121436,3.0814572509504e-24
"50m","spec_alpha","Raw PCA alpha hull","spec_spca_alpha","Std PCA alpha hull",74,0.856853924695623,0.734198648266292,198.878983610787,2.09323356444015e-22,0.857413265804356,68.2061470387883,0.787574972232506,8.56778665148399e-17
"50m","spec_alpha","Raw PCA alpha hull","spec_spca_rao","Std PCA Rao's Q",74,0.592703276259767,0.351297173689062,38.9907296218388,2.64440975040921e-08,0.34821335327095,-89.4553343745994,0.770721954831544,9.7141629302874e-16
"50m","spec_alpha","Raw PCA alpha hull","spec_spca_mean","Std PCA mean distance",74,0.792793039481925,0.628520803450989,121.819736525947,3.86228197194927e-17,0.00678612967012733,2.38066675356813,0.772943354313217,7.13829123502664e-16
"50m","spec_rao_q","Raw PCA Rao's Q","spec_pca_mean","Raw PCA mean distance",74,0.939634849950236,0.882913651241003,542.930781966737,2.91244217103248e-35,0.017395829680325,5.10877704835055,0.976897445390596,5.35581711331829e-50
"50m","spec_rao_q","Raw PCA Rao's Q","spec_spca_alpha","Std PCA alpha hull",74,0.703820246650451,0.495362939595102,70.6767981373196,2.66539798483597e-12,1.84177874123284,339.077018086625,0.67197334320622,5.57872234582555e-11
"50m","spec_rao_q","Raw PCA Rao's Q","spec_spca_rao","Std PCA Rao's Q",74,0.835172333608993,0.697512826825892,166.026621904254,2.25387861293045e-20,1.28314721100953,-82.5114506316072,0.773565346168086,6.54419743032365e-16
"50m","spec_rao_q","Raw PCA Rao's Q","spec_spca_mean","Std PCA mean distance",74,0.808729573211476,0.654043522586816,136.118664342881,2.92201908782539e-18,0.0181033080478268,3.84542253351283,0.723983709737134,3.13113936790686e-13
"50m","spec_pca_mean","Raw PCA mean distance","spec_spca_alpha","Std PCA alpha hull",74,0.716382864757418,0.513204408918044,75.9060232241879,7.17292029329437e-13,101.259285402873,-162.771831071533,0.655446131062569,2.34395142769946e-10
"50m","spec_pca_mean","Raw PCA mean distance","spec_spca_rao","Std PCA Rao's Q",74,0.650338870398685,0.422940646351437,52.7705275805113,3.58827907859582e-10,53.9702048407952,-291.929172759539,0.711455016660496,1.21034638178743e-12
"50m","spec_pca_mean","Raw PCA mean distance","spec_spca_mean","Std PCA mean distance",74,0.739159636384448,0.546356968059989,86.7151018105381,5.49532581537954e-14,0.893731014359508,-0.22818940663616,0.693358015549796,7.55742868472694e-12
"50m","spec_spca_alpha","Std PCA alpha hull","spec_spca_rao","Std PCA Rao's Q",74,0.721614711031491,0.520727791177062,78.2277801102371,4.06605935815602e-13,0.423672293236493,-129.331966411049,0.876549426138467,1.45194263299961e-24
"50m","spec_spca_alpha","Std PCA alpha hull","spec_spca_mean","Std PCA mean distance",74,0.929328099756866,0.863650716997707,456.055582065579,7.08235880568238e-33,0.00794964959266643,1.81656006882416,0.948789337282488,9.17187814256447e-38
"50m","spec_spca_rao","Std PCA Rao's Q","spec_spca_mean","Std PCA mean distance",74,0.899977024882214,0.809958645315842,306.864906112996,1.13422733548505e-27,0.0131125046306728,5.17348006894134,0.925064790818215,5.41172490362009e-32
