quad_id,scale,Name,ACNE2,ACRU,ACSA3C,AEFL,ALJU,CACA18,CACA38,CACO15,CAGL8,CALA21,CAOV2,CAOV3,CAPA24,CARYA,CATO6,CELA,DIVI5,FAGR,FRAMCO,FRQU,GLTR,JUNI,JUVI,LIBE3,LIST2,LITU,MAAC,NYSY,OSVI,OXAR,PATO2,PIEC2,PIVI2,PLOC,PRSES,QUAL,QUFA,QUMO4,QUMU,QUNI,QUPA5,QURU,QUSH,QUVE,SAAL5,TIAM,ULAL,ULAM,ULRU,ULSE,richness,shannon,simpson,evenness,faith_pd,rao_pd,afaith_pd
sub50_1,50m,sub50_1,0,0.5313649683939088,0.9999999999982876,0,0,0,0,0,0.8957263794264102,0,0.6878060808843484,0,0,0,0.3795660823649036,0,2.747130921894985,12.449788976047882,0,0,0,0,1.0000000000383564,0,15.581314667733459,13.270223219960247,0,0,0,6.364198562631515,0,0,0,0,0.9999999999992034,0,0,0,1.0000000000054534,0,0,0.7422311111136225,0,0.9999999999986812,0,0,0.9999999999888856,0,0,0,16,2.047122308285216,0.8228870335306389,0.7383433005640622,1630.9721290000002,218.80384968822324,6206.964887574164
sub50_2,50m,sub50_2,0,1.0000000000020437,0.3047984800068758,0,0,0,0.804603700021216,0.47325251252529965,1.0000000000013263,0,1.852454134033093,0,0,0,5.279072428645957,0,0,7.442774804217665,1.0000000000066347,0,0,0,0,0,8.649988694435484,4.6493751592489065,0,0,0,2.4429884505896786,0,0,0,0,0,0.9999999999986563,0,0,4.99804581152203,0,2.4494104745557594,0.9999999999869235,0,1.371816921229261,0,0,0,0,0,0,17,2.452528558725407,0.8909531529316902,0.8656349737553488,1031.5205390000003,188.4258026622675,2921.5020079197884
sub50_3,50m,sub50_3,0,0,2.695201520011759,1.9999999999749087,0,0,0.9999999999941664,0,4.999396143094892,0,2.8946212023587328,0,0,0,2.0433913176105336,0,0,11.454418682917838,0,0,0,0,0.9999999999996764,0,15.996310398853277,0,0,0,0,1.0000000000248603,0,0,0,0,0,0,0,0,4.723708447837542,1.0000000000001334,0.5505895254775806,0.8786565286193445,3.9008714759863947,4.017264049276131,0,0,1.8826296232183848,0,0,0.9999999999979525,18,2.4320674486847644,0.8743765795091794,0.8414375908706674,1449.9689070000004,189.0179688216894,3907.6430213748126
sub50_4,50m,sub50_4,0,0,3.000000000012099,4.772601462848762,0,0,1.0000000000086697,0,6.038569313458917e-4,0,4.505940958390103,0.9381431163560565,0,0,2.58328277406748,0,0.30660931802885755,7.548770848865379,1.9999999999964975,0,0,0,6.818884051194128,0,3.9999999999775198,2.8845146599270217,0,0,0,0,0,0,0,1.964292383220534,0,4.346785932778711,0,0,2.698604287268573,0,0,0,0,1.0278642301932197,0,0,0.29670955723978526,0,2.000000000005254,0,19,2.6484740201296835,0.9179900195521745,0.8994834122456349,1814.8343850000003,297.0099655590662,5048.7823111299695
sub50_5,50m,sub50_5,0,0,9.60505785200393,0.4665639428120456,0,0,0.052877529082528164,0,0.9699571529546428,0,3.6352720721611895,0,0,0,2.0000000000011195,0,0.1669575867639563,0.48066078618164215,0,0,0,0.9999999999926491,3.381207833292125,0,0.3628505381765001,0.16833190764230152,0,0,0,0,0,0,0,0,1.0000000000095448,9.72707330458455,0,0,5.943440661170803,1.9661697997853764,0,4.512274017575256,0,0.030758469115257665,0,2.0000000000017395,1.000000000011874,0,0,0,20,2.3914164209367943,0.8792600375858639,0.7982744125861869,1798.047293,218.01930056868815,2719.6811497870817
sub50_6,50m,sub50_6,0,0,8.176937283939843,0.5334360571473442,0,0,3.0000000000241474,0,0.03004284705165913,0,2.364727927829469,0.9999999999962075,0,0,0.07039789640786374,0,0.7282996689215121,0,0.9999999999877658,0,0,0.9999999999969349,1.9378430250237768,0,0,0,0.9940937061732855,0,0,0,0,0,0,0,0,5.7776886591568095,0,0,8.943610768964293,0.6435064465938718,2.97513190429256,1.999999999996116,0.6230751535172969,0.9692415308905057,0,0,1.0077161475018728,0,0.6181064616283265,0,21,2.5228347577025967,0.8886860674520459,0.8286471225973541,1572.7149580000003,197.81132580200764,2398.405060688761
sub50_7,50m,sub50_7,0,0,6.977417466781772,0,0,0,1.8899091468762692,0,0,0,4.0000000000301945,0,0,0,0,0,0,1.9999999999904392,1.0000000000010905,0,0,0.8569122343568022,1.0621569750099222,0,2.9999999999912093,0,0,0,0,0,0,0,0,0,0,7.827159863928285,7.902318335658401,0,12.060263414002998,0.20808888919470972,1.6256523672961272,0,0,0,0,0.35161053613263954,3.0571903285313193,0,0.3818935383570347,0.003058360275204458,17,2.3228735647889813,0.8755693124832333,0.8198724496558389,1537.7404200000003,164.93922606962653,2709.011757617431
sub50_8,50m,sub50_8,0,0,5.063710531010016,0,0,0,1.9967500449017086,0,0.8491369170644247,0,3.2273104050808885,0,0,0,0.9999999999820187,0,0,0.9999999999968843,0.6897340311566792,0,0,0,0,0,1.9999999999884517,2.0000000000032716,0,0.986475963251696,0,0,0,0,0,0,0,21.16822685201435,2.000000000010282,0,3.537080662640483,0,1.846024313851662,1.5781796442488585,1.0000000000036053,0,0,0,1.8924121798509423,0,0,0.12512313834744887,18,2.2374437053632796,0.8046884045207446,0.7741023967767605,1149.0796830000004,141.23478392831723,2060.291270701648
sub50_9,50m,sub50_9,0,0,1.00000000000901,0,0,0,0,1.000000000006137,0,0,0,0,0,0,0,0,0.2528690780632199,5.923850841641614,0,0,0,0,0,0,11.381234222550056,21.058064747793193,0,0,0,0,0,0,0,0,0,0,0.9999999999860244,0,5.214411146767251,2.3328577620636874,0,0,0,0,0,0,0,0,0,0.033246662461301,10,1.608799180302632,0.734014702975942,0.6986926064959077,909.3546810000003,181.76261688044136,4969.729640082227
sub50_10,50m,sub50_10,0,0,6.019203162205436,1.0000000000001135,0,0,1.1953962999604117,0.5267474875373808,1.0000000000003786,0,8.915791096607528,0,0,0,0,0,0,2.2624005749524083,2.5759530689119705,0,0,0,0,0,5.765697354023207,4.415755808652097,0,0,0,0,0,0,0,0,0,0,0.999999999996116,0,7.5510631700497735,0,1.3696306302684338,0,0,0.6281830787483587,0,0.6690310612632262,0.999999999990466,0,0.9999999999941622,2.271303949919655,18,2.5095196042273513,0.8958263073276506,0.8682341976846512,1176.0174300000003,201.18629351947305,2772.0703016219613
sub50_11,50m,sub50_11,0,0,0.6140765250405607,0,0,0,0,0,0,0,4.490327852719212,0,0,0,0.9999999999926525,0,1.0000000000046814,7.449618558685389,0,0,0,0,1.0000000000009426,0,4.479455440312401,3.463407530270029,0,0,0,0,0,0.5043443648994557,0,0.9999999999936667,0,0.9999999999983862,0,0,1.1977222342168194,0,1.9999999999899973,0,0,1.9827359506795195,0,0.41649467263257517,1.1849389604949467,0,0,0.8917242308918447,17,2.484155254130741,0.8896904331803717,0.876797809576267,1801.9710730000004,228.60507000805308,2705.8145021366963
sub50_12,50m,sub50_12,0,0,0,0,0,0,0,0,0,0,0.9999999999905689,0,0,0,0,0,1.6933906819241795,9.759201290516538,0,0,0,0,1.06328682274946,0,9.21277744830346,14.143975537892459,0,0,0,0,0,1.2489762821143138,0,0.02728444774414765,0.999999999971216,3.8750660460732123,0,0,0,0,0,0,0,0.9575092381137974,0,1.5835053273783168,0.6357218590961635,0,0,0.1421458363496252,14,1.9658873249446716,0.8106808498346402,0.744920280011982,1774.310987,238.18407386863547,5011.731686384537
sub50_13,50m,sub50_13,0,0,6.020229822053327,1.0000000000099263,0,0,6.80480506363027,0,0.9999999999926618,0,0.9999999999949755,0,0,0,0,0,1.8330424132219831,1.3871568190027685,1.397456342395791,0,0,1.2130443961004076,10.09821835678834,0,5.843795089708423,4.613034885178599,0,0,0,0,0,0,0,0,0,3.9005594144414624,0,0,5.524764441891092,0.03383020018877856,0,0.13976016713030243,2.353999339015103,0.014626531715274536,0,3.9999999999942215,0,0,0,0.9999999999984798,20,2.581623970905285,0.908636770841174,0.8617672525998367,1808.245842,325.4027808990515,7097.538722310564
sub50_14,50m,sub50_14,0,0,4.8958708406312645,0.9999999999820675,0,0,10.142317407265766,0,0,0,2.573726621478149,0,0,0,1.929602103584535,0,1.2717003310678938,0,1.9999999999810223,0,0,0,9.407751080962267,0,0,0,0.005906293820969578,0,0,0,0,0,0,0,0,0.3155647096647458,0,0,3.9710517626473223,0,0,2.99822478727808,4.396940454223807,0,0,0,0,0,0,1.0000000000004494,14,2.2443785050245193,0.8683349444357367,0.850447044040427,1512.5346920000002,320.7347647612783,5308.7634964826075
sub50_15,50m,sub50_15,0,0,6.135435849618537,0,0,0,12.005327468887511,0,0,0,2.6430795080660507,0,0,0,0,0,2.999999999979009,0,3.8079268124899426,0,0,0.14308776567068576,1.00000000000727,0,0,0,0,0,0,0,0,0,0,0,0,4.305783432975476,0,0,7.036620001438941,0,0,3.7371826312218777,7.038539755720583,0,0,1.6483894638687349,0,0,0,0.11687598932835268,13,2.2355986151829272,0.8744635296806045,0.8715956159834051,1455.7104800000002,185.31117411352778,3597.8268504225184
sub50_16,50m,sub50_16,0,0,4.199755706473806,0,0,0,5.563753442357278,1.0000000000136464,2.000000000009566,0,3.8977218924413757,0.7667931963705918,0,0,1.518144428884451,0,2.999999999997874,1.00000000000018,5.8280129573115955,0,0,0,1.9999999999847993,0,0,0.9999999999951126,0,0,0,0,0,0,0,0,0,7.365557547103953,0,0,3.0367285933947907,0,0.1539756861444003,2.250964779099792,2.651789406680998,0,0,1.000000000009685,0,0,0,0.7549425120528109,19,2.674088150958651,0.9175737484465968,0.9081825671645183,1632.2089210000004,220.00796540674543,3487.523022811745
sub50_17,50m,sub50_17,0,0,2.717578991828561,0,0,0,0.028026416155326153,0,0.8697088364231504,0,0,0,0,0,0,0,1.8950524672861535,4.532010088283529,1.0000000000027152,0,0,0,0,0,12.877985041262175,11.548837972711821,0.68541396267587,0,0,0,0,10.853700800886152,1.0000000000046545,0,0,0.9999999999987015,0.1285913052366903,0,6.592970283865602,0.6671422378950385,0,0,2.5288021187908174,1.0000000000088343,0,1.0000000000054217,0.9999999999998772,0,0,0,19,2.3239596218508645,0.8680279858732383,0.78927077052511,1813.064863,331.9988436502621,4321.36327970196
sub50_18,50m,sub50_18,0,0,0.5607772266931874,0,0,0,0,0,0,0,1.111687115548564,0,0,0,0,0,0.9999999999914566,3.000000000003268,0.4240469310752653,0,0,0,0,0,8.587676581722421,14.985798829045143,0,0,0,0,0,17.896513604569407,0,0,0,0,4.293600422867611,0,2.2113702174752854,3.0200724465345563,3.554399819719161,1.000000000015146,0.8715927460183437,0,0,2.33096893872946,0,0,0,0.5695288731131573,16,2.1817558299297213,0.8404178415072013,0.7869020790675484,1660.0044420000004,359.6124665106944,10143.203276901
sub50_19,50m,sub50_19,0,0,0.03814021877069295,0,0,0,0,0,0,0,1.2291776403781731,0,0,0,0.9999999999976431,0,0,3.3044527007947653,0,0,0,0,0,0,15.440510206014542,26.034533131593044,0,0,0,1.0000000000189262,0,10.60359816897441,0,0,0.5305198269736473,0,1.7063995770820155,0,2.7762220175493675e-4,0,0.07596954999680157,0,0.1284072539857502,0,0,0,0,0,0,0.09205044719062845,14,1.5621023329257298,0.7205016382835583,0.591916786117513,1540.8565070000004,300.66358174364746,9651.845016563346
sub50_20,50m,sub50_20,0,0,0,0,0,0,1.0000000000019544,0,0,0,0,0,0,0,5.000000000008744,0,0,13.039101751776508,1.0000000000009628,0,0,0,0.3583528432777234,0,4.470459858104216,6.992884806304598,0,0.9999999999678377,0,1.4891649039350554,0,3.5322236044997983,0,0,0,5.888854677246238,0,0,0,0,0,0,0.46139277141116425,0,0,0,1.0000000000204199,0,0,0,13,2.1184952445156675,0.844759574762167,0.8259403790382384,1737.566064,256.7580291154795,4169.773037171904
sub50_21,50m,sub50_21,0,0,3.6864235379623516,0.9999999999973617,0,0,5.660438428067391,0,0,0,6.262500239414908,0.8899467782261751,0,0,2.999999999961034,0,2.0000000000063496,7.869439599872843,4.121100269358767,0,0,0.7869556039258568,3.658678948981602,0,3.999999999965938,4.171305638926031,0,0,0,0,0,0,0,0,0,1.8894637332748503,0,0,6.475235558093611,0,0,2.999999999982387,4.313458156365243,0,0,0.9999999999965876,0,0,0,0,18,2.7175819313458978,0.9262477561642962,0.9402188226901177,1701.3992160000003,238.04371428218917,4738.729652030168
sub50_22,50m,sub50_22,0,0,2.065836485050665,0,0,0,9.339561571889716,0,1.0780256580084935,0,4.621569809326687,0.11005322178268187,0,0,1.9983305940531881,0,5.9999999999598925,0,7.000000000018607,0,0,1.999999999998341,6.786637707057674,0,0,0,0.999999999985444,0,0,0,0,0,0,0,0.3326104520062425,6.2713891465385165,0,0,2.0289482373786862,0,0,2.00177521267137,2.8981676345057426,0,0,2.4647531397129523,0,0,0,0,17,2.531092303007277,0.9060212195674165,0.8933645284133801,1605.792067,282.7261217836291,5738.0178629744405
sub50_23,50m,sub50_23,0,0,1.3583690021367385,0.7085631903600349,0,0,5.511856363631822,0,1.9219743419970918,0,6.063797540373399,0,0,0,7.0655479752748995,0,1.4947931805032404,0,8.00000000001566,0,0,2.000000000000805,1.5739944257026661,0,0,0,0,0,0,0,0,0,0,0,0,2.586807507240274,0,0,1.9999999999912708,0,0,1.2407747552331647,5.629980962021801,0,0,1.5352468603054872,0,0,0,0,15,2.459881254603975,0.8978818908894697,0.9083588087114385,1397.293541,202.4334884301552,2999.4116476154263
sub50_24,50m,sub50_24,0,0,2.833538838636402,2.0000000000078497,0,0,6.816830297826621,1.0000000000026907,0,0,2.8749677025473077,0.233206803640871,0,0,11.468579103236507,0,0,1.000000000002811,5.279755799895083,0,0,0,0.9999999999834863,0,0.9999999999995258,0,0,0,0,0,0,0,0,0,0,6.025659804967545,1.9618934948044808,0,1.000000000010379,0,0,0.7710778344616662,4.9031918117199185,1.2735924123876807,0,1.0000000000104097,0,0,0,0,18,2.492777699745124,0.8914121911161123,0.8624418962492076,1443.8349540000004,187.69661920968244,2744.2769243751695
sub50_25,50m,sub50_25,0,0,2.60788063559322,0,0,0,11.14472948356455,0,4.16592221241132,0,2.000000000007928,0,0,0,0,0,3.834112562655099,0,3.2771184083815337,0.10440716262603277,0,1.000000000004011,0.9999999999852601,0,0.8806858263475191,0,0.31458603734755164,0,0,0,0,0,0,0,0,3.866725606973211,1.7269880654674097,0,5.798768252063941,0,0,3.0000000000195977,1.9999999999946327,0,0,0.7944070634305217,0,0,0,0,17,2.474274552126758,0.8910988562547493,0.8733103552958784,1623.729372,193.92867662597052,2968.921719818245
sub50_26,50m,sub50_26,0,0,0.8059430859620802,0,0,0,1.0180822970720191,0,0.05531701101833314,0,1.0311854151038395,0,0,0,1.999999999990432,0,0.26645288436331743,3.9534401794387133,0,0,0,0,0.03805083367186272,0,6.053792423089703,6.9383706950423,0,0,0,0,0,6.862861369329598,0,0,0,3.2900866527359227,3.0481556403985657,0,3.036168639903919,2.979927553474467,0,1.9149651472411584,0,0,0,1.0000000000128573,0.10346936192260626,0,0,0,18,2.4738955421476074,0.8999330466167655,0.855909118053485,1761.5693220000003,299.9102435014592,3779.3410706362283
sub50_27,50m,sub50_27,0,0,1.9618597812012202,0,0,0,0.9459189283787928,0,0.9586057256216031,0,0.045085164803244315,0,0,0,0,0,0,10.276643677934576,0,0,0,0,0,0,15.034577671776448,18.06883449368363,0,0,0,2.0000000000194276,0,6.497781804880039,0,0,2.469480173070102,0,1.0962649888860982,0,0.6351350032367185,0,0,0,0,0,0,0,0.041758215201355475,0,0,0,13,1.8704769996178934,0.8008449711826048,0.7292451970549062,1602.3951510000002,281.03773516963196,8079.731067781871
sub50_28,50m,sub50_28,0,0,1.0000000000106977,0,0.48632726235521445,0,0.05408107160825793,0,0,0,0,0,0,0,3.049821279761671,0,0.49624820245174983,20.650751077308147,0.8039719356209927,0,0,0,0,0,10.357405884487562,9.453834380953769,0,0,0,4.510835096006427,0,0,0,0,0,5.045682774080927,0,0,2.327506675179922,0,0,0,0.5386072286035086,1.0000000000075113,0.9999999999934278,0,0,0,0,0,15,2.0185013574112602,0.8137183209306396,0.745370730789889,1333.4083960000003,185.15930879482198,4673.81162419988
sub50_29,50m,sub50_29,0,0,0.5642803377779071,0,0.5136727376308285,0,0,0,0,0,2.3709954788316563,0,0,0,3.976787855528995,0,1.0000000000071856,7.513345336591626,2.085606012681694,0,0,0,3.655379250964351,0,13.256249820118919,7.595539571600129,0,0.10585804958526752,0,1.0000000000149991,0,0,0,0,0,1.762005066915455,0,0,0.2398692467634161,0,0,0,2.0486723217561225,1.5928521576169732,0,0,0.6890287634283347,0,0.9999999999970194,0,18,2.355264066488552,0.8679794783989436,0.8148654442302241,1867.971872,259.88062946431796,5337.123864987725
sub50_30,50m,sub50_30,0,0,5.870343573109819,1.152689358465062,0,0,1.9999999999892446,0,0,0,3.161624061162633,1.000000000004041,0,0,3.8039202957050122,0,2.9999999999903264,7.616687878959034,0,0,0,0,1.322562663955983,0,10.332434063294665,0,1.025267917665581,0.894141950396743,0,0,0,0,0,0,1.667389548029334,7.472931587385775,0,0,0,0,0,2.641420008253683,1.0001325992436887,3.40714784236731,0,2.9999999999804063,0,0,0,0,18,2.613484591735355,0.9094937244055705,0.9042036148449121,1788.6546140000003,210.88504469605715,4249.388799150883
sub50_31,50m,sub50_31,0,0,7.801235567920663,9.46510206242101,0,0,7.82601581708424,0,1.7665481043465465,0,4.537114730616722,1.000000000000197,0,0,0,0,1.505206819476036,0.00546397034485205,1.8808937694148158,0,0,0,1.5304252661986206,0,1.349002926603586,0,0.974732082310996,0,0,0,0,0,0,0,0.42457575831595895,8.029628601234743,0,0,0.9999999999876349,0,0,0.35857999169280896,0,0,0,8.345338401349478,4.601742226446093,0,0,0,18,2.4541544264631074,0.8962701082356075,0.8490791607545426,1874.7181950000002,218.31284820778214,4600.303253873983
sub50_32,50m,sub50_32,0,0,10.75645740355148,2.6694281354892984,0,0,2.716410793458859,4.9080967651133935,2.2334518956115113,0,3.058998197005397,0,0,0,10.165223646460495,0,1.9999999999767626,2.9999999999932037,1.1191062305595618,0,0,1.735248938160049,1.999999999979898,0,1.0083217658683519,0.6807615736776917,0,0,0,0,0,0,0,0,0.5754242417030414,6.364063818246336,0,0,0.9999999999892166,0,0,0,0.17860535559274815,0.7264075876097478,0,4.654661598651968,1.1348172933942322,0,0,0,21,2.6608724214489192,0.9083687168082161,0.873986799531889,1906.903289,209.13548492975661,3522.593930918023
sub50_33,50m,sub50_33,0,0,0.6909058418447919,0,0,0,19.038187923396045,0,1.5792423594806113,0,0,0,0,0,0,0,0.2026627389966837,0,5.781846654674379,0.8955928374015439,0,0,0.9999999999797375,0,0,0,0,0,0,0,0,0,0,0,0,1.860482832897735,0,0,3.2642816987448926,0,0,0.953376787443289,2.4837821993322944,0,0,0.20559293656285277,0,0,0,0,12,1.7081319560507584,0.7071232792577549,0.6874028673054932,1326.074413,169.8484733233335,2866.05592485414
sub50_34,50m,sub50_34,0,0,12.753013558556228,0.6404016130113416,0,0,11.098500447711173,1.0000000000120475,2.041922937021135,0,3.63883576203408,0,0,0,0,0,1.8005084954345698,1.171346317063489,2.7276700989962115,0.9999999999984037,0,0,0.9619491663414161,0,0,0,0,0,0,0,0,0,0,0,0,4.8688916497250565,0,0,1.732609396625606,0,0,1.131658065309153,0.5162178006852384,0,0,0,0.5509937390988664,0,0,0,16,2.244483821477495,0.8469952919493274,0.8095264196502729,1420.302632,199.73723342285754,2918.938492050058
sub50_35,50m,sub50_35,0,0,6.881251843421611,4.151022776031732,0,0,3.4150596473249277,0,0,0,3.392076628193087,0,0,0,0,0,0,2.671880671316497,8.244792949002374,0,0,0,0,0,1.7748481027254481,1.5577367791890455,1.0000000000046823,0,0,0,0,0,0,0,0,3.5359655664534304,0,0,1.8685659961939258,0,0,0,0.1692885147954062,0,0,1.9999999999811386,0.6791557333691352,0,0,0,14,2.3744865862133913,0.8888744908035353,0.8997480121280889,1206.9053,204.09393456880179,3217.7708227281487
sub50_36,50m,sub50_36,0.5994236046200071,0,6.455844807230238,0,0,0,0,0,0,1.0000000000117775,0,0,0,0,0.9999999999976298,0,2.493816874211777,3.1299668441887576,6.010336687444724,0,0,0,0,0,4.627785401923714,7.535210502440714,4.000000000002064,0,0,0,0,0,0,0,0.9999999999900435,0.9543172259200248,0,0,1.7730959799844568,0,0,0,0,0,0,2.7422890946206815,0.6246229503826728,0,0,0,15,2.4254335870151285,0.8947152229454646,0.8956383400972209,1289.686881,220.79986548986167,3382.9351707186092
sub50_37,50m,sub50_37,0.2142375476681934,0,3.51878015258531,5.470521884804841,0,0,1.9999999999946096,0,0,0,4.366504281760488,0,0,0,0.2645870587616094,2.913377933005214,1.0099349233612707,1.00000000000171,11.776640206156527,0,0,0.9999999999956678,1.3446207491080142,0,4.311308664444311,0,4.550846006265844,0,3.0000000000039018,0,0,0,0,0,1.000000000000599,0.5175994677229036,0,0,4.526583448236393,0,0,0,0.7850576588012935,0,0,3.391663424545085,0.3109712365533473,0,1.0000000000032316,0,22,2.692215732363855,0.9114287642318162,0.8709733926296778,2011.1663070000002,234.35600762257417,4908.205692103198
sub50_38,50m,sub50_38,0,0,0.9999999999928573,6.203060885596198,0,0,1.0000000000036349,1.9894587069757412,1.0000000000114886,0.9999999999835104,1.9999999999894,0,0,0,0.9048835103135741,0.7001995141783629,0,4.279131531385646,14.72651610322438,1.000000000012478,0,0.9999999999675528,1.000000000015722,0,3.017748033904349,5.91929290356396,1.4294879095503896,0,0,0,0,0,0,0,1.2463640690373703,0.4560160319609846,0,0,4.884417943361492,0,0,0,0.16613742016306157,0,3.999999999991566,3.5448109506388525,0,0,0,0,23,2.6725829672003925,0.8999724413904159,0.8523641834907415,1991.580746,229.62946697537393,3713.068081201861
sub50_39,50m,sub50_39,0,0,2.7212962073912297,8.125100673433833,0,0,1.17380806988829,0,0.9999999999864703,0,5.3189408367539315,0,0,0,0,0,1.0000000000020468,1.112576277827973,8.594998012681549,0,0,1.000000000003855,0,0,8.488096319537377,1.7009431219623814,4.598218841261664,0,1.0000000000085254,0,0,0,0,0,0.9193384041156173,0,0,0,3.299532997249327,0,0,0,0,0,0,3.0925499155605927,0.2568988285086332,0,0,0.9999999999969991,18,2.5165488807220138,0.8984156542069345,0.8706661604504993,1449.267429,216.24353370990133,4208.0646243980655
sub50_40,50m,sub50_40,0,0,0.14246334018495432,1.389328180556428,0,0,5.925324347321819,0.11821589662699443,0,0,6.833018445093013,0,0,0,0,1.0000000000013147,0.9999999999813739,2.7503104561348257,4.940101437355492,0,0,0.2647510618205355,4.000000000025307,0,5.452292108460679,1.4826774387302546,2.1123615182313404,0,0,0,0,0,0,0,1.9999999999909401,9.231498336877165,0.9999999999963569,0,3.4844733189555614,0,0,0,0.8213946443634057,0,0,0,0.0065416516443936815,0,0.9999999999891848,0,21,2.6064777429353767,0.9091968522952449,0.8561203920324532,1953.082008,255.72219507668942,4634.700076566257
sub50_41,50m,sub50_41,0,0,1.0000000000089857,0,0,0,35.98386343801953,0,2.1593594087673367,0,0,0,0,0,0,0,0.8390151828291759,0,5.800223207776591,1.0000000000012275,0,0.9999999999862815,0.9999999999799132,0,0,0,0,0,0.9999999999944257,0,0,0,0,0,0,5.096857234398668,0,0.8260356693115322,0.06760999793513263,0,0,0.4939831039724818,1.0000000000116283,0,0,0,0,0,0,0,14,1.4588582724611066,0.5832427739846402,0.5527952182356682,1264.275648,135.66864559096018,1771.1138922650211
sub50_42,50m,sub50_42,0,0,5.204533117704436,3.000000000002112,0,0,16.194602467226435,0,5.224012258504663,0,2.4039531478413845,0,0,0,0,0,0.15781358280531052,0,6.04758458858919,0,0,0,0,0,0,0,1.0000000000139444,0,0,0,0,0,0,0,0,5.373235527743171,0,0,2.9323900020856213,0,0,0,0,0,0,0,0,0,0,0,10,1.9577022538848756,0.8201269227650402,0.8502192860717603,865.1738019999999,177.00623891290053,3026.0700568979664
sub50_43,50m,sub50_43,0,0,10.690515305677046,0.9287025711671296,0,0,1.3193169843165522,1.0000000000031697,0.4587107175979231,0,0.48886388196302033,0,0,0,0,0,0,0,11.482634035252026,0,0,0,0,0,0,0,2.172197260251835,0,0,0,0,0,0,0,3.1519214380577503,10.069171019691446,0,0,0.9999999999928856,0,0,0,0.8307114851932454,0,0,0.9456968832374115,0,0,0,0,13,1.9710174976624775,0.8140740882583316,0.7684430462257321,980.967097,191.11131102913657,3167.3469330848907
sub50_44,50m,sub50_44,1.685295302631847,0,4.998475898247201,2.617083074811472,0,0,0,1.7253784403562542,0,1.0000000000049667,0,0,0,0,0,2.0000000000061466,0,0.6523066800110519,9.976335874790884,0,0,1.0000000000045322,0,0,3.6072680410412303,3.2681831452497176,7.473190288107601,0,0,0,0,0,0,0,0,0,0,0,2.641722793113505,0,0,0,0,0,0,6.870124693377639,0,0,0,1.000000000007011,15,2.4222878104063463,0.890930760079138,0.8944767011410811,1219.59877,217.28780472136643,4095.2933132400685
sub50_45,50m,sub50_45,5.501043545104437,0,1.48121984743601,0.8586126523886053,0,1.271539624889912,0,1.225233150564801,0,0.46416787523755026,0,0,0,0,0,2.772935468202059,0,0,3.000000000001112,0,0,0.9999999999969557,0,0,1.9830552072715992,3.7681999069614482,1.309085724708328,0,0,0,0,0,0,0.757727596094236,0,0.015259081401196027,0,0,0.30717050771788423,0,0,0,0,0,0,4.93006580927487,0.017892219779425605,2.0006249156483675,0,0,18,2.524803870479239,0.9034253627857816,0.8735221909021785,1407.979238,215.5938641011924,2568.5549435509947
sub50_46,50m,sub50_46,2.999999999974242,0,0,0.5707994223324474,0,1.0000000000071756,0,0.05992970208122918,0,0,0,0,0,0,0,2.61348708452745,0,0,0.47811364505597154,0,0,3.4756055060914086,0,0,8.111508085673119,30.61484801204691,0,0,0,0,0,0,0,2.024528244322677,1.0000000000096576,0.011125418904278756,0,0,0.7959324062719634,0,0,0,0,0,0,0.36220158589026846,0,0,0,0,14,1.5548068830486548,0.6454489737498195,0.5891523710382321,1345.454596,170.69289531791478,6509.9547220954255
sub50_47,50m,sub50_47,0,0,5.358506282723891,0,0,0,0,0,0,0,0.18813025009951118,0,0,0,0,1.0000000000052716,0,2.0000000000020464,5.1822309853207615,0,0,2.8854264752699947,0,0,10.026288800690127,13.950844997535782,0,0,0,0,0,0,0,0.14807972873055447,0.8342975268171092,0,0,0,0.6894276724218047,0,0,0,0,0,0,1.0004375479570524,0.34502116526744436,0,0,1.0000000000054825,14,1.9939198834226721,0.8153729291306957,0.7555424662613756,1331.494871,209.56976215808425,5093.068165525058
sub50_48,50m,sub50_48,0,0,9.584956680486473,1.3439532298653845,0,0,0,1.9736873382716125,2.86889201211251,0,2.000000000024702,0,0,0,0,0,0.8716319839235356,3.1738548784575866,4.723567028278851,0,0,0.6459127470460168,0,0,1.4100776629279725,6.173774148081297,1.000000000026739,0,0,0,0,0,0,0,0.7783317952214879,1.000000000003269,0,0,3.3133901772021397,0,0,0,1.000000000001305,0,0,1.9999999999918234,1.6549788347567898,0.9999999999967201,0,0.9999999999928141,20,2.679883830145105,0.9084121551853471,0.8945671994132577,1366.133737,211.5857934072869,2736.700324558982
sub50_49,50m,sub50_49,0,0,2.7697747332448044,0,0,0,12.752893791585128,0,3.707276002247256,0,0,0,0,0,0,0,0,0,13.72470336715369,3.0000000000079137,0,0,0,0,0,0,0,0,0,0,0,0,0,0,0,3.3180980005375535,0,5.173964330675745,0.9999999999927499,0,0,2.506016896051018,1,0.13845394556455518,0,0,0.9999999999964044,0,0,0,12,2.039242436436149,0.8292241084839734,0.8206515269336685,701.759657,173.25194963985658,2363.7793694018997
sub50_50,50m,sub50_50,0,0,6.511348068660616,1.060781482187513,0,0,18.243942347217754,0,5.085342828996204,0,0,0.00836957129452709,0,0,0,0.9999999999782981,1.0000000000042244,0,6.4168699232129915,0,1.0000000000007487,0,0,0,0,0,0,0,0,0,0,0,0,0,0,2.8734150070781306,0,0,5.786219259969789,0,0,0.4084085125386484,0,0,0,0,0,0,0,0,12,1.91130739065941,0.7998615599559851,0.7691666770751622,958.2665580000001,175.52393533464632,3421.5500478132567
sub50_51,50m,sub50_51,0,0,4.0894043638488125,1.2344185292090744,0,0,6.221356541891907,0,2.586881254254835,0,2.000000000013693,0,0,0,0,0.6181509639499956,0,0.505054214104801,4.276143174074613,0,0,0,0,0,1.9028703640134184,0,3.4932284332256227,0,0,0,0,0,0,0,2.3628364170224425,3.370292142400588,0,0,8.533859415169434,0,0,0.5915914874652581,2.035834064219559,0,0,3.0384163093027103,1.000000000019788,0,0,1.000000000009837,18,2.633574879622634,0.9129213932716934,0.9111543774353625,1331.9121510000002,199.717358068957,3152.5547195914414
sub50_52,50m,sub50_52,0,0,4.231886193589993,2.6627899650817715,0,0,0,2.942723227356397,0,1.3689581809416596,1.9999999999926232,0,0,0,0,2.0095213847079263,0,1.8426391058576281,13.479447942567418,0,0,0,0,0,0.31044864095558045,1.999999999985308,5.353187212367871,0,0,0,0,0,0,0,1.4042287902952904,0,0,0,0.39521263748916924,0,0,0,0.10995875527718901,0,0,1.065856978118981,0,0,0,0,15,2.2307415606151166,0.8438891707458477,0.8237445375669835,1213.176137,205.08435184380568,3409.535626777633
sub50_53,50m,sub50_53,0,0,2.0208660692276537,0,0,0.7284603751634146,0,2.5654091713974405,0,1.535832124770988,0,0,0,0,0,1.9999999999886628,0,1.2318059555221168,2.407872609941689,0,0,0,0,0,6.246232376309728,10.763479010676999,2.427249300183301,0,0,0,0,0,0,2.0679955761176894,3.0810133546286207,0,0,0,0,0,0,0,0,0,0,2.6708162795723682,1.0975711294962789,1.5643947314074476,0,1.0000000000130125,16,2.4900003201917773,0.8879269820009842,0.8980777784381521,1425.2193280000001,220.5934223072172,3679.4226974814633
sub50_54,50m,sub50_54,3.8765816006161415,0,0,0,0,0,0,0.22584769475332087,0,0,0,0,0,0,0,0,0,0.7681940444932254,0.3879932960927011,0,0,4.78856212524116,0,0,13.81943900799288,22.781237063735198,0,0,0,0,0,0,0,2.001668854725407,0,0,0,0,0,0,0,0,0,0,0,0,1.884536650728355,1.9049496940670196,0,0,10,1.6109944894866226,0.7236581670054029,0.6996460171605864,1006.063568,189.61802847829563,5995.291392539891
sub50_55,50m,sub50_55,2.018303977978643,0,0,0,0,0,0,0,0,0,0,0,0,0,0,7.002829066554264,0,0,0,0,0,4.20449314634055,0,0,12.770081391161938,17.633217489607546,0,0,0,0,0,0,0,3.000000000019769,0,0,0,0,0,0,0,0,0,0,0,0,0,1.224553825977682,0.999999999997208,0,8,1.6830553705773568,0.7669147516412981,0.8093785455578298,839.887301,199.0619347003653,5755.526389083238
sub50_56,50m,sub50_56,0,0,3.5679887198913445,0,0,1.665370120126786,0,0,0,0,1.0000000000020801,0.8001357438304084,0,0,0,2.0000000000013314,1.1283680160520648,3.19220103890433,3.1058237060993052,0,0,0,0,0,19.159272333435634,7.89693990286406,0,0,0,0.9999999999846686,0,0,0,0,2.0000000000106084,0,0,0,0,0,0,0,0,0,0,0.9285580580606546,1.9999999999984963,1.0000000000032523,0,0,15,2.1456067280540245,0.810365763367449,0.792306851320827,1436.0355400000003,202.61426783276903,5560.567720535252
sub50_57,50m,sub50_57,0,0,3.7612676279518715,0,0,0,2.0143214881915528,0,0.7525743110199334,0,0,0.09200072393299465,0,0,0,0,4.577116701214214,0,11.914021166818484,0,0,1.0000000000031637,0,0,0,0,0,0,0,0,0,0,0,0,0,14.584802348683446,0,0,0.9999999999984708,0,0,3.3840579676539173,2.989348484161801,0.8615460544558318,0,0,0,0,0,0,12,1.9565614868555803,0.8104356138100435,0.787378265104045,724.9500490000001,164.49478998174516,2838.4639022295073
sub50_58,50m,sub50_58,0,0,7.625925525917446,2.938117091780785,0,0,8.841626493125155,0,1.3525157671971904,0,0,1.8996297047690693,0,0,0,0,0.9999999999970176,0,8.159708259385624,0,0,0,0,0,0,0,0,0,0,0,0,0,0,0,0,11.217932915288364,0,0,0.38531011171592117,0,0,3.622428717508263,1.1232420420102964,0,0,0,0,0,0,0,11,2.0428769870231536,0.8455372243160743,0.8519458752838247,739.1086800000002,180.04685322841408,2700.4669045172805
sub50_59,50m,sub50_59,0,0,5.094164515884924,5.766682896835529,0,0.8518585886210246,11.106744825060781,0,2.8005186752730085,0,2.0000000000059805,0,0,0,0,0.6916760507211241,0.9999999999988658,0,4.120872419766956,0,0,0.999999999992276,0,0,0,0,0.04573575081774139,0,0,0,0,0,0,0,0,1.6025861040092142,0,0,7.3685942707058425,0,0,0,3.9417009991422436,0,0,0.015886807441144585,0,0,0,0,15,2.265674189854483,0.8722995341355763,0.8366440876658511,1128.824383,179.939081976411,1777.1152101729917
sub50_60,50m,sub50_60,0,0,13.530884703869912,4.000000000000721,0,0.1481414113785005,2.000000000003225,0,1.0000000000009532,0.6310418191579802,1.9999999999975935,0,0,0,0,1.6806516005578949,0,1.9198950579178735,3.7685755492712065,0,0,0,0,0,0.9999999999915835,1.000000000018472,3.979153119659963,0,0,0,0,0,0,0,1.0000000000122555,0.965606171738662,0,0,2.414795696441568,0,0,0,1.9125061813494182,0,0,0.9943612226954899,0,0,0,0,18,2.4417116025421954,0.8656487101522548,0.8447742391170683,1317.493318,197.26849332061832,2677.834412766802
sub50_61,50m,sub50_61,0,0,13.049523690853896,4.667390438225214,0,0,0.9755589335782853,3.189122665726597,0,4.000216690671155,0,0,0,1.9999999999970282,0,3.44293656622229,0,1.0801049420834246,1.9295973122074643,0,0,0,0,0,2.1868627175571502,2.257487693714091,2.999999999969293,0,0,0,0,0,0,0,0,0.2811644244076893,0,0,0.729315698716996,0,0,0,0.9999999999974194,0,0,3.3371222246962713,0,1.0000000000006626,0,0,17,2.477384487674645,0.8823184128583685,0.8744080260923298,1287.0272,199.1578090305801,2908.4122037399425
sub50_62,50m,sub50_62,11.517379328938,0,0,1.3956542208031684,0,0,0,0.07689724069908145,0,0,0,0,0,0,0,11.501953373275846,0,0,1.671052765348048,0,0,3.2716801922434176,0,0,0.02055451158599212,0.8563905687740467,0,0,0,0,0,0,0,0,0,0,0,0,0.2706843012955842,0,0,0,0,0,0,0,0,0,0,0,9,1.4363227464991697,0.6993371059295661,0.6536986529799695,917.2495180000001,162.2321036945939,2485.1380821804323
sub50_63,50m,sub50_63,3.7788848217351014,0,0,0,0,0,0,0.9999999999993388,0,0,0,0,0,0,0,6.874224943258875,0,0,0,0,0,0.9790080025596427,0,1.0000000000066667,0.49631700843358145,0.9881095745158892,0,0,0,0,0,0,0,0,0,0,0,0,0.21121082409900513,0,0,0,0,0,0,0,0,1.3730450792190303,0,0,9,1.7375231781177594,0.7574690128652346,0.7907808769480569,830.1939977000001,175.16539597073424,1573.598739491886
sub50_64,50m,sub50_64,0,0,2.000000000021176,0.6991681869012575,0,0.33462987990226467,0.9999999999844914,0,0,0,1.1174500409886743,0,0,0,0,3.2403998675922905,0.9999999999991235,9.883633626529804,2.9510963063552067,0,0,0.8141194966004879,0,0,9.43534706630927,7.058862385025589,0,0,0,0,0,0,0,0,0,0.9999999999942816,0,0,6.080900179972367,0,0,0,0.999999999997831,0.9999999999926057,0,3.999379430306799,0.2661204413571525,1.7957202983782818,0,0,19,2.491405836900441,0.8917802975104483,0.846139401946699,1377.931028,205.67562557008205,4344.350990912228
sub50_65,50m,sub50_65,0,0,8.911298147749878,0,0,0,1.0382722409381266,0,3.8230923465034956,0,0,0,0,0,0,0,0.9999999999952981,0,7.7970277929346095,0,0,0,0,0,0,0,0,0,0,0,0,0,0,0,0,16.675371421008073,0,1.5898289051924177,3.7109006054418727,0,0,2.9999999999801967,4.982959166758943,0,0,0,0,0,0,1.0000000000008518,11,2.0280717363755496,0.8303526507138037,0.8457716062006191,801.6099450000002,151.3152765275129,2851.4935425597014
sub50_66,50m,sub50_66,0,0,4.161141815815427,0,0,0,2.9758158646361492,0,7.974254345979078,0,0,0,0,0,0,0,0,0,13.654065402633524,0,0,0,0,0,0,0,0,0,0,0,0,0,0,0,0,11.877464406473472,0,0,1.0000000000012619,0,0,1.993513314828216,4.893252686466995,0,0,0,0.9999999999970001,0,0,0,9,1.8842926898350911,0.8177115314921258,0.8575785603670482,686.203365,169.81284040531625,3504.6655801699912
sub50_67,50m,sub50_67,0,0,3.708807427075979,0,0,0,10.699298106001573,0,4.199481324730949,0,0.9999999999929354,0,0,0,0,0,1.999999999993241,0,7.0937240948226625,0,0,0,0.24835596967038495,0,0,0,0,0,0,0,0,0,0,0,0,14.574237171503729,0,0.7614643515321273,0.9903600323266443,0,0,5.695267022514925e-5,1.5063480038501516,0,0,0,0.999999999989952,0,0,0,13,1.9698644669457432,0.8167050604151979,0.767993512704386,1328.9942389999999,176.7563660859366,3123.8146087043515
sub50_68,50m,sub50_68,0,0,7.15638564404115,0.12377463480243135,0,0,1.4834927408547147,0.20248752252942664,3.0193674990678767,0,0,0,0,0,0,0.21945474566481304,0,0,8.993172629038726,1.1571355045336271,0,0.5228587791250496,0.75164403032742,0,0,0,0.05605863533656484,0,0,0,0,0,0,0,0.9999999999906306,10.961125892132578,0,4.156085253071971,3.798699094978156,0,0,2.972175291998626,0.5048496167633679,0,0,0,0,0,0,0,17,2.22846842151333,0.8612028605412091,0.7865515762123676,1531.1943649999998,178.63677257818392,1639.6044728424665
sub50_69,50m,sub50_69,0,0,12.825723194999025,4.893700842002976,0,0,2.540948325565229,2.7975124774910753,0.7774936933722363,1.4984713034329413,1.115962019779605,0,0,0,0,0.7337726772500414,0,0.999999999997732,0.06271287947468518,0.2026026857281427,0,0.1353421756873743,0,0,0,1.000000000022672,5.777781328985802,0,0,0,0,0,0,0,1.0000000000017297,8.528968119657046,0,0,4.766488512814245,0,0,0,1.0001487519652639,0,0,0.9977002730799763,0,0,1.0000000000184548,0,20,2.4228479964399336,0.8765526347128032,0.8087665302499094,1299.881778,190.05459562794093,2450.0419628796794
sub50_70,50m,sub50_70,1.8626604768455004,0,7.084715737066531,4.124518251551111,0,0,0,2.0000000000083076,0,1.3860807158247777,0.18953707548916612,0,0,0,0,9.326071692464291,1.000000000008005,0.9999999999993989,6.133898493914021,0,0,1.7283198077891586,0,0,0,0.009386383394894747,0.9999999999939583,0,0,0,0,0,0,0,0,0,0,0,2.325038347353594,0,0,0,0.25524734372439756,0,0,4.461641392062204,0,0.9999999999928336,1.0000000000037206,0,18,2.441600681562874,0.8885860826699075,0.8447358630919017,1228.765631,199.2702640882434,3015.2365025154686
sub50_71,50m,sub50_71,12.232371882469177,0,0,1.3676771142577682,0,0,0,0,0,0,0,0,0,0,0,2.5710429384613116,0,0,0.5431469489998804,0,0,2.466336962343143,0,0,0.20211371486379565,2.928832240259627,0,0,0,0,1.000000000012089,0,0,0,0,0,0,0,0,0,0,0,0,0,0,0,0,0,0,0,8,1.5100111366593085,0.6796102445947318,0.7261618595151638,863.848055,160.4196343373775,1857.0801937728177
sub50_72,50m,sub50_72,5.345313961405627,0,0.9999999999942462,7.879053941069108,0,0,0,0,0,0,2.1395689962909676,0,0,0,0,12.912752302261259,0,0,2.0339029062354195,2.0030228063173223,0,0.20687250086669726,0,0,0,0,1.0000000000001854,0,0,0,0,0,0,0,1.0000000000086386,0,0,0,2.8590477307240274,0,0,0,0,0,0,6.0720625116573475,1.1991551988244589,1.1367114553466777,1.991418847359109,2.9999999999740066,16,2.3752805764236875,0.8754592236895018,0.8567013770815831,1114.2545730000002,190.7116603929034,3178.905130882596
sub50_73,50m,sub50_73,0,0,4.000000000031599,0,0,0,5.687967224604925,0,4.896272490235565,0,0,0,0,0,0,0,1.1553328919872277,0,10.012148288646635,0,0,0,0,0,0,0,0,0,0,0,0,0,0,0,0,5.279136639420182,0,2.410171094793213,1.2890993945854716,0,0,18.06759221447676,0.6781545211851819,0,0,0,0,0,0,0,10,1.9278293566158657,0.8125160301806289,0.8372456516293666,690.461938,155.67680863789823,2951.3943692811968
sub50_74,50m,sub50_74,0,0,7.000000000018114,0,0,0,13.09273401369763,0,8.166181470754657,0,0,0,0,0,0,0,2.578844834257275,0,10.467702907479138,0,0,0,0,0,0,0,0,0,0,0,0,0,0,0,0,7.336295016561792,0,0,1.2251451152588961,0,0,1.21123512854173,1.000000000006531,0,0,0,0,0,0,0,9,1.906380996043371,0.8299792717108209,0.8676313817473089,687.396086,184.3595656615262,4412.960184559738
sub50_75,50m,sub50_75,0,0,2.2386433517819433,0,0,0,3.4073400113963794,0,7.944674947197991,0,0,0,0,0,0,0,0.8039962583332362,0,12.079922345554131,0,0,0,0,0,0.9999999999990978,0,0,0,0,0,0,0,0,0,0,15.075586802895526,0,4.1267589509492406e-4,0.7957781301230801,0,0,4.999943047333463,0.9904171915965363,0,0,0,0,0,0,0,11,1.8490271708780466,0.8023109310528798,0.7711042228796803,812.86703,164.81839803166505,3088.1919527575255
sub50_76,50m,sub50_76,0,0,5.686316111875769,2.0000000000044134,0,0,8.271851219393586,0,1.2031388075437581,0,0,0.15759191330853947,0,0,0,0.00783862055089729,0,0,2.848931829620894,0.28438601140240444,0,0.28401736462533983,0,0,0,0,0,0,0,0,0,0,0,0,0,14.23292765517555,0,6.08203771950862,7.528451812397913,0,0,1.0278247080044018,0.009582808404205863,0,0,0,1.0000000000349365,0,0,0,15,2.050555423137892,0.8389274578519124,0.7572073155450701,854.7494110000001,140.55341055481503,1755.795468995976
sub50_77,50m,sub50_77,0,0,3.672729488175267,0.7535530899594015,0,0,5.50198053182986,0,0,0.11523129006965935,1.3169299599761248,0.8424080866740429,0,0,0,0.07745360555980302,0,0,4.366238854756259,0.35587579832497185,0,1.0311410882403047,0,0,0,2.9999999999852025,3.222218671019761,0,0,0,0,0,0,0,0.9999999999839709,8.556307647778322,0,0,3.9355281805305222,0,0,0.9999999999976426,2.0190134520527425,0,0,2.6908603295909446,0,0,0.9999999999818852,0,19,2.56360000681587,0.9041499793262618,0.8706582221451286,1269.28346,197.54505132594014,2233.743908444173
sub50_78,50m,sub50_78,0,0,11.563927785128415,9.176172634472332,0,0,1.0000000000023257,0,0,0,4.377570944768352,0,0.74113719481938,0.15919269986634138,0,1.000000000006896,0,0.07108496053682951,3.3125767186261066,0,0,0,0,0,0,0,1.0000000000188503,0,0,0,0,0,0,0,0,4.000000000005795,0,0,2.6749616525950763,0,0,0,3.7255904522811463,0,0,4.360024721694372,0,0,0,1.68551265897801,15,2.27649712310256,0.8698594465376577,0.8406406654411346,1104.9748760000002,183.0220169962874,2675.564510383082
sub50_79,50m,sub50_79,2.267683743685471,0,3.000000000005011,6.000802542125585,0,0,0,0,0,0,0.9999999999931585,0,0,0.8408073001349203,0,4.690405168584535,0,1.7152278382581607,2.4921833964360407,0,0,0.5336630376676769,0,0,3.0245281076316664,17.044572457581975,0.9999999999979927,0,0,0,0,0,0,0,2.0000000000292686,0,0,0,1.0000000000154796,0,0,0,0,0,0,1.1783338862360146,0,0.9999999999984389,0,0.8273673930573396,17,2.3124552174881323,0.8407466190120989,0.8161952301754545,1324.045358,206.3838951502659,3495.214752191421
sub50_80,50m,sub50_80,6.094399382096877,0,0,0.8287582743220991,0,0.9999999999853921,0,0,0,0,0.27408924464947365,0,0,0,0,1.3988644322646258,0,0.21368720116482925,2.952486415471206,0.653008383228729,0,3.8874701425269875,0,0,5.773358177528117,7.017208918791413,1.0000000000166627,0,0,0,0,0,0,1.9999999999912088,1.9999999999805715,0,0,0,1.7918391703472296,0,0,0,0,0,0,0,0,2.999999999979922,0,0.4871199479668839,17,2.474580509738122,0.8962017473756575,0.8734183449084524,1436.3488570000002,221.9616156796948,2976.564061763588
