"quad_id","n_pixels","boot_1","boot_2","boot_3","boot_4","boot_5","boot_6","boot_7","boot_8","boot_9","boot_10","boot_11","boot_12","boot_13","boot_14","boot_15","boot_16","boot_17","boot_18","boot_19","boot_20","boot_21","boot_22","boot_23","boot_24","boot_25","boot_26","boot_27","boot_28","boot_29","boot_30","boot_31","boot_32","boot_33","boot_34","boot_35","boot_36","boot_37","boot_38","boot_39","boot_40","boot_41","boot_42","boot_43","boot_44","boot_45","boot_46","boot_47","boot_48","boot_49","boot_50","boot_51","boot_52","boot_53","boot_54","boot_55","boot_56","boot_57","boot_58","boot_59","boot_60","boot_61","boot_62","boot_63","boot_64","boot_65","boot_66","boot_67","boot_68","boot_69","boot_70"
"sub50_1",175140,2.83422036664479,2.80318013191836,2.8156082271242,2.82870784962898,2.82841352374767,2.8529695193914,2.82786599352603,2.82387933100974,2.83160052068188,2.84409154707079,2.834642452523,2.84803773386101,2.81644542668576,2.81401660163275,2.80607448577051,2.82086114324806,2.81679727180765,2.8215883905875,2.82013335628456,2.81726190672244,2.80764219722945,2.82964694535733,2.82143225684321,2.82752521125364,2.8247189996391,2.82547874685357,2.7945852055805,2.81938065677868,2.81406320974096,2.83705087760517,2.81973415738067,2.836033079794,2.86170594381956,2.84505824609314,2.8408100897296,2.8182300117976,2.83531460166573,2.82191790775947,2.82545573278849,2.81517513594518,2.80041805099826,2.83666654445017,2.82647226998976,2.81052961339396,2.8339468314139,2.81358328976244,2.84306924888852,2.81850992690801,2.83316549732471,2.82785074932656,2.81735616160313,2.7986271880414,2.8384127162466,2.82959686089688,2.83125928990975,2.82031927708796,2.82207186274644,2.82851327142051,2.8109046845774,2.82212571023097,2.82630997177795,2.84103363504591,2.82222789573961,2.82854720402761,2.81496709821276,2.81598863828378,2.81640641464812,2.83668551716927,2.81939573977305,2.84913358755933
"sub50_10",190670,2.82390086735227,2.84801730677699,2.82765691300371,2.8255480688943,2.81653840675175,2.81039066555709,2.84152672214508,2.80891967782266,2.83852594389434,2.8139298374435,2.81815709311819,2.81404769326255,2.8265328832735,2.81930779683496,2.83218773795144,2.81055840632607,2.8082412403688,2.81580244018463,2.81508044286546,2.84492595979421,2.79452892287199,2.85505290384307,2.82592675932208,2.8290983684936,2.82410384781912,2.82220582702569,2.8221397776205,2.85639392681261,2.81500899685104,2.80730180666621,2.81807475216069,2.81807268352855,2.81647492792306,2.81491171310991,2.82222023184779,2.85970844438765,2.83490728135984,2.84642175913612,2.81583212172111,2.81736389823172,2.83091126188865,2.82448571822305,2.81344306921745,2.83216899857507,2.81574968044933,2.81923278356348,2.8333187849337,2.83592037874499,2.80363973284365,2.83308336062171,2.82460528606536,2.85149049557871,2.82035580755419,2.81940118041372,2.83894416021526,2.8172915469476,2.80564703974771,2.83096656843335,2.826338405873,2.83176998242341,2.81592373654206,2.81892324878751,2.82065766898068,2.82146492736555,2.83353471646079,2.83175866272508,2.82369251819852,2.83291681517854,2.82942616767854,2.83306723842696
"sub50_11",176363,2.73238095063372,2.7248588928631,2.74558771449813,2.76072706745732,2.75390432739934,2.76674307676916,2.7515284233223,2.7500239225163,2.74264597172486,2.74751426990736,2.75976076190146,2.76022328083632,2.73887568652707,2.75144297857478,2.76167553054255,2.77830296516702,2.7620381692264,2.74608956381097,2.75421906492303,2.7710724208497,2.74658615885671,2.7567523344441,2.7629480286068,2.76478732654117,2.77923034657649,2.74193843342298,2.7438980860162,2.75197711697669,2.76990375610434,2.732875635701,2.76758284723998,2.74438603594712,2.75973741181288,2.74990234615081,2.77834065572886,2.75896458108416,2.77642317214283,2.74863024217388,2.74606180309095,2.75885434626192,2.73999099337539,2.7508040946634,2.76440889853966,2.75919815255831,2.75149549524765,2.76169829782764,2.77420929229536,2.73593791632133,2.74330835053905,2.76901181266552,2.75018376539415,2.74612837119364,2.75676168091785,2.75909848033274,2.74026097498695,2.75455631354699,2.75781637000412,2.75536834658305,2.75365353554158,2.75118482899706,2.76003210945752,2.75401593597061,2.75013319943203,2.76152188790969,2.74781351419728,2.74151528487301,2.74884596674069,2.73666931068894,2.73461950895872,2.74270801693415
"sub50_12",169495,2.96338566003114,2.26341103117143,2.93110217390452,2.94126413239777,2.92694904149762,2.97743640585372,2.96789329992689,2.96197239713966,2.30789939226131,2.28401503619097,2.95063670112452,2.93230806459872,2.96110814769403,2.96124211788259,2.9682799648853,2.95938528834767,2.96454036167619,2.96204648268816,2.96047378260108,2.96409791381859,2.95911838011456,2.93234737784862,2.95198533469211,2.27105907822835,2.25520195678569,2.26017821916581,2.9472151111189,2.95208639627012,2.98537368432641,2.91743001394134,2.95062049272075,2.95696948259944,2.27584351492234,2.96546072487429,2.98994130459829,2.925457164724,2.94764444450969,2.28166941844831,2.96203137287523,2.29055555950058,2.95518362172609,2.94937438201039,2.98977430065208,2.9434092430584,2.30328264840049,2.28682922459412,2.27593908387566,2.97939681216524,2.97717828549657,2.26935305825968,2.93591323307765,2.97113948539534,2.96067642719613,2.97062126705909,2.95336448950858,2.94639995952654,2.96134541968061,2.96167778886359,2.98348198667074,2.97621937214003,2.2890904542549,2.93557535617429,2.93465424764452,2.9475474603108,2.9658375933147,2.94460945535593,2.94928599941007,2.96685158236498,2.26164747268072,2.93442386959556
"sub50_13",203330,2.91470871932597,2.91371172400166,2.93583689409227,2.90887685435914,2.90734750566638,2.90844909250483,2.92757020861507,2.93935196951233,2.93384944586149,2.93011891933888,2.91361678343381,2.9167973126409,2.90934120260879,2.9313368717743,2.90878168359052,2.88917208861228,2.92441927868781,2.92311203279165,2.92814268296475,2.91642256018246,2.93991747092543,2.92477605461493,2.9423292088831,2.92899374225065,2.91430343823179,2.92980690729775,2.9342096171856,2.92043349381614,2.9143775120392,2.93545069928175,2.91528203335687,2.92325989478899,2.91388756707283,2.92679459205218,2.91665381114322,2.90804016394892,2.91801349257766,2.89874155479388,2.88198116917066,2.91412877271134,2.91230331270029,2.91985364509975,2.93711794179154,2.92203879742356,2.92136397652516,2.91239820346082,2.94413881350453,2.95091423361465,2.8898837234158,2.93666870024338,2.91395864407402,2.89492025146363,2.9327784776943,2.94277409542605,2.92415839032964,2.90507968639205,2.91124352627354,2.92760686768071,2.92464601131304,2.90991008897114,2.90423497047791,2.92834721090963,2.90485845330056,2.93584689529728,2.89529690224699,2.93279103613891,2.92037705460186,2.91920995475674,2.94800605495108,2.91972962613231
"sub50_14",178478,2.81801846331233,2.82680780164216,2.83192947125026,2.81208866460728,2.84669657531755,2.83272944382165,2.81650964665814,2.81690832248867,2.8172044487581,2.79352916583764,2.7906879057149,2.81179486472349,2.80902634331783,2.84304378854324,2.82475450855381,2.84243382549507,2.80749017278383,2.81366942667996,2.82545095966058,2.829338993477,2.83343302103021,2.85169472462369,2.82435630073753,2.81408726778921,2.80474914296904,2.79009161914052,2.81392490655705,2.82988204756186,2.8227133331673,2.81189397366579,2.8127669410962,2.82520560703247,2.81987602818548,2.82996851677209,2.82853769494442,2.84276725010201,2.82131583339378,2.84086781023226,2.82354048948034,2.81163812417734,2.79875128741097,2.81358385831121,2.82354370383188,2.80832538043986,2.81716167457723,2.80627887178568,2.83067525797543,2.83677699901612,2.80594058703454,2.82852151721559,2.82057484122184,2.79415569121764,2.8173349433586,2.83263752136137,2.83672957357922,2.79961642469079,2.81785740558555,2.82804136145123,2.80509243124756,2.83420193850532,2.82323376518807,2.8125053663072,2.82686881950266,2.85038731620807,2.82509502976953,2.82780298644345,2.81185997866224,2.83429157536707,2.81937712215244,2.82709405270939
"sub50_15",172782,2.79365638898686,2.8361155616588,2.83144588891349,2.84509898371813,2.84348765437835,2.84843031197716,2.85189426720976,2.82772669351444,2.86006403508917,2.82299496538329,2.84856841261099,2.84241268877529,2.82784756165513,2.84435481000991,2.82648039350126,2.83114457418764,2.82347594627698,2.83777203969803,2.83589898562008,2.81275516420278,2.81447856342939,2.82225030513756,2.80917832170497,2.83374963658556,2.85253804549984,2.80404994835114,2.8338387544423,2.82705127453753,2.82067751887943,2.82855329278796,2.83563983064456,2.82997948633896,2.85028295134537,2.82093049232175,2.82505150243164,2.82315993987175,2.80297157640951,2.82978723909108,2.81749994810755,2.85067651625782,2.82435400852102,2.82351073994032,2.82711111319667,2.82755735565385,2.8498700121454,2.82989256571333,2.82838497782825,2.83489913460951,2.83370750577774,2.84353295897831,2.82291437296961,2.82100971617666,2.83103314349009,2.82867092669409,2.82316867424066,2.83963368263154,2.83022983817284,2.8041543018492,2.83072347123852,2.8209024646775,2.81420093369325,2.82300950028916,2.85205169863108,2.81345118250624,2.81948638637054,2.81707897205488,2.82903075220636,2.83962182562577,2.83897733931943,2.82800864076349
"sub50_16",157562,2.84831268196093,2.85629359680858,2.83681627205768,2.83951386363334,2.83897670746891,2.85262792233206,2.8489970204407,2.85123458074869,2.83687134532457,2.8360436479644,2.84800259570331,2.84573589907353,2.85366668963082,2.84896050771628,2.84332572346091,2.85789341255984,2.83443039194025,2.82867742111208,2.85776401278023,2.8616056862592,2.84549575941366,2.86339037022269,2.85975045330744,2.84425382671778,2.8570869442541,2.84726452878867,2.83668599420528,2.8427882830216,2.84248031152236,2.85782383401109,2.83174899629374,2.82899867587839,2.80936039084209,2.85651814642652,2.84710056239762,2.84152464197288,2.83737229810529,2.84924233837137,2.816856483482,2.82708190499017,2.84276168289072,2.8379861412029,2.83204110707928,2.83544949529332,2.83254711380371,2.82498199114398,2.85453950327208,2.84354477516889,2.85336896666138,2.84971611641383,2.83708850408101,2.82255454476301,2.83866466699026,2.85452772385596,2.83207762412516,2.82783989390394,2.83710711274462,2.83580611790727,2.8361186611041,2.84124245714452,2.84990968248336,2.80222638131818,2.82282656539738,2.8314817841062,3.52139402960417,2.82626194942059,2.85261524312374,2.83363383655672,2.8471961939371,2.84780282620037
"sub50_17",170415,2.9291209240856,2.90650067881093,2.91493833655862,2.92203411797901,2.90772606923438,2.89598414339962,2.91691147463716,2.88821960132699,2.91026283035513,2.90626614557429,2.92041670734968,2.91326502504717,2.92895856648957,2.89013321885147,2.93183272851455,2.92276236238638,2.90462480053582,2.9326600628455,2.92065384867784,2.91876859829595,2.90065607048157,2.90714637686134,2.90847712920241,2.89544461596081,2.90423502481262,2.91274753729618,2.90895809472047,2.89321192232422,2.91178511818537,2.90388620450404,2.90382596506506,2.93519603066465,2.89751372531274,2.90405089868453,2.89686771383475,2.92476618736074,2.9289712718981,2.93829514323761,2.91659533217061,2.88940352615705,2.91889151657825,2.91841421163924,2.89555028658161,2.91614653071459,2.89301243234766,2.90741840858107,2.9202989779321,2.89745408717769,2.90632636724492,2.898340770034,2.90201589358507,2.89729839218197,2.91970036653683,2.91486886123983,2.90192003939626,2.89153315452344,2.90885598935748,2.90491210590296,2.90577470060667,2.91482080131166,2.91367343111822,2.92287285249729,2.91617553534003,2.9321162894472,2.90883761260063,2.90565047621972,2.90416251717183,2.9331405815377,2.91701869337941,2.91513206642497
"sub50_18",175121,2.96792084618546,2.97848491450661,2.97530268677412,2.97777520560822,2.95314227177827,2.97542912719139,2.96413066808253,2.9852517150624,2.98017733064659,2.95734223797183,2.96357908367507,2.9325798836446,2.99287806612416,2.955829657546,2.97729732111731,2.98470144500394,2.99471088061387,2.9979326673378,2.97848579066789,2.98567436280646,2.97397689048378,2.97579035573502,2.95951768263519,2.9806520665932,2.95160998994003,2.96913507117626,2.95223431658689,2.99327907646828,2.96206181661246,2.98222910828563,2.96321215458838,2.99132423218904,2.9883592807672,2.96953143917648,2.96595486807852,2.99181872681563,2.95471674135953,2.96638700304123,2.97082578447485,2.98011054100419,2.97315481875152,2.97841910044627,2.99034134066713,2.989018584963,2.96556419050975,2.98639785495803,2.96367393803079,2.96811606938162,2.96839571828577,2.98655799501462,2.97842443131657,2.97435014619851,2.97243631953677,2.99239487681804,2.97039163430517,2.97069589619248,2.9904347358068,2.9691070219458,2.97790230444755,2.96190852210358,2.98792672099001,2.95294063250266,2.96300534344068,2.98932188872361,2.96881620595358,2.96812014216607,2.96532691103611,2.98985028854005,2.98036468806269,2.96853736674529
"sub50_19",200918,2.87291673066495,2.90679624838874,2.89674475188729,2.87870456310848,2.89858420973812,2.87430074393992,2.86616757017303,2.88347618723553,2.88478652492292,2.88308543228714,2.8751546280874,2.86858085125424,2.90099601064555,2.89963222656066,2.88602897076373,2.89059530616793,2.86974634428138,2.87803739977301,2.89324330961275,2.88622748783275,2.88807065952752,2.87782599808224,2.88019472385201,2.87267254856863,2.87566078255587,2.86076117353748,2.88821954919583,2.85918180513413,2.88497913019197,2.88086314991739,2.86396832424337,2.8887095930221,2.88090250094627,2.88067219987289,2.8865226870202,2.90445078682002,2.88933523381724,2.87152944202316,2.89445411294875,2.88602530616956,2.86569570054537,2.89382800763425,2.86094402454766,2.88389027121141,2.86182737582686,2.87346573049942,2.88046320654769,2.8635436201509,2.88473887613426,2.8786993503873,2.88641063495585,2.86345054100359,2.87756551628508,2.87666302609473,2.88669448434598,2.90264013259048,2.89070907096373,2.87777205024423,2.88640009160631,2.88372891437532,2.86725026437496,2.87224936293876,2.89005351919404,2.8741957099955,2.89512489532133,2.89216675596692,2.88898169832377,2.86750116878174,2.8725059008505,2.87532416491202
"sub50_2",164543,2.83663019099496,2.81904522277208,2.8212647434871,2.84452333839664,2.79818874769913,2.83326594501702,2.83361228652509,2.83495139585939,2.84186262744796,2.79622277594664,2.83224101470273,2.8222391788395,2.82799400663406,2.83287946365375,2.8209483010314,2.83020178037809,2.81453589084661,2.82161334457853,2.82781626559266,2.82049535209273,2.85999868922072,2.83413398694708,2.81851530356704,2.82730499896266,2.82773751475028,2.8251507443584,2.83483397151983,2.82742717161348,2.83494892749192,2.8316484718993,2.83184754625775,2.80961009578603,2.81506360501888,2.80235678165103,2.79187979695483,2.81351318680038,2.83015247350564,2.8415685143761,2.82395323000008,2.82352810356615,2.83153137771121,2.8401595268791,2.80184935376272,2.81683211999413,2.81476430258976,2.81597869266819,2.82632652100175,2.8303367202139,2.83162939752626,2.82709511201091,2.84444947662549,2.83547393069177,2.83753843431549,2.83770574000683,2.80904438604279,2.8269055846943,2.83107708640783,2.80747308365003,2.81943457839812,2.79772341386901,2.83524881164426,2.82854656602308,2.81408634269214,2.80943089086987,2.80359165976093,2.84527847551298,2.82078918344252,2.82860851432351,2.80952077949683,2.81722653194431
"sub50_20",181089,2.91070126089088,2.88038447603421,2.91243961539619,2.88742830248822,2.88831711849597,2.88450409955618,2.90163435253894,2.91505179024049,2.90358843031271,2.89803583222141,2.90972115398509,2.90381540314504,2.9179420264184,2.89110593542005,2.89321738054853,2.89639912125508,2.89928690353202,2.90228127882545,2.89338794400673,2.91302052088859,2.85840742064542,2.89169285275942,2.85001963828181,2.89468128366067,2.87731623805262,2.88993441323693,2.88229767729809,2.90754363933469,2.91619026635782,2.91389853015732,2.90378209855488,2.8853621640519,2.90523382884681,2.8818973304997,2.8966159378873,2.89735619193058,2.90115692498944,2.9082754743803,2.89004298557853,2.88549716870536,2.88692700935583,2.89086424108998,2.88096490400595,2.91658124061388,2.90568580690394,2.90750396144275,2.85864187765586,2.92323744558407,2.88619827993212,2.91302654619685,2.88891587543147,2.90221663130379,2.88085185735272,2.91042782560457,2.89354992091255,2.92016130861977,2.90472298121114,2.89823209648114,2.90732645527893,2.90633133387071,2.88140088431534,2.91939501126766,2.93071361601141,2.88942144223569,2.88044671793384,2.89687383528863,2.90320078901446,2.89624351137934,2.88804073283097,2.88936802535223
"sub50_21",185088,2.84235765259722,2.83764862962563,2.83539101196528,2.82962925409001,2.84768158208432,2.80863223693191,2.82270487841644,2.82030712809464,2.80680954575849,2.81548215359113,2.81977938753101,2.82989438283339,2.82807075252371,2.81720072808002,2.8342605395243,2.84137655250417,2.82668581540904,2.83596464761529,2.82145887483566,2.81075365222948,2.83711848954613,2.84226926389512,2.81743628358751,2.80076848170975,2.81153389184448,2.81397848840399,2.81252231129451,2.83384493679355,2.83384697500028,2.84068351195991,2.84379196901191,2.80828241347457,2.83171863012245,2.81724081913639,2.82088795262164,2.83624363699188,2.82014670712811,2.84423985744672,2.80545234104041,2.80544538512778,2.84203587416116,2.80905573525963,2.82192928069716,2.81619458333302,2.8420858622155,2.80179706149164,2.83129212829407,2.82323867580604,2.80577451927563,2.81263003823883,2.81303817223951,2.8245686258223,2.83323276332873,2.81262517829354,2.80973016959761,2.81001033023411,2.83645881999031,2.80813246082515,2.82258384698772,2.83166065299682,2.82615771130389,2.81971268151558,2.80176212422845,2.82094735712755,2.84076102321075,2.81789249079792,2.83611844683971,2.82611392552001,2.85050691838724,2.83201942343217
"sub50_22",159220,2.95359141390913,2.93688307235884,2.93427515896124,2.94510058454088,2.93962703221476,2.92869080087439,2.91889910801334,2.93978926397077,2.94338103911913,2.93821300236564,2.93888234588116,2.91395370258149,2.93120278865968,2.93351410666826,2.93332141020898,2.93526079386641,2.92599083800436,2.94057822095445,2.9344236684352,2.93570154018841,2.92959855552187,2.94801410216914,2.94950987995546,2.92653600922226,2.92482468877784,2.93965867565514,2.93110423711082,2.93338930278324,2.93136637355248,2.91567818078484,2.93138725389241,2.92981232588941,2.94141486299949,2.9369382683262,2.94786516306471,2.95446392382842,2.93255639612018,2.93471265943394,2.92654091458456,2.91954508282271,2.92672548523404,2.92706221586024,2.93221014525003,2.92059129295433,2.92328234005192,2.91628953131454,2.9254121137661,2.93482202518391,2.95432793938591,2.91067557791657,2.91656370816757,2.95119525213455,2.91986907843188,2.94142052497575,2.94427953948839,2.92505470600779,2.9345830761249,2.93576329774813,2.94625145441799,2.94050041060702,2.93347165780277,2.94183027418762,2.91946175768196,2.92364442965242,2.90281903971352,2.92689372345222,2.95271769909318,2.93632647979537,2.93318816317906,2.90917157095676
"sub50_23",173628,2.89506970106956,2.90852840172053,2.91362808951653,2.89760281137973,2.89775930248425,2.88842476023952,2.90303082787756,2.92239883929499,2.90104661493303,2.89293768708759,2.91082406705319,2.89001240448289,2.90146983163696,2.89224071014845,2.90899474630508,2.90011340433065,2.88173615856435,2.91105026728549,2.89659556327724,2.91826428511317,2.91334168395092,2.2207147250483,2.89353199957992,2.89154815081615,2.89706253976976,2.88399597900571,2.91052899820151,2.89379536058119,2.89415438379318,2.89344306229702,2.88919055096649,2.91047718938926,2.9271527070042,2.92060336147768,2.93484845337501,2.88640946453421,2.92183710726316,2.8670303979096,2.90071230098057,2.88326371638994,2.87589291876884,2.90603283730569,2.89423308553283,2.89321490710197,2.91016648827149,2.89579457926551,2.9128745281275,2.90977035338376,2.92146623048053,2.90484324900136,2.92091685418393,2.85338253154497,2.88074589612711,2.92038216835782,2.90988461727265,2.90721094028664,2.91071759208107,2.90330730254184,2.89393131906424,2.90586217563937,2.88243468059134,2.86487241262897,2.92326753838083,2.90700709884601,2.90623761899427,2.88719536439806,2.93082379012194,2.90745942175549,2.89981090301567,2.90134720829805
"sub50_24",166816,2.8525732448065,2.85522098874034,2.84730999248424,2.83293124949272,2.83982605741421,2.85559359965005,2.85271304693636,2.8450888892424,2.8337306966502,2.83351889382657,2.84283017054143,2.837356001776,2.83978694824052,2.84169002365671,2.8259215366919,2.81890479390351,2.80865669834974,2.82848427320949,2.82526017047843,2.83248610507977,2.82651908154152,2.82239585571083,2.83114633617225,2.83374292512592,2.85319292669306,2.84179490297074,2.83379888826727,2.83051065144952,2.84211094083917,2.82888487404916,2.82568307490253,2.81779645117784,2.82800836583916,2.83994520463591,2.85458300571143,2.82970017090114,2.84242890712434,2.84687360776153,2.82811653935565,2.83454928217608,2.83458500636875,2.81617536482077,2.84228587227922,2.82224019560157,2.84376016492413,2.85076683864938,2.83547693149779,2.82134619713308,2.83262463408322,2.84755098617036,2.83051755681836,2.8433755101655,2.83366537239946,2.84132316259884,2.84026661336831,2.82363251114614,2.82496123812216,2.83598102745919,2.83955914612005,2.83835629245765,2.8201173606053,2.86934063930114,2.8204260559265,2.84015396658169,2.81963049563347,2.81638524024247,2.83739742460621,2.83584874260987,2.84313283815979,2.83108850822186
"sub50_25",200712,2.80571644280399,2.78535935067576,2.79006459180112,2.77145423905091,2.79168253026014,2.79479296602269,2.78788356615832,2.79986590172452,2.78291175049851,2.79525260719617,2.79373796627466,2.79259905068005,2.78611245217941,2.81524161160005,2.79490015777871,2.81062009694755,2.80697788118057,2.78816953837123,2.79440162288779,2.77678947792239,2.78458355193471,2.80035351713207,2.76729296075967,2.78696139993053,2.7993152838181,2.78942059629834,2.78878555325256,2.8195708673495,2.81198841511321,2.82847388432686,2.77807318691439,2.78811959296847,2.82124748800796,2.78458735900199,2.78269328602456,2.81752191540972,2.78716620539256,2.78264057802896,2.77590207417431,2.8003637438421,2.78384711971802,2.7999641443287,2.77285800971015,2.78339070869067,2.80010283370028,2.78306684901476,2.81573329407273,2.81147013976341,2.80376646699806,2.77582544520762,2.79133993893665,2.80518848736863,2.79575843857386,2.80247875772959,2.81541818369406,2.78157069492391,2.79524240252037,2.80365814474176,2.79635201655387,2.77616192726582,2.80371737926103,2.80819827578765,2.78128950100449,2.78225088204863,2.79434452660205,2.78634700568061,2.77615560051457,2.78962708792165,2.8106878425217,2.8017512739936
"sub50_26",168753,2.85194124450034,2.83012767474195,2.83466953376312,2.81806234655053,2.848413786082,2.85517407241833,2.82962489215656,2.85321341486668,2.85028144191389,2.83471398903763,2.87014094808624,2.84101628890713,2.84009256062783,2.86408366012951,2.86357125944506,2.86617007047527,2.84743047529078,2.83213258174884,2.85457329668886,2.85300790682545,2.83366801130219,2.85968893524925,2.85701295291419,2.874400128838,2.84054146709926,2.8292226755249,2.84859057252545,2.82511347299895,2.85937477341044,2.83688622058563,2.85594442298799,2.86017333937723,2.83377923680109,2.84594030443176,2.8517238407403,2.84477148702599,2.8403822627869,2.84801460901401,2.8468424051951,2.85315709459063,2.8347768729659,2.86805490011509,2.82293323269956,2.83771361302284,2.84410740302002,2.83945790162122,2.858973129157,2.8451699726501,2.85848800474036,2.87136381458667,2.85400911748717,2.85913226579896,2.84763526910163,2.84122760822258,2.84198664506468,2.84978855404919,2.84617198485213,2.81438300108374,2.85032373659436,2.85008889468655,2.844855950222,2.8614971381556,2.86642586935559,2.85583083197106,2.84137916050468,2.84657504890708,2.83709001262156,2.85802709624253,2.82863733128015,2.85501139887509
"sub50_27",167394,2.88613175120907,2.86841566653936,2.86911910318818,2.86108190825089,2.85969714551028,2.88328084106279,2.87367666910899,2.86190936347322,2.87801670749681,2.85032771672608,2.89213184436571,2.88398146896502,2.8895695800702,2.89172752395279,2.86296355504922,2.85871808062186,2.86088213533507,2.90109376874141,2.8793910765377,2.87011332048934,2.86347470529349,2.87141073407918,2.87829858677598,2.89812104433148,2.87077061786545,2.86894418611106,2.88592692431776,2.86034557624941,2.87430967797845,2.87336429568355,2.89122877784775,2.87121521454761,2.86770959926427,2.87468153383537,2.8747121691985,2.87489415721599,2.90042752609813,2.89345678816768,2.87119371582605,2.90740319827914,2.8808734713887,2.89016495448529,2.8827572420054,2.87484994836477,2.84947058058381,2.88531334285698,2.87315578353125,2.88094936135575,2.88713353368983,2.87918182707377,2.86385840109321,2.87525809542532,2.85499254190841,2.85707229029874,2.88236236672128,2.88325867463128,2.87936986089749,2.87023221270357,2.86343348149585,2.87490576699502,2.88310515162693,2.84845562131844,2.86567720428309,2.86272646278525,2.89185382172438,2.85625847637863,2.86013896569077,2.87558311281457,2.88030922754607,2.87558444573487
"sub50_28",178528,2.87342797102005,2.87354322660997,2.86629047948407,2.87486315030379,2.88648123396627,2.87225420346383,2.87741892242887,2.87750729620056,2.87376110341834,2.89847561607906,2.86932059145541,2.87468907107736,2.87355239943739,2.90655172244658,2.86464862475125,2.89953362379626,2.87315580768694,2.88690765389388,2.88620749169563,2.85417486997437,2.89335986930785,2.88210409620523,2.87326575437406,2.8687024963283,2.87687321084261,2.87535330979554,2.85925066003017,2.88437868043229,2.88437559986151,2.86947666368923,2.88084665480597,2.87960976309653,2.87280629931503,2.89698060303832,2.86469064200812,2.88671915789169,2.8456178944995,2.86601130873631,2.86781134592236,2.87954364979397,2.89002762564423,2.88698938873155,2.87731347149905,2.8802906379191,2.88079807123137,2.86632632541542,2.87015174171019,2.87115594852022,2.87574003398405,2.87116910485359,2.86957682005075,2.88172937411631,2.88044448652151,2.8624352895055,2.87611219893913,2.8559569536913,2.90015638515204,2.86882361330365,2.89421769391037,2.88108836608261,2.88445364744728,2.87604468433954,2.89060260322704,2.87997109936347,2.88556192813775,2.87506491667466,2.86731063701878,2.86729752301387,2.8926237732791,2.89804127042594
"sub50_29",172241,2.88114700817902,2.8760257811812,2.85929221285527,2.894803090096,2.87017548176811,2.91806152356428,2.86697024224549,2.86901825502778,2.87835648162837,2.88847126927911,2.88120423717874,2.88291542468071,2.89680634158529,2.87383329842952,2.89123162281658,2.89510248321667,2.88433842263363,2.88977829174407,2.21268152790318,2.88853382049906,2.90269989028567,2.89526899806708,2.87105016372692,2.86865416289647,2.88246061827632,2.90392482033323,2.87578129850972,2.88586171327273,2.90862486838497,2.88993352044054,2.86400936344331,2.89383346654008,2.87282891943063,2.88903357705611,2.89323358452729,2.88363815037751,2.87355540302519,2.87602951677465,2.88727324774205,2.22686019129129,2.89371128211828,2.89772410883743,2.86348373868232,2.87365664194385,2.88276824934536,2.8627659027526,2.87851367816516,2.89088987087814,2.86166774675312,2.89111772666904,2.88410255243248,2.90925256613526,2.8719018174188,2.85046251153875,2.874495757014,2.86591226023522,2.88174395013942,2.87011815566481,2.90942247055483,2.8810645533762,2.86721875539157,2.89322349632907,2.89388592807121,2.89192141828736,2.8720724216786,2.90504825238504,2.8864926820262,2.88530777833039,2.85362224484853,2.89538107852731
"sub50_3",170209,2.80771826157722,2.79558229499008,2.79866932283572,2.77471842429178,2.78696465349747,2.8347329170507,2.79335302293667,2.80187517460569,2.787360989832,2.80162994689951,2.8053529080365,2.8178817527024,2.79730207674758,2.80012618448706,2.80783080993413,2.82661724086514,2.81789459141731,2.80421757473721,2.79111929203367,2.81949411243688,2.79413645858134,2.79652507896655,2.81188083623879,2.7918013274424,2.79634839769046,2.79030177918746,2.80616135233518,2.79548198807744,2.81173140622894,2.80909653220508,2.76898209845918,2.80666381471072,2.80631462840751,2.80577666851543,2.80336245950756,2.80876829448206,2.81156203713255,2.81345752729462,2.79685471985753,2.80574203974758,2.83699327203273,2.77817266808405,2.78405123501317,2.8156601940718,2.81131718817621,2.80434158358682,2.79775900752497,2.78877396505597,2.80498765884257,2.81617410067618,2.79847978803652,2.78786007271063,2.79656675796617,2.81713259211891,2.83021287706786,2.79348834734282,2.81029962914001,2.80137229882979,2.79874516936963,2.81183648975718,2.81013274091355,2.78252650729718,2.81447082905317,2.79059572818827,2.14083495089286,2.8037789520014,2.79804792302696,2.78737764060137,2.80379333617797,2.79066248033505
"sub50_30",160607,2.82985651966248,2.84308547152553,2.84131505068637,2.86888136505654,2.83570207868962,2.88011432221597,2.83980457349777,2.85129859549882,2.85574417412664,2.84486667432916,2.83660048779616,2.84836423263003,2.84274725312069,2.84090629332584,2.83831709827197,2.86707218169558,2.85000297349879,2.85719965534605,2.87216081945531,2.83612624788973,2.83740226970389,2.87967100987589,2.8631421059156,2.86585363477435,2.82790122610315,2.85305071189799,2.84807912404871,2.83859478889336,2.85829409928653,2.8574734232088,2.85594566354031,2.83976649439906,2.82055671731519,2.85284085090433,2.84619843919857,2.82877996693523,2.8453391139907,2.82608773334228,2.87751302415163,2.83972361348286,2.84872445585208,2.85145133200397,2.84907142010898,2.8396865008541,2.85103103108981,2.84074425322724,2.86295115877865,2.83821699275901,2.88083988633519,2.87089899305536,2.84847079116887,2.85957935182165,2.84265895665157,2.84011829573856,2.86044082748193,2.86025448391297,2.8671601565269,2.83722456597728,2.85443633706519,2.84317785673002,2.85718210354445,2.84600582919544,2.86784552029528,2.87476056048448,2.85079040529248,2.85133479895629,2.85192328467935,2.84732307525146,2.83994274159812,2.87003258561076
"sub50_31",187329,2.83597402635626,2.8566257896185,2.84534068601385,2.8650967420313,2.83926149836923,2.84264502144637,2.85052747037894,2.85967369330133,2.85941433900421,2.84715040564154,2.82079056990279,2.85143154429002,2.85960870251371,2.8488340675939,2.85797985273154,2.82692645346969,2.84422704840819,2.84221275420595,2.83606400170265,2.83678969696371,2.84276103348639,2.8625098698663,2.84062054935803,2.84789555854666,2.85487464446269,2.83249776375468,2.81955250667032,2.84033496013671,2.86408799892345,2.84823158845583,2.84852200249867,2.87627139695376,2.84289455635312,2.85724075281498,2.86142965306379,2.84100936648802,2.85990835963192,2.86729981217539,2.86545021639781,2.82871266755541,2.85882190659031,2.8450878957699,2.84392987852426,2.83923063297718,2.83109708479694,2.8339337675647,2.8306541764155,2.83282631255827,2.84763714394341,2.8675011964969,2.8505059998561,2.83770457105031,2.85948703223554,2.8215591103324,2.85588762553471,2.85616132491955,2.84854103003784,2.83903228622195,2.83926946976441,2.82915584696812,2.85698263931526,2.84510299842736,2.86786070506878,2.85928551151805,2.8827190903117,2.84826284245526,2.84518675442102,2.86063103787141,2.83786546019253,2.82674969756408
"sub50_32",162092,2.82689713942148,2.82892924507331,2.81657756760651,2.81846708395255,2.82876383461401,2.81361806465154,2.83180478905025,2.82955380164965,2.82187882826911,2.82306323519683,2.82521306958312,2.82071721641223,2.79483420896087,2.81799433436648,2.83019681396386,2.8265692931701,2.83482561291175,2.81847184834072,2.79490745677471,2.83110646702765,2.82701273285639,2.82260488174022,2.82693311635633,2.80881905924936,2.82186857485952,2.80155046650964,2.82824936225846,2.82783608456227,2.82482203295861,2.80427958525905,2.83397477444729,2.82776067681646,2.79367279287097,2.84780042822551,2.81785811690388,2.80809678189964,2.80962378806284,2.80717395861583,2.82915145278321,2.84240293953193,2.82068096269626,2.81517181925882,2.81405577939131,2.81536370257755,2.8201004832373,2.83824948187109,2.83554299157708,2.83166640146312,2.83077708029105,2.79892848061711,2.82422093638138,2.82625957718627,2.80126180866413,2.80977235896787,2.81804913743416,2.82115462488047,2.79763278694584,2.80967444256348,2.8163574225879,2.81203898238961,2.81990069071545,2.81539732122746,2.80564185285668,2.82256695133616,2.83807764407491,2.81992010479128,2.8009220356783,2.82846397033139,2.81186642641572,2.80205874885057
"sub50_33",178883,2.87843058191493,2.90701401260373,2.92894337139101,2.90272147239196,2.90774825456104,2.92541729349639,2.88008055361973,2.89446235818513,2.87382467039863,2.87440626593339,2.89630655556608,2.89656889151382,2.91170223080944,2.92232498768451,2.90156603360897,2.89185397880987,2.89231404908698,2.88946955233823,2.9055124346193,2.90200132555173,2.88220792189266,2.92490401314187,2.91181118619564,2.91240646864078,2.88112356534545,2.90952197319396,2.90793850630493,2.89124930644123,2.88069452540211,2.89737019981094,2.8811595715484,2.88679860179786,2.92627432703908,2.88834814440629,2.88021902821502,2.91905451516149,2.88161844442538,2.89650976458383,2.88950383223742,2.89203666229722,2.89750162533199,2.929056437277,2.91325545049163,2.92802945305398,2.89945148655445,2.89406861852,2.88855075131702,2.88802299140911,2.89859058106634,2.90192424336249,2.89083994983216,2.90772847018283,2.89562287408397,2.8868142838871,2.90605722440678,2.91468733205957,2.89739062995834,2.94048068202025,2.93256519544656,2.90981121671857,2.90895694887759,2.90622870224978,2.93215502472055,2.912509619267,2.92130326243622,2.91569951118343,2.89757447667873,2.87830743531606,2.91843205859779,2.90097620770114
"sub50_34",182142,2.80623149812881,2.80591786798412,2.79836300582204,2.80270430166194,2.78881177264918,2.81148650853644,2.81060050293917,2.79036301792522,2.78417353755905,2.80096418798024,2.7937858455675,2.11251278596631,2.77640407483466,2.79274322610998,2.80693077461494,2.77574924681864,2.77743408166665,2.79251980264193,2.78578407289621,2.78938563682584,2.76512164175798,2.80195217454845,2.79197196320863,2.77478284922643,2.77134864033971,2.77551028140552,2.80364805923206,2.78533636538821,2.77995740836582,2.81034475802378,2.80110429000761,2.79573847659223,2.78530824423456,2.80731131921047,2.79695622907004,2.80558576641985,2.77709382596481,2.79967203136925,2.7991508765451,2.80617563146428,2.77988299279276,2.77740869858165,2.12559635095042,2.79082812031106,2.78257032122461,2.13892761382494,2.77694927161503,2.79231689051897,2.78061636795076,2.10534389819985,2.78850364528657,2.79890367259858,2.82390496247032,2.80656225423947,2.79954438889565,2.79112796327449,2.8181267308926,2.79611176715407,2.77507967344746,2.78253879468895,2.81968308511106,2.81314789085224,2.80806595016157,2.79876873267283,2.81080641089827,2.81290715645027,2.80129109490535,2.83021499832096,2.78525911765569,2.78603626451271
"sub50_35",193953,2.82997660159863,2.81254758403211,2.81572878659678,2.79233679799725,2.78497434995609,2.8115316885186,2.80001692502657,2.83412831087557,2.81348769005178,2.82140214620855,2.80725935508759,2.80053806057698,2.79110167992501,2.80327805321164,2.81923889054804,2.81381799545654,2.82863322761615,2.79340472816006,2.80406060750954,2.80767478500598,2.84761183990832,2.80303922550528,2.80225211825461,2.80371244942769,2.8091928161028,2.82173951654359,2.77081236604242,2.8231898168551,2.80695442118081,2.81627581196434,2.79816465966465,2.83414103277618,2.79776996550105,2.79262604451707,2.80404746504657,2.8141439479846,2.81226085784308,2.80951839844009,2.82081943427081,2.82631324595887,2.80590752995324,2.80946761862078,2.14212920417491,2.81313476332068,2.79974379810347,2.82905416674637,2.80615717825018,2.82330844798413,2.82302138991074,2.82838575583044,2.84094487230214,2.80366104557147,2.80349452963741,2.82266783803644,2.13544428760479,2.81274552824753,2.81157135499142,2.82678305425137,2.77879968455546,2.79977681722201,2.80027910175664,2.8381657613412,2.80777845412848,2.11513933255148,2.82415623229934,2.81018315144991,2.81114119399754,2.83613407939526,2.7886322217818,2.79647394759833
"sub50_36",174203,2.9041044367962,2.87576962565642,2.87385472679492,2.85423216058474,2.86146013931189,2.89143120019704,2.87657122209023,2.88002106953201,2.88225186738313,2.86318764863853,2.89838663239991,2.89209797004632,2.87039708231971,2.89585312661654,2.8977899429332,2.88796871109599,2.88348891381572,2.89415798004476,2.87391888238235,2.86538355351337,2.87994006924044,2.8752591714075,2.86390922396303,2.8826948138562,2.8795694425184,2.86748855235747,2.89259304278306,2.88967648607023,2.91278296990289,2.85111835048205,2.88798833358755,2.88268988299458,2.91249757239535,2.89164302863778,2.8842376759567,2.85714835918396,2.88824488568033,2.8403287876145,2.87910155847037,2.89342552816902,2.86456049522859,2.8728165930383,2.88018193724722,2.88337935862025,2.86526833505702,2.87474352439019,2.86717021457152,2.87476498982545,2.91823265840041,2.88684246704881,2.90550626563062,2.87251547428764,2.87297206072107,2.88889044769691,2.87591571164884,2.85268861309925,2.8842586621222,2.86944352272534,2.89111405785717,2.88915442171888,2.89220250191169,2.89835998913502,2.8569600146504,2.88302861618647,2.90012555585077,2.89570826062669,2.85318475194957,2.8750370213598,2.89149651693608,2.88534673202463
"sub50_37",188112,2.79067293356518,2.78856225568298,2.80074421613306,2.81089030649761,2.80103375393468,2.79160407722051,2.78706578055291,2.81025403240252,2.77031194215425,2.80951566874995,2.79532717250679,2.79731935279061,2.78390896119414,2.79185846699165,2.78021068601608,2.77456744891534,2.78884750464014,2.7929870784175,2.78833707212278,2.79625302343984,2.74929215946809,2.75910980559264,2.79574981304852,2.80070448597714,2.78168434351753,2.79596532825288,2.78645657191402,2.78005404152419,2.77128772454368,2.77331474854167,2.8077515676528,2.77699056361758,2.78690997992909,2.79637677865273,2.8235131216518,2.78948605093558,2.79813395440344,2.79586961731296,2.78037315038941,2.80412433317301,2.80683791733716,2.78582221016573,2.79684293922398,2.78294736950531,2.77990760826345,2.78432341626368,2.7622953139004,2.78920801695372,2.79694607744122,2.77597120546578,2.80094423905423,2.77480851119887,2.79533686201267,2.77753774016287,2.81244096019061,2.77659037654779,2.79254697578197,2.77824169455642,2.80210788378033,2.8086235832305,2.78269293793606,2.77572300228717,2.77900303037867,2.79856258798029,2.79686006356928,2.79372162471476,2.79259320097233,2.77323965404305,2.78432619876755,2.81449456461219
"sub50_38",172053,2.80963762161967,2.80702136415242,2.79526170803965,2.79697879204173,2.81123492560149,2.80081125527768,2.79637720839433,2.80242642964493,2.80686947154274,2.80373910982836,2.80947412001438,2.79029292888578,2.81571608444531,2.79659811842579,2.77716693656548,2.77698274438802,2.81314780523405,2.79756800254824,2.8061613937881,2.79770177573374,2.82426814127026,2.81301079926212,2.79768077090811,2.79988934480257,2.81251068096529,2.81052010820906,2.81751607083959,2.80542260777517,2.82093672447768,2.82274007749776,2.82627038500237,2.83393962648238,2.81517400861887,2.77498390044703,2.8209916119695,2.80769795387275,2.81864865136482,2.79275491364155,2.81090362909356,2.81341466633945,2.82971073933555,2.79860716823417,2.79174643741715,2.80772229019679,2.81395657604893,2.81007242327792,2.8198724724393,2.82640395165809,2.78564838453461,2.80315783286321,2.80835986604127,2.81810254210662,2.83051644324284,2.80423561769165,2.79954838840436,2.80307458225385,2.79762623733397,2.83301332822573,2.81244709920125,2.80244121832089,2.81922403910075,2.81906174441309,2.81694150673141,2.81209319451735,2.8076119602758,2.81019204408234,2.80306447978835,2.80818439909222,2.80232336833619,2.81247310316184
"sub50_39",201042,2.84659787327814,2.84630275272657,2.83551104320032,2.84022478414301,2.85455087325644,2.82477739066445,2.83614460898884,2.84999651337163,2.83061945237098,2.85042643596473,2.84845160644234,2.8545086612357,2.8367781026259,2.85415737903927,2.8486287962587,2.83864583573449,2.85272775217602,2.85881663801961,2.85645787313805,2.84224785263807,2.86841457221113,2.83057266429837,2.85003859112224,2.81732623492912,2.86528787691999,2.84485839776192,2.85991238664463,2.84626529141432,2.84676428657369,2.85474508410802,2.82819774074061,2.85377831386097,2.82564558090982,2.83179242564724,2.83321977775097,2.82752248986556,2.8369776867658,2.85209228113608,2.84289870433637,2.83450171694816,2.85177472705578,2.8398103075215,2.82441434744608,2.84921462869422,2.84673842280124,2.82042872823891,2.83352290053603,2.85366131182494,2.84144490902473,2.85699990027603,2.85832586376581,2.85827262756977,2.84693510465956,2.84739348030637,2.84614544272905,2.83509150767204,2.83273547827895,2.85763177081672,2.83459398947676,2.84395559021033,2.83696081426771,2.84429820226929,2.85893504003211,2.85096957410102,2.85960753806957,2.84194706899316,2.85263940726109,2.82853380344364,2.84764886586535,2.85379460935457
"sub50_4",144375,3.02941388189249,3.02046879480355,3.02444246031479,2.3334860256699,3.03153989485763,3.04709237891997,3.06090485734979,3.04024988325667,3.04243514638729,3.01897632899169,3.0473046336682,3.03934526915998,2.35100565253835,3.03567712673772,3.05522229184076,3.01509338990955,3.02902615001464,3.03840529365682,3.02959185534643,3.01804553039826,3.03608809917753,2.33750056550842,3.05175676359881,3.04449715810035,3.02243620224169,2.33991907489542,3.03709553058393,3.02599189924586,2.99864388979223,3.02885053617692,2.35535245744579,3.00356500580028,3.03377902038326,3.03296330010164,2.33553875798013,3.00893063865152,3.04375445299251,3.03261504052246,3.01873861321556,3.02925079779289,3.04033800781605,3.02067086024824,3.03426952715697,3.03950232636129,3.04278326286921,3.04089642107541,3.01049646361978,3.00801924113704,3.02375184716516,3.04051551829337,3.00283536256825,3.04415026614812,3.02252372327619,3.02607048654583,3.00292774970276,3.01175927234766,3.01441446773284,3.02272038265768,2.35814116399315,3.00953290140978,3.01717166023028,3.02330054085912,3.00922053122748,3.07279673768596,3.04467618632055,3.00884012451625,2.99130752476211,3.03537673074845,3.04813373541125,2.31413482602473
"sub50_40",171408,2.87430124049208,2.87802213870545,2.86375549660606,2.8875188412595,2.88151397425081,2.86649616141767,2.86865553308056,2.85451455763902,2.20700655277516,2.86610636760087,2.88341775766172,2.87360725535845,2.85152810505443,2.89373763240917,2.8702743272635,2.87314395074608,2.87163016789429,2.8590740709942,2.88927121504129,2.83948039583501,2.8791491822085,2.86902618879819,2.8778824826716,2.86528412401355,2.87290111386165,2.8854803833978,2.85955729773088,2.88702252041008,2.85605306331548,2.86364431550119,2.8499605442224,2.8862323396559,2.88443483555189,2.88090525052284,2.87746826500814,2.86931121158399,2.90751483049207,2.87148090484309,2.85500529648299,2.85271060133459,2.87924743580026,2.89692611708698,2.88319039110617,2.87988393127192,2.87044031214066,2.86469011873586,2.85195091326729,2.87196111792068,2.86628557861732,2.86766050458899,2.88110592337735,2.86765930247394,2.8777492001675,2.88960358903972,2.87124887834725,2.90474602385019,2.20472768874856,2.8705050337875,2.86585638639724,2.89583621297287,2.85828511618694,2.85195673047521,2.8740710487427,2.87614892105908,2.86576955175829,2.85606143318499,2.8901251530125,2.85847544033716,2.87949398179979,2.88204117789564
"sub50_41",183905,2.80366137302638,2.80053264954016,2.78844716402379,2.78358497678402,2.79603395700563,2.7878356359549,2.76976803200308,2.78822308372434,2.77127043650047,2.80073092380616,2.80910252634716,2.81787989139632,2.79297175481222,2.78006223221235,2.78863744450048,2.81475094397999,2.81319236129506,2.79616499810742,2.79406049493368,2.78446583258638,2.79184735724985,2.80731213690876,2.80263581855831,2.77765752019911,2.78782520978372,2.76954524214836,2.79936169628957,2.7940706876046,2.79558129630714,2.81001779728975,2.79678767253918,2.78645062897038,2.82523029088565,2.80459311017986,2.79414743747558,2.77237436843296,2.79546037114469,2.77800009695321,2.76332498666421,2.75377656910115,2.79714301746297,2.7897679456183,2.77527537267749,2.78411143811707,2.76348204744678,2.80125343175001,2.79244192804417,2.79393815419853,2.78122336079847,2.76521740150048,2.79694956002926,2.78579159326331,2.80476880848782,2.78138899509913,2.79988189144353,2.79149335046607,2.79230661885175,2.79540659430649,2.77566938466452,2.80270228473763,2.79140719983944,2.78699038558862,2.7736079102018,2.80540609650173,2.77884288281623,2.80584917830129,2.80566767207156,2.79326637479252,2.7913596535195,2.8036451943842
"sub50_42",177583,2.79572408610608,2.78687349277517,2.77114170986661,2.77231781024495,2.81048068620864,2.77968178815735,2.79810297543009,2.785184145737,2.79050933259693,2.80243448935097,2.79380010725666,2.75384229399901,2.7809888509056,2.7970506890261,2.77681627787132,2.79251666075242,2.77365013968897,2.77377842139165,2.76658154971364,2.75021435373191,2.79478978946192,2.79700415923768,2.77561834420318,2.80520110004701,2.79524282446249,2.7508361100696,2.78824150307565,2.78874978834938,2.80182561389914,2.77562259537444,2.78831857654399,2.8027793405971,2.77615901934182,2.78537005609844,2.77054269830048,2.77571340234638,2.75767611692312,2.80272382116841,2.80774508418283,2.8018570807469,2.75901268824221,3.42815632497495,2.77222947903886,2.78476963603089,2.81009077861154,2.80034673405349,2.76497139944913,2.79081940213957,2.75661063643108,2.79577933464894,2.7706418913501,2.78323413186015,2.80211927096423,2.77902840678787,2.76856763811107,2.7937347222732,2.81823633665725,2.76820597413467,2.79384926856903,2.75320845816393,2.77499099765371,2.81195623306662,2.77828040270382,2.79106315153033,2.79551092567014,2.76109196583332,2.77893187766921,2.77439248393042,2.76162203627859,2.78280868059002
"sub50_43",180378,2.88943847550404,2.89650391769948,2.88698120932979,2.90784745739665,2.88618094454172,2.88982912940105,2.89596847999331,2.89401587042421,2.88282149775527,2.8999365404404,2.88769347657718,2.87953675772313,2.87944229447687,2.90944142835205,2.87808317605445,2.8734597123359,2.87422215898992,2.89239911475421,2.87635681209615,2.90682712178425,2.87946904145015,2.88142885190091,2.86327183788179,2.88119661380762,2.89313993148176,2.87300199245255,2.85638667214055,2.89386176072521,2.90259122558272,2.88305225994211,2.87081290360372,2.90401680117895,2.88776843226241,2.87317416768642,2.88381404029612,2.8813425501073,2.9027253734038,2.90817528023645,2.8994138558238,2.90092602611673,2.89621684106139,2.87217397712646,2.89183036907603,2.9059842827613,2.860381685487,2.87707128093013,2.91043369518113,2.87319724597599,2.88279883644,2.89009264446977,2.89600610222077,2.84260642869947,2.89175576273928,2.87272991218929,2.87872923811878,2.89064420764283,2.87694690847702,2.9099972669036,2.8846291695341,2.8884852625153,2.88236630986414,2.88160935615055,2.89689562537967,2.88532561973276,2.89669485677336,2.88584426493257,2.89033203839993,2.88503090780674,2.89236968315492,2.86666692331484
"sub50_44",152090,3.03580836765061,3.0586822140426,3.05616047116421,2.39422302875299,3.03859753925738,3.09512620448462,3.08127695236672,3.05919450145204,3.06132765628652,3.07168240595204,3.08654402254445,3.04314744253429,3.08974950310611,2.39723708515884,3.06825632617878,3.05195200151117,3.06233079804353,3.06391293736173,3.07275949108304,3.06340619943727,3.07988783320702,3.05586351154083,3.04729541990547,3.06828495660237,3.05956814244492,3.05328897305818,3.05352850545024,3.08655639223481,2.40905427839781,2.39147970998209,3.07703798452789,3.06509513259638,3.07899856240568,3.07760281715664,3.06927136669252,3.09312157594198,3.09009968093007,3.0880312867078,3.06776143941116,3.06797164369701,3.06410328455891,3.06059425397215,3.06322558728077,3.09515443054092,3.07944305615784,3.08134471148168,3.07275460122519,3.04316996021424,3.06321588850786,3.07930699186082,3.05718629332394,3.07547924158182,3.06881065087948,3.08920883820662,3.09001475594018,3.08875613307755,3.06157597130323,2.39542536992271,3.0837300085634,3.05466972057743,3.09129405916785,3.02432988084442,3.06666660933809,3.08374406267106,3.06369218023516,3.07847761819329,3.05421574310539,3.05517384746785,3.06759255453998,2.38190851220367
"sub50_45",196375,2.93156680812164,2.94538229875184,2.91834364012188,2.92961417085602,2.94928741772033,2.9281509570382,2.94413017058314,2.93074840949771,2.94039779844339,2.93507417582626,2.9278129174385,2.9144679743607,2.95843841062894,2.9126054139312,2.92683908661853,2.94023291053024,2.9267898740759,2.9033895899457,2.93123440188324,2.92983150352954,2.92377244298266,2.94241419372478,2.91882571332912,2.91429547949779,2.9232551189485,2.94033860436626,2.91982218236415,2.94672909437925,2.92222556744546,2.9231327386671,2.91687189320087,2.94557857874695,2.92324579018911,2.92973128762569,2.92865377886229,2.92222080584217,2.92497114116107,2.91986038732206,2.94475037886257,2.92382228811516,2.93872198461171,2.92531523149959,2.94424481080462,2.94441042522424,2.91402029948679,2.93036121185274,2.92091161906052,2.93493034103611,2.94555340405716,2.92991097821712,2.92962634482312,2.92462326406218,2.95342098745665,2.94188390387814,2.92526576431249,2.93971564393312,2.935074760075,2.92870227593126,2.94418823650038,2.95818309505361,2.93232219167326,2.92092240062643,2.93829986569239,2.92631756214795,2.92152155456578,2.91055764031149,2.91189260770316,2.94589876493461,2.92823069027474,2.93704054929908
"sub50_46",178822,2.83430797926211,2.84940827551044,2.85886187882383,2.8550683149293,2.84001475835684,2.82260822533786,2.8483908773639,2.82669707639595,2.83288744502455,2.84820281168456,2.82666571065529,2.83971904536557,2.85819219425581,2.83462486101504,2.82904467431321,2.87637211661518,2.84209401005632,2.84769837791954,2.83785292006287,2.83989113877136,2.87361281840982,2.86295584902043,2.8406822868322,2.84104265557705,2.84869906285826,2.85760613226572,2.84654780745497,2.84992390194708,2.84137729407135,2.8444899021561,2.87020725327535,2.84848272129671,2.83879515752984,2.8391829299108,2.85049816468982,2.8595223134808,2.82725220346106,2.83916955475376,2.8384164466259,2.84004438808454,2.8512587518066,2.84449226497954,2.82210692335409,2.84553082317754,2.8398162851418,2.82896111951669,2.82674541026589,2.82244656557258,2.83880007583435,2.83702642468747,2.82282018334387,2.86041334246958,2.84452891682008,2.84641920068153,2.85092237406548,2.81409793129884,2.86684064270142,2.83929114645772,2.84740691861112,2.8476968365766,2.84285325300381,2.83903590973516,2.83716648778215,2.8381426066132,2.85388290916152,2.81662324868551,2.83353718599184,2.83653862868125,2.83807954383357,2.85975059095844
"sub50_47",180256,2.8702225973914,2.84403696372289,2.85968379445254,2.85795068934634,2.85430900184051,2.84240178354077,2.838612976094,2.8694767923414,2.85625923953009,2.84673536845909,2.8403565006453,2.83713021531472,2.85015028032076,2.86793147884011,2.84405700501564,2.84317357229196,2.84742527125551,2.83590392932281,2.84836021621967,2.85037581093897,2.82670196342533,2.85985329193166,2.84700639231478,2.81458421068092,2.84279431702025,2.85986773343015,2.84674475591586,2.825003600911,2.82133296006678,2.83733570485462,2.84521282047266,2.82974744534854,2.85769776610628,2.85990140942614,2.84832643120774,2.85909455054336,2.84376521530461,2.83294254974412,2.86557265536677,2.8522875393515,2.85223969533483,2.86266063831506,2.85839500924783,2.83882749588765,2.84395400202887,2.86045009379433,2.84552308671427,2.84947675333399,2.86618599909789,2.85095499050279,2.87530747911888,2.85454825641547,2.85685475474014,2.83844811370042,2.83203366199289,2.85099590788218,2.88345170899291,2.84954806817713,2.84742835718312,2.8421001061809,2.85050785635865,2.87031036391672,2.84985203801465,2.84538710882216,2.84994792807826,2.86357625937266,2.84747353188869,2.82983542841182,2.8504069783518,2.86016952802518
"sub50_48",141246,2.85010228844914,2.83028220895307,2.79359078234783,2.81677115545035,2.80346188704547,2.83555433168036,2.83216754450471,2.82820730871368,2.81989255869894,2.83259867950615,2.83959960262212,2.83124097756649,2.841699138277,2.82362768731354,2.8273511134893,2.83826169969453,2.82322136232143,2.84074286521839,2.80732747140239,2.83642389910326,2.82791575748218,2.82501091887409,2.84661518799226,2.81269679412497,2.83947501789705,2.82100275639515,2.83597413939287,2.82301059193715,2.82769995285146,2.83712026405271,2.8101924960934,2.8069970727478,2.81048782245029,2.81546882210608,2.84511190613053,2.82700139321925,2.82485756578888,2.82206203434215,2.84822311414745,2.81376474337635,2.83227198373167,2.80151010941565,2.83034590556152,2.81656225112615,2.81318188936401,2.82475124164837,2.80944818120794,2.79753383155071,2.80534954836555,2.81528824611999,2.82527545401339,2.81907423666317,2.84976871166579,2.82898830802961,2.81658643562487,2.82578162503511,2.82644539483371,2.84152448764034,2.82534624790881,2.8371371068348,2.83191697723399,2.83624738777973,2.8236150379895,2.82450515801833,2.83792352695868,2.8254666910705,2.84160993657397,2.84037264412193,2.83062793834597,2.83026288792302
"sub50_49",206958,2.80405833379715,2.81798621078981,2.80164849849786,2.82389473278956,2.86735204788445,2.8339597881507,2.83272806404761,2.82919459505738,2.82935496122303,2.81970568789785,2.83600077770308,2.82627005857273,2.8076929863222,2.83209553216771,2.82859668103598,2.82011334724586,2.82273377278625,2.81821486022321,2.83926174260022,2.8426616537262,2.82597860142105,2.83388953706581,2.84359691966652,2.82668892363969,2.81126281835854,2.8098936401891,2.83387159088384,2.80495747108231,2.82751195134838,2.81592937092977,2.8355244428859,2.82368647987257,2.83628170175528,2.8334902376036,2.81274065257109,2.82057020610715,2.81753793041707,2.83003693431984,2.85207689779261,2.83775405352717,2.7978185713596,2.82241514471052,2.84791869155265,2.84586769793833,2.81106960296405,2.79105237787451,2.83667583342456,2.8504347328975,2.8404544227342,2.8411840890522,2.83084309591652,2.84544885615785,2.83254369160826,2.8256377512287,2.82295535451144,2.82080871048019,2.86115313863442,2.78425961668702,2.85482785463154,2.82377068319974,2.82653942021323,2.8248913719677,2.82489168903791,2.82380126932353,2.85026431672629,2.81749090854297,2.84849078843635,2.81290648212368,2.79106767280052,2.83806750596831
"sub50_5",176981,2.82681499484412,2.83141092020487,2.8504167714253,2.81932180610104,2.83155257467061,2.81447639872418,2.8160654404021,2.80767969790802,2.82376038034459,2.81975414608598,2.8489429602793,2.79553508310333,2.8078665727726,2.82126246675971,2.79037655759437,2.81752664192662,2.82901921545124,2.82109488961725,2.81827916490538,2.81946790481969,2.79829303229932,2.81325560322526,2.81673899661304,2.80641344728945,2.83328940733822,2.79919217359996,2.79444266801583,2.80960200636431,2.82397201359949,2.80454160843038,2.83042375602872,2.80786785193532,2.79590723550582,2.80064886307163,2.79882658596429,2.81250287014809,2.805355509775,2.81946947657283,2.81477879035907,2.82987937651579,2.82487648038564,2.82085412163155,2.82935348445398,2.8356216867746,2.80560903014737,2.82814227178176,2.79425082142745,2.81839914799603,2.78923945469137,2.83242244998657,2.80324842378204,2.82114368277595,2.81579391065588,2.82119407962407,2.80501825061073,2.80453979226439,2.82066550537226,2.81264940456016,2.8149334946787,2.79604288174232,2.80965502571441,2.80437449771985,2.78835806892072,2.80534259982044,2.80982520521398,2.81388217942721,2.79088309037356,2.78566281878925,2.804750069672,2.81707977308005
"sub50_50",192715,2.86908557778796,2.8327116957335,2.85190157067042,2.85785776059667,2.18248366025398,2.87527107372162,2.87387411346639,2.84872844150308,2.87291072651593,2.86577573049742,2.85437377706734,2.84707967126631,2.8612424046143,2.85020642468757,2.8448875650178,2.84181635403311,2.84424327067266,2.84365418985946,2.83262172988545,2.8475926291259,2.86772838094315,2.88052561927878,2.84594808800254,2.83223968903731,2.8421482717336,2.8516231938353,2.86294088573652,2.84674096767179,2.85911477427042,2.83958653892543,2.87232126163583,2.84891063314897,2.84504911164199,2.85293905408061,2.85197775570613,2.85443874178402,2.85352180024462,2.88498420803536,2.83851661841043,2.87125634365648,2.87906687515505,2.84141899155715,2.87240321609107,2.83628440367418,2.84313357374557,2.85676465225224,2.87180122650676,2.85929004740209,2.83142114453607,2.8508402575853,2.83271989049172,2.85715042653118,2.87458113999702,2.84030597515932,2.85096122044413,2.82962907000014,2.85189913783265,2.83557058642139,2.86393305720874,2.82448602737466,2.83628639157573,2.85128960834612,2.86830995350075,2.87349431203502,2.8450234067357,2.84179516332374,2.83720924160961,2.847885521669,2.86818258538149,2.84186187678508
"sub50_51",200631,2.81536542373633,2.83674740851859,2.79454014086236,2.82388048198137,2.828009626618,2.81402105545132,2.82818942614556,2.84432930660968,2.79646818609152,2.83786409997079,2.82356265502646,2.83720989343406,2.81023540001055,2.84041948010518,2.82399744040507,2.81344750524984,2.81573810109309,2.81409938254675,2.80858103237685,2.82531174328649,2.80905352823924,2.81723469762043,2.81358929688868,2.80983242122664,2.82270472546772,2.81103412870992,2.80690622321725,2.8050256234376,2.81365662284523,2.83504332305692,2.80271256644291,2.82879459616584,2.78283393647038,2.80093630722274,2.82961629469787,2.83937993141788,2.82228927869762,2.83887970119378,2.78161308392076,2.82485575896628,2.8260899662422,2.80174381271458,2.79000454710681,2.82540992498591,2.81590928822101,2.82294085468803,2.77240305898098,2.81446211143887,2.83432046154801,2.82193380138127,2.8439246891231,2.80484785273536,2.81843730829697,2.80409862064874,2.79840525039674,2.82947638007816,2.81876176357175,2.82403776532716,2.80417342264758,2.8085871053095,2.82699766889218,2.84246872438205,2.83390970607941,2.78226798710956,2.81290115757358,2.8118464215726,2.80274470951129,2.8112366833712,2.81220572524299,2.8088320847191
"sub50_52",148734,2.93674282705351,2.95291162117418,2.93098642353069,2.91745080203755,2.92192624366231,2.90539039467752,2.92967639897081,2.9302149625563,2.91763454316035,2.92217276440468,2.9270744576003,2.92548691258918,2.92683057268979,2.92356309328633,2.9505859085093,2.94322164706321,2.930929223437,2.93439260408962,2.92756945101855,2.9166823000742,2.91584848295408,2.95127742847045,2.91287662442715,2.91240016239244,2.93152463555115,2.93149633682111,2.91594923149121,2.91148132156882,2.91587069366571,2.92950675424333,2.90936403799696,2.94604936570318,2.91238765199621,2.91891047700473,2.91426148679865,2.92755940045547,2.94211729503725,2.9193251239732,2.93129577062439,2.91904287248988,2.92400028394433,2.9402328985697,2.93939718852732,2.92125552884361,2.91615429306866,2.92563489451362,2.93019463683799,2.93223466281508,2.91562726345975,2.92503071646159,2.93181632947824,2.91979006037681,2.9438406616378,2.93059183622296,2.91745530314588,2.93451730162279,2.93974051039272,2.94102103467817,2.93842071096087,2.91923962006043,2.91283494520817,2.91899495847964,2.91885268815434,2.93633115148912,2.90163554322898,2.92740548406607,2.93788635517907,2.92138934052824,2.93920140379858,2.91553219135032
"sub50_53",73073,3.0426060535496,3.04724975197111,2.36351370029417,2.34760684693699,3.06033833330187,3.04868093201138,3.05484326911659,3.03855491990338,3.04245768463358,3.04664380950166,3.04927439614108,3.0397941165077,3.04399506960451,3.05207220217301,3.05651045139329,3.04482416359006,3.04873074984051,3.04517272945111,3.05496612509959,3.05766240771728,3.04122582152334,3.04234033958581,3.02510648017741,3.06377677172179,3.0546151755113,3.05348161543171,3.05515229095804,3.05053999238409,3.05157439972005,3.04086013689215,3.04454798798111,3.06290095233136,3.05872567836529,3.06338327793624,3.04573349957701,3.06740176589637,3.05551905279328,2.36051929302239,3.05310418701699,3.05391885722156,3.05049704297233,3.0551928467982,3.04245224949546,3.05755021785373,3.03527447109271,3.06416813837893,3.05157937799644,3.04302875675139,3.07897647961835,3.03532731945927,3.04533571925148,3.04883621410605,3.05060934952162,3.03746059963928,3.05654802971801,3.05627292005087,3.05497228839913,3.05602976525816,3.05567261404863,3.05502902722686,3.0374604956641,3.05688776259781,3.05690515767169,2.37240028315187,3.03797682827896,2.35496843977859,3.03434960706531,3.05097810489334,3.05130177291056,3.04077560063924
"sub50_54",156070,2.92275196090444,2.93747197567394,2.92691526512021,2.9323402496544,2.91803868211032,2.91453799345165,2.24303934508644,2.92512234686438,2.94059737716476,2.92543583257142,2.94396567891171,2.92944975339891,2.91851403348984,2.92469465586442,2.92288478566592,2.93165359992999,2.95047025847041,2.93535359248009,2.93993901317478,2.92319689497351,2.93030636269867,2.93699193586347,2.25960453575587,2.95157952791614,2.95161307495731,2.94249361300577,2.93222426388723,2.91393391254538,2.92016784618436,2.26095149746877,2.93360304384492,2.92441329561246,2.94939874892219,2.92140552813838,2.94723854213166,2.89678279261709,2.92088531854397,2.94125939563756,2.25688552802975,2.91937825274322,2.92126025425049,2.91628386179831,2.95876080557161,2.24869341496446,2.9367824306126,2.93204938842515,2.94732827320138,2.94455330606676,2.92213284679437,2.93902421627422,2.93796141798956,2.94982229818018,2.95810471408474,2.92010853618907,2.93298817385339,2.94216111161002,2.92612673971308,2.94384942740096,2.94756325988191,2.92977227936677,2.93086781453878,2.23503031658533,2.93597867629182,2.9218427123767,2.92679300741377,2.92724192898516,2.24975648001174,2.25974977626996,2.92784578833544,2.91196610683506
"sub50_55",175675,2.80109154077617,2.81079459140633,2.82067548180524,2.81754391549969,2.81149273459524,2.79414053613985,2.79729331824125,2.8083662515912,2.79874584225827,2.80407347436122,2.79590831374074,2.81544088160135,2.8025280463689,2.80641940570439,2.79302979580853,2.81783465677048,2.80964952364402,2.80418801894892,2.8118458130754,2.78575717708831,2.81494876158685,2.81765077391139,2.80670272685549,2.79640104025503,2.80202037117787,2.80894632909133,2.81239404194591,2.79982874196514,2.814647482216,2.80713157943895,2.81263107639794,2.77917785951145,2.80347679751124,2.80862792299683,2.8211555889827,2.78858962257577,2.80161481665996,2.81904813942123,2.80698316489884,2.8026232560825,2.81784157684182,2.81161062812149,2.79933814118077,2.79547277038259,2.78970176695687,2.81462630464601,2.82472922622399,2.78449192670874,2.79981562531301,2.79691518875522,2.82102940390064,2.82104030914014,2.80105208423534,2.80066470657791,2.82095400542056,2.79957483250441,2.81254814229184,2.80096879604856,2.8036028123398,2.82184544363151,2.80049259746369,2.79248849874594,2.82189124759907,2.81122147993406,2.81330706653739,2.7950524732405,2.79134673880005,2.81362572503923,2.7941346938098,2.79636940520116
"sub50_56",145500,2.81705375403386,2.83705946737585,2.83329797043082,2.82356105474622,2.82048988730461,2.82757680835078,2.80705052821634,2.83977798211539,2.82690435179407,2.82047266540875,2.80186768486782,2.82946761237187,2.8099492990355,2.82461625765355,2.79760584612529,2.81908047300441,2.84926053603879,2.82141479824899,2.82588319506807,2.81860989183652,2.82623581407229,2.832868419418,2.80865193437052,2.82447087907468,2.83958819122384,2.82395717690267,2.83425091237014,2.85052094128932,2.83137082334643,2.85529366204438,2.8417370493063,2.82129811140421,2.82693572262709,2.82487773990742,2.81617024588313,2.80068275025914,2.81800641779826,2.82230040768641,2.84061038694863,2.83694282469548,2.83252458931506,2.81402966257845,2.81827557716791,2.81201711086151,2.82843053381736,2.81817356558683,2.84061384022157,2.83397930442926,2.80172046218945,2.83271783123422,2.84818653059374,2.82750979417176,2.82123201711286,2.82420484377544,2.83518349876356,2.82904914521134,2.79745488726304,2.8045631428091,2.83508415718684,2.81009001107415,2.83914782685489,2.84109948859496,2.82200350132632,2.81583603547549,2.81197161704934,2.80983937874035,2.81947141444187,2.82054649373769,2.82202478911895,2.83007423487949
"sub50_57",194198,2.80233454121919,2.8091665965809,2.84863689450814,2.80388352665106,2.82253111976695,2.83754222051777,2.81746200824188,2.83319387230189,2.83410443645047,2.81698516589739,2.83152952397418,2.80608843752171,2.80991357489369,2.83372067071687,2.80063420062516,2.81745673341478,2.81147083883866,2.79468168574781,2.81820372884859,2.7807425846911,2.82561164985838,2.79542493135273,2.82363004566696,2.83872570269747,2.80097731708624,2.84218865163262,2.81004875731351,2.82499056856701,2.8064031444288,2.82834432985798,2.8295727769861,2.80071430204185,2.79221371597385,2.79976743213464,2.81978369180555,2.83713505491759,2.81202691720968,2.80556662756577,2.81463077296593,2.81245254417914,2.79608144174984,2.82847617167641,2.80635801772445,2.8131705106463,2.83459606633033,2.81414087719453,2.82206939934142,2.81770865478717,2.81827526483126,2.81067714590532,2.82448962921229,2.81442004918003,2.81203639421198,2.81650650358675,2.84288603777861,2.80163726981409,2.83009704912104,2.82318189984626,2.81048004136335,2.82111102824415,2.80922507150553,2.80670109240343,2.78768344923248,2.82190367953896,2.82641041965224,2.82171535451858,2.81828483487375,2.83705586257239,2.82194646169266,2.82028427880603
"sub50_58",189724,2.8404734073947,2.80858190165488,2.83704931089273,2.78996718448725,2.82197200959048,2.79166597936825,2.82912706345414,2.81318780063471,2.84156996886258,2.80546845872039,2.78923736359552,2.83356011016582,2.15147418512913,2.80914554463105,2.80812669883885,2.83068566861705,2.10969470014864,2.15219619443661,2.80202069977761,2.82271413688543,2.83987956202245,2.7884533014672,2.84357383575797,2.81912416305869,2.8322538169298,2.84277849179081,2.83459467203224,2.81854036529307,2.8338924778762,2.80971055416333,2.80755828566279,2.81992958330807,2.82971333362479,2.82247128328744,2.81066395798031,2.82070426568062,2.81485515496389,2.81506103700994,2.83159565581461,2.81059933127345,2.8593045727391,2.83109413844867,2.83296774637112,2.82251050505789,2.82887657965773,2.83826054316312,2.84149909054471,2.82015894152351,2.1582996310539,2.81477555430533,2.8188636027841,2.81591437108388,2.82083452040962,2.82262146560586,2.83936135395494,2.81413908098703,2.81064353938805,2.82994828753935,2.82558458672004,2.83821338603983,2.81482906449285,2.14524381158962,2.83573085737853,2.82380412569131,2.83942735584715,2.83222633639878,2.81879508260806,2.81545807720525,2.84123930332772,2.81357519786089
"sub50_59",182287,2.776633986133,2.77911192525968,2.78811938601484,2.79679541018876,2.78016161123662,2.78305032885649,2.78661085100541,2.77816436688303,2.78167906927879,2.78877036630346,2.75941782826493,2.78355914645845,2.76727122157826,2.79169585711893,2.78549524171539,2.80050751884487,2.79903510996646,2.76911103665999,2.78112172681345,2.77632176234987,2.76244354978525,2.79877864167125,2.77995923968177,2.73826616955102,2.7600407937943,2.78432085936653,2.76094130428235,2.77789999077881,2.76361649498206,2.79444507578152,2.77723760189023,2.78453149622615,2.79418291899805,2.78253832534066,2.75974791447215,2.79192855241101,2.78206591906404,2.74512042651975,2.79050528135217,2.78648847448184,2.79429388193849,2.76669100652655,2.77935157210812,2.79054226184424,2.77800570523305,2.7901497321828,2.77939414664912,2.78254899052983,2.77094268734673,2.80578192754233,2.77601841006353,2.78562059164556,2.77958645539809,2.78305611667304,2.78303758301993,2.79603763879786,2.78230523432106,2.76074548149215,2.77425669136828,2.77030742392499,2.77321885403331,2.81326483994862,2.78936342130414,2.78748313475903,2.79780797612299,2.81362497432259,2.09997065111819,2.76633943861619,2.77373955294414,2.7929108861174
"sub50_6",154062,2.89704885257677,2.86071546478774,2.88525613315964,2.87629267266792,2.90530360491513,2.88707986890772,2.88974479084051,2.87773821361086,2.86580667928757,2.88225731417336,2.87882428082244,2.87922885452085,2.86970091919535,2.86868490864781,2.84926797729332,2.86161864041714,2.85684012748841,2.89966201592924,2.88688148270772,2.8711260321641,2.86579114698185,2.87725721321554,2.86847891111558,2.86982861856,2.89198735125333,2.88224650825369,2.86791251713872,2.88197288250574,2.87817952260085,2.88145681563623,2.87343253373233,2.85639165964924,2.88615192223666,2.88403930141837,2.86824665203126,2.91111728515272,2.89655571101304,2.87536010127119,2.86655676692922,2.8617021792271,2.86404689867689,2.87721808793566,2.87998015708223,2.8937384753189,2.87831337507384,2.86553648292517,2.88341695409301,2.85547177950731,2.87474205404497,2.89108809607785,2.87418116387623,2.87455152683836,2.91113434840704,2.87480771751148,2.8640871799695,2.87041322694915,2.87808143113875,2.87305211792449,2.86559422144811,2.87781688077978,2.87661755560874,2.89136564483038,2.87786270983231,2.88042543823427,2.88143185266265,2.86153862988422,2.88534421632412,2.88125694743139,2.86594804158153,2.87505823839888
"sub50_60",164492,2.94523105315012,2.93076153371367,2.92452803769765,2.93475197417889,2.25675263384388,2.93479429690157,2.9365943882148,2.27173030855457,2.9330459704037,2.94476197876974,2.94699869675963,2.93354835418811,2.92117074067923,2.96762995940141,2.93235530548666,2.92686103426417,2.92229811362799,2.94509235794436,2.93938828252141,2.94666537165861,2.93365523084407,2.94907807943669,2.94016731098421,2.24358795784172,2.9348592889148,2.917312482799,2.93497913491155,2.93351277935123,2.92714105260471,2.91625803940275,2.95705357700993,2.96147375952331,2.91922491688047,2.91754407524887,2.92434399623422,2.95104026425111,2.93179475165189,2.92154517384612,2.96033150477759,2.93843412437728,2.94708624754845,2.94602380907771,2.94253231774619,2.95307832753507,2.91493371325952,2.93428432410973,2.93213355956532,2.94756048584839,2.92346581100179,2.92559853768795,2.93606674782283,2.94328106110112,2.93782181799293,2.93394773518798,2.91620732114654,2.93799273511923,2.94200384153819,2.91833246522972,2.92135069208713,2.92605608513885,2.91879715419838,2.94252079506703,2.23052602549594,2.94750745868083,2.93585447794818,2.93785183284402,2.90660415762324,2.2581483004723,2.95067642545847,2.93938325496263
"sub50_61",121379,2.95704800240126,2.96843469218953,2.99107327445966,2.97775415597193,2.97154731785768,2.98180336532969,2.99104220514883,2.99271765194673,2.97832239592872,2.98060488365871,2.96380283372495,2.99621546436482,2.98823543609453,2.99318644451056,2.98364891248656,2.96599007575867,2.97464177654661,2.94771848184495,2.98804754026742,2.96529623419859,2.97244656603548,2.96753163299241,3.00849044545926,2.95838722446924,2.98590872778005,2.95581367007223,2.9777453457798,2.96902836325067,2.97740894925338,2.96737900598254,2.95367317405117,2.98710645571041,2.99059565567022,2.97884821037505,2.99496728481387,2.99083294258839,2.98469332308319,2.95201437100381,2.98593746237975,2.99428399551188,2.96119332924324,2.96798470495864,2.99446717249495,2.97526167976144,2.9684359910619,2.98327454583549,2.97010293793075,2.9546118774679,2.98621294420264,2.98051085084406,2.97665143109405,2.9869468901982,2.97427648798279,2.97324344323077,2.98001165074776,2.97741995809938,2.96544840191114,2.98233606995528,2.97733474299461,2.9735481026531,2.99149174049425,2.97630971510618,2.99854937009872,2.96908602157033,2.95855602306039,2.95823322660813,2.98660413583879,2.9719474878144,2.9948112607336,2.96144576148013
"sub50_62",48957,3.21460839893363,3.18669854642896,2.5329835282771,3.19484181592505,3.19680306701101,3.19105304100608,2.53249449653481,3.20950950505562,3.19329561313446,3.20542093979954,3.22423544912325,3.2177475928321,3.21591771025941,3.2127126069538,3.20300603991424,3.22448807919443,3.21599814754983,3.2085533604109,3.20732632511408,3.20687347966158,3.18651918136339,2.53516085645937,3.22487418103313,3.19414510178676,3.21529882465884,3.22761194975101,3.216934430973,3.21444339841875,3.22326957293279,3.16415323176837,3.2126314012054,3.20152474458187,3.21079802883665,3.20219117535906,3.20191282577112,2.51307313550163,3.2060287282363,3.20794676899296,3.18724744031615,3.19432795225914,3.19873234348692,3.22504241499868,3.2104942021286,3.21499469582304,3.21699019269373,3.23786006379065,3.1903397293255,3.21459015793084,3.18815915689195,2.52489202089346,3.21955008836075,3.20730982709684,3.19578762121254,3.20538622133292,3.18611233097974,3.1984010106832,3.20645949047539,3.2078258493678,3.22207162838391,2.51901285570288,3.20038181966314,3.19578668780457,3.2087278085654,3.19600742666548,3.21208432102283,3.20544493534805,3.2278382670446,3.18275115157027,3.22253287780528,3.199605520241
"sub50_63",184856,2.84908922041819,2.85624730005383,2.83048036459614,2.8407132590262,2.83868604753462,2.87302846191114,2.83861849191567,2.83155856178207,2.83495781770378,2.83910037375746,2.82388996508446,2.84182192227922,2.84410842393882,2.83019151898623,2.82814811166748,2.84905255614361,2.84226923498555,2.86494822764091,2.83497146025189,2.84796487082148,2.84130235100568,2.8327309035588,2.84888499244085,2.83725397554104,2.84075452663337,2.16549076362889,2.82149828892402,2.84591958308707,2.82809658039455,2.84954266496164,2.84125545057219,2.85052320456015,2.81029828822991,2.8465560390456,2.8349114722985,2.8355036133792,2.83279496233139,2.80030996776565,2.84022344568972,2.84511589591421,2.83291541583582,2.81176058549371,2.8480434533999,2.83702077454037,2.82173640851607,2.82375539058583,2.83287733110737,2.85019283536792,2.84415414164048,2.84351537495871,2.85340906323577,2.85059808311802,2.84319302821212,2.85307937576735,2.85287046525339,2.8631209913012,2.84089982183216,2.85645720992847,2.84682241605791,2.81792395622165,2.85791220950531,2.85522877335068,2.83674529100692,2.83071165809327,2.83307104203748,2.86787180372089,2.82206480348788,2.82531271047903,2.85263530512429,2.85033307748369
"sub50_64",159846,3.46607450554325,2.8067095161998,2.79586619809678,2.81050801526643,2.7848190627362,2.776899403188,2.79426504799036,2.82519285664585,2.81793650791575,2.80337763494751,2.79620424707756,2.81958851238628,2.80458565945903,2.81126682629308,2.80309780757412,2.79763824523723,2.82610823565637,2.79406261306051,2.80261378524211,2.82169549466432,2.8055003846389,2.81642666816576,2.81979951890265,2.80517959553602,2.80725893700462,2.8154068830315,2.80401189699911,2.80630395835982,2.80575115795653,2.81889702511043,2.79601142674153,2.79638530961711,2.79067231543108,2.79927077812337,2.80532226134859,2.79968223615281,2.80993880011126,2.81074566315777,2.79920663751708,2.78897709764991,2.80055808971868,2.81614375725769,2.7981539488495,2.80429580208071,2.78217772580578,2.81596649849539,2.82562069181499,2.80225146173762,2.78945791085726,2.81321672332515,2.79549693480344,2.81555846510887,2.78984273946099,2.79300014851963,2.789747126269,2.80854794046516,2.80254312340416,2.795310575655,2.80179787122027,2.80846420115717,2.80397965373013,2.80407193986255,2.81472537126352,2.8041439129401,2.77332709574573,2.80837009970282,2.78642013412817,2.81393808288943,2.78897809290913,2.79911543363811
"sub50_65",190561,2.7222208370179,2.69904070041085,2.72136954906972,2.7165802216716,2.71431097720156,2.7183959353955,2.72709776520669,2.70316155043196,2.70185624149923,2.71785679805782,2.71948154915947,2.70612677952516,2.70118419552034,2.68661418230564,2.71072211618896,2.70877669207737,2.70780074501358,2.70485717694485,2.69776541091501,2.70879304806532,2.69477399699971,2.68882586873089,2.71696730414596,2.72215824488836,2.71909694438062,2.71444264004959,2.69501240877145,2.68965640687822,2.69756132026856,2.71152009314903,2.72881947744386,2.67782086173096,2.70864567650668,2.69083204962791,2.71599504043922,2.73449533146989,2.71734249313258,2.70310211945014,2.7145249288817,2.71506529887909,2.71212103309982,2.7132936807076,2.69215116135099,2.69516471563753,2.70763989002966,2.72724138345692,2.70364108798789,2.69585322202007,2.73562513174857,2.70105558874264,2.69704986059659,2.70121002413382,2.70058280281203,2.68770979733843,2.69264188118712,2.7240844378074,2.72630822997359,2.72713705858146,2.71735020444177,2.7269680997244,2.70972797948904,2.72339937729678,2.70802771659921,2.70952595308,2.71358414708783,2.71465297099609,2.71611018998928,2.71614288805392,2.71908937225763,2.69281380861389
"sub50_66",194951,2.77525212586617,2.12222383258149,2.77501754030548,2.79231343327384,2.81604681732877,2.78046646501238,2.78497964397524,2.79182205694555,2.76597791282915,2.77971527635575,2.80532165457405,2.77479934734323,2.75655126379757,2.78387799675559,2.78605470144491,2.80533591326217,2.77261103966495,2.7955711520226,2.77513796858709,2.77527682358118,2.79027187014955,2.75808492287577,2.7799064553501,2.76155483443301,2.81131575486077,2.80429441732775,2.7880372612383,2.74947378965467,2.79151178579642,2.79540669711597,2.81641492484388,2.78588456229091,2.78608376469702,2.77546143532139,2.78014119999742,2.75429805232934,2.78342087297947,2.78071618755419,2.78687121801293,2.76998644306342,2.77396830567161,2.1009674986239,2.77555719432709,2.79599024698752,2.79390802120871,2.78870375434778,2.76324239958683,2.77947375816134,2.76082159020798,2.79423662108867,2.08061805661987,2.78603988831769,2.76192996662813,2.77818212545539,2.79100118702499,2.79426195247824,2.75747055855535,2.78291835836685,2.77565530803248,2.77952142682497,2.77790341907466,2.77326107232952,2.81194954994703,2.79448952209744,2.77701081611879,2.79925157233598,2.76852188323861,2.76782294873139,2.76737999546322,2.79034160036484
"sub50_67",194915,2.78843227523379,2.79010761774829,2.78652059438706,2.7745010217737,2.77886865391205,2.761544577261,2.76689352660726,2.77280849634456,2.76087070599782,2.77710288681064,2.76819212174129,2.7843756471322,2.79301420096391,2.77053278874988,2.76647545306357,2.75886658370961,2.78952233816978,2.77058537276049,2.79746727439034,2.80232864079868,2.80603950028159,2.76924205938142,2.78530456521494,2.78930109508384,2.77609841591599,2.77853505701638,2.75453003853629,2.77874597086243,2.75323624767495,2.77906488273255,2.77771422526279,2.76364488212921,2.79715343653896,2.77536769471535,2.76818886335735,2.76446233116734,2.77494682136865,2.77312256918767,2.77511087082495,2.76932134779486,2.80639732326342,2.78076677815424,2.79362259189885,2.78818453091931,2.76388494992142,2.79639766266821,2.77781848134287,2.79250397555326,2.77309097442847,2.77553809481685,2.79644606651508,2.77228454544341,2.75047717117479,2.76624264631195,2.7546152833803,2.81259498201346,2.78528119418391,2.78441691842092,2.79829665677451,2.77139484783591,2.7728384012303,2.75911356502096,2.79263984486148,2.75141622744941,2.78076490887466,2.78881457556442,2.81186838894435,2.78096620588238,2.75890451660462,2.80195589617708
"sub50_68",180561,2.75658668330451,2.75701631134457,2.73088143542902,2.75731327887326,2.75877773679792,2.76852932242436,2.77873415035761,2.74331356673723,2.75873503984963,2.78170737126061,2.75164578311387,2.76892756350523,2.74491373682688,2.73990157302095,2.76411288869294,2.74637985166253,2.7643724226022,2.77074549614636,2.73966350142913,2.75820707567914,2.75932968153405,2.76336995117805,2.75873002012506,2.76066277059995,2.77828841841951,2.76219182004749,2.74450589833864,2.75874386654802,2.75618929717364,2.77504739179851,2.74160406364676,2.76555654283729,2.74977669652361,2.76550146653851,2.77134036606525,2.75799967064631,2.74418064183031,2.74381330861399,2.75463111631843,2.75470479475752,2.76831089178535,2.73984571407717,2.72319645412363,2.76576973393648,2.72896426903715,2.74954531080405,2.75386881676191,2.76453964720167,2.75595082995562,2.7766606994939,2.75233789612612,2.78699439798161,2.74664759182438,2.73968628646137,2.75475807770247,2.7653017094814,2.74309725167434,2.78373194159551,2.75411783899294,2.72225051598572,2.79827535217968,2.76765725815641,2.72865986947905,2.78899869806498,2.73592048803287,2.75675029577449,2.76386268780446,2.74643599403665,2.74308616213541,2.74868511139643
"sub50_69",150307,2.78107246971726,2.80442835233018,2.8049087651697,2.77628001073554,2.80030297942106,2.802588842282,2.81278485250609,2.7848059909239,2.79714560441848,2.81195268247146,2.81885148902838,2.80283216193087,2.78286927417954,2.81476762043025,2.80110560773771,2.79922058608207,2.79560713034361,2.77744313833352,2.80093675716099,2.77821746344712,2.77800568411284,2.77664850385526,2.77976948463975,2.80316117116781,2.81012180628914,2.8184280274291,2.77020911822028,2.81244003023386,2.77568455160038,2.78632355323234,2.8244698495474,2.79725891084651,2.78408382625947,2.79400124839097,2.80320385237089,2.7897832859335,2.79677004397668,2.79681305362178,2.77130623893685,2.77741968043607,2.81445315670795,2.81027090272068,2.79010081674088,2.78608425969281,2.81075756248105,2.78247453104391,2.77486044421614,2.79757279109228,2.78483869679835,2.80064837499315,2.81472135860339,2.77701256128513,2.79775614170324,2.79317625646261,2.78467010142799,2.78155290055138,2.78406638444922,2.78815586542558,2.80798248199614,2.76434164175076,2.77377634847827,2.79989080801844,2.79926254154451,2.82084203641451,2.79312802802964,2.7607780111286,2.78755015847949,2.81501173514965,2.81433139460285,2.79161491903883
"sub50_7",186194,2.81680913945066,2.82835513389522,2.83583733429937,2.84289949443475,2.83670242485793,2.82372241834723,2.85430212946541,2.84262658780029,2.8523109724925,2.83734246813527,2.83594669523593,2.8564743741368,2.84708422150926,2.81912907192508,2.85557195047724,2.81335666013629,2.84996583115181,2.82622558836342,2.83417071145898,2.83515572890355,2.8446562006938,2.85563296337089,2.85665806476828,2.84079396242275,2.81305035713636,2.8188991337104,2.83015989900762,2.84089242578231,2.85142964608423,2.84932704973823,2.84947727166349,2.8285011500601,2.82112535802038,2.82928927577251,2.84281098826151,2.82433972399696,2.84565389741188,2.86787873715572,2.83523189857163,2.82211381915987,2.84389452090478,2.83672804968849,2.84719251736645,2.84564880731897,2.84781009363407,2.82897180243489,2.83405889523031,2.81475512639978,2.82460865213889,2.82613165120376,2.84870521682137,2.83127127314841,2.83892364739121,2.86017191151795,2.84152648326135,2.84326237446681,2.82463368886877,2.84924569621386,2.82837646402449,2.84857138035482,2.82815692612173,2.84412678351795,2.82571080726651,2.84410234492312,2.85311443920911,2.84306026194136,2.84011935799762,2.82176830477655,2.82362049676097,2.84271337610667
"sub50_70",24627,2.87810231327689,2.90469301577157,2.8830582133768,2.87855516843694,2.86060519323222,2.88400909318072,2.85733999658374,2.85343844489367,2.86082049455801,2.86371054010972,2.86523211795975,2.85484909836937,2.86753632118693,2.87796636839035,2.85960956641952,2.84905745227047,2.19600747821777,2.88311370755754,2.87996944721302,2.90193129872533,2.880831804854,2.89619398360541,2.8694482888968,2.86339278042829,2.88689580883308,2.86819953536845,2.87423176705335,2.88046189478201,2.87977851611243,2.88296247944811,2.87728636485673,2.85983262791503,2.88072421965389,2.87160495030193,2.89867980960975,2.87871692927764,2.87760004191458,2.90705750416875,2.85101525520346,2.87106912120517,2.86487442112484,2.87077091671494,2.88361452293441,2.87236593792759,2.88160213930933,2.86813552932074,2.88605114408058,2.89841196816338,2.8958767329183,2.88627368127787,2.8902560644489,2.86969581841704,2.87678700264171,2.87262699069757,2.87757448338969,2.86612858516326,2.87850516286132,2.89518249596805,2.87175621060199,2.89357918635994,2.87110336585161,2.88767769534873,2.8750712200388,2.88515788479576,2.87462727042642,2.86444124186135,2.87437363858005,2.87898930132655,2.89011572624261,2.87206152936918
"sub50_71",61012,2.84692358017959,2.84063607885889,2.88381585700673,2.85487491128418,2.86275183013553,2.83775407850822,2.83600996456152,2.84089409285062,2.83638380226401,2.84624654877653,2.84048493054805,2.83669913123141,2.84487053884692,2.85318738631956,2.87764421431259,2.84354025831119,2.87938458432159,2.85571971556712,2.87538073103228,2.86973850438884,2.8561018920541,2.85905640723914,2.86955639961855,2.86274927467154,2.85698032530264,2.85794136924605,2.83825953125106,2.83586501169474,2.85022557123049,2.8414744285768,2.85720607724276,2.82776855853519,2.8279342104178,2.85757616741259,2.85286490848558,2.86780350126547,2.83383369486433,2.86188457589803,2.84602909513451,2.82953707010405,2.89389842583971,2.85492367103007,2.85129392579272,2.88769580572411,2.85289895929563,2.85770441568583,2.82377188517493,2.8406237903693,2.8611280187216,2.84237930354759,2.85725601243448,2.84837449462448,2.86980687879059,2.8587908045737,2.86102800092346,2.87796300653557,2.84552700693088,2.86234094425761,2.84992678424295,2.86719432222075,2.84465555662677,2.86470471396419,2.83820507486858,2.8745672957531,2.85140508190947,2.86372212764167,2.83658275094468,2.84990615465748,2.83770217413005,2.84551745314705
"sub50_72",185114,2.90574855228202,2.94307890294643,2.93582988977785,2.92318097005887,2.94073208495704,2.93221904433589,2.92442928236238,2.9059692956722,2.90125931907751,2.93356363068338,2.91599909243152,2.94822717419699,2.91867239362712,2.93674348463487,2.93790411851705,2.92248298176043,2.92164684368914,2.92576999430284,2.90208621761832,2.92778095475721,2.93348239267495,2.93154488945807,2.92002486204639,2.91746984716177,2.91771283989855,2.91859027707033,2.9195264808042,2.92710855301154,2.92101957434826,2.90334936440547,2.91230032129659,2.90305494078556,2.93261862405901,2.9158003856522,2.91049714934256,2.93274544009663,2.93520107460241,2.92247335246631,2.91627024886517,2.94164531652,2.91440295216955,2.93259402938595,2.91646419461272,2.92701629934615,2.92539882761396,2.92307534709477,2.9441249075759,2.93378402252176,2.92353216506954,2.92110967301042,2.91997628835046,2.90283967780625,2.93462468259181,2.92612330337519,2.91538325520968,2.91641466753601,2.90434925122681,2.91521529381207,2.93071749742327,2.90366349604966,2.93016765930956,2.91349597550415,2.90754709196057,2.92088477020458,2.93363834500142,2.90515295033604,2.93320078688323,2.91355635390011,2.91572939812959,2.91873693021516
"sub50_73",165703,2.14362406224232,2.84637244969901,2.8247717761856,2.83053672122105,2.80328276587403,2.18037310315809,2.84478474804113,2.82556997784289,2.83124362827148,2.84240624564036,2.82299597609906,2.83737075012736,2.78387286185892,2.8188400842849,2.82476089753142,2.81420453338112,2.8400433181212,2.81322509896137,2.82237042938829,2.14576506048059,2.79980301340605,2.82976768393929,2.83504496183087,2.82063649033129,2.83869747980861,2.82738264383164,2.81117969109941,2.82713225619651,2.83246331411041,2.82286336361143,2.80561851065768,2.81657765576146,2.84078652059187,2.80711104617436,2.8192312911318,2.83371608159283,2.81263987677624,2.81255747204873,2.82048911026196,2.80611244069858,2.82929815291099,2.823417815145,2.83235255266985,2.82804607616127,2.80567676267429,2.83881081121781,2.81982174871771,2.83242325474194,2.8267657814529,2.81139561211958,2.83314562413188,2.81320358124643,2.85735296615701,2.83956139339351,2.8252134607898,2.85252943116306,2.84341574550584,2.8332503479797,2.81615381429164,2.82286166423258,2.83540518709293,2.81053199098043,2.82471116293821,2.83663033924189,2.81233254030536,2.79980801064842,2.81846616258024,2.8475527121283,2.82539089839662,2.82688040367243
"sub50_74",185454,2.77813855832559,2.80475198904325,2.07483780717867,2.78777713952628,2.7881024371215,2.76551191327073,2.77746691043031,2.76684983168709,2.78407106720198,2.76768123532157,2.77427990822434,2.77858397740373,2.77554014050166,2.77425105938036,2.79371174118166,2.76763784474157,2.78997396221327,2.75259888933992,2.74006899932207,2.78011767468593,2.75869829184595,2.80886011842151,2.7756956299775,2.79433494418195,2.79947754539486,2.76818821392527,2.7886520635027,2.80059406567803,2.79282607998628,2.78039268839338,2.79283772750405,2.78918709974041,2.76675092799096,2.78744841637463,2.76323410342613,2.75647539957624,2.78667139698697,2.75082950942903,2.7745864448475,2.78444798278037,2.7878139996487,2.78354756201157,2.78709719564836,2.78416065753103,2.7810710420556,2.79002272091953,2.75251514496472,2.75800995608303,2.77159360723769,2.78650030006524,2.76861071749614,2.78777968222535,2.76968461233498,2.7676280040322,2.77739683025424,2.77791349686418,2.77904799718768,2.78634435793948,2.76375296787204,2.77776715637466,2.76014395560652,2.75877685003037,2.1078547792106,2.76267349205905,2.77723196398196,2.76990499528008,2.78553624451242,2.76450022692085,2.77690902447032,2.76613537906176
"sub50_75",206301,2.71642217701301,2.68722211163118,2.73599086440201,2.75137121041304,2.75413369106395,2.72501633621067,2.72867836522973,2.7571248165172,2.72618507650084,2.74332202145278,2.76253220396054,2.72585432453381,2.76002155672297,2.75445471704282,2.71356371604078,2.73824000792009,2.73257361860671,2.73969416847424,2.72230157941802,2.73773551096136,2.74839319398988,2.7266763649717,2.69843636666319,2.74369865134223,2.7314602625606,2.71130544652984,2.7346955522909,2.71663400340088,2.74463302572271,2.73805974016183,2.71233163974205,2.72656529412391,2.74277713108957,2.72914104484299,2.73719192525532,2.72903610535322,2.69672846396408,2.7535262817506,2.73965430561811,2.70375229049505,2.7284074813142,2.72405311676249,2.7207284990633,2.72598304736584,2.7433178832895,2.73413439296401,2.74381827922367,2.74328502135314,2.71431036048475,2.74198195034862,2.74002618548388,2.70067229693252,2.74272012284726,2.72937172526764,2.73063608152919,2.72574018917554,2.72963903075073,2.72289690066987,2.72982778793078,2.71769853981972,2.75907560649542,2.71772781885795,2.73049644307673,2.74253796875637,2.70976637174543,2.75588188906298,2.7610392357175,2.74902636663196,2.75012397793018,2.74188062977373
"sub50_76",196683,2.75911989823672,2.77308353070476,2.76859877032281,2.7534329531456,2.76565930589027,2.77738590625918,2.79540680069981,2.76290352226564,2.761416696922,2.7876116532243,2.78180059177576,2.78958755293204,2.79835565020701,2.76573490829981,2.78701189391262,2.77307782049052,2.77147051805214,2.77855479976622,2.77797298264723,2.76146202606254,2.797344603256,2.78451804796695,2.77850500576243,2.80569635478235,2.78956143493294,2.74262370768276,2.75270738536011,2.78558069561877,2.78958027439362,2.76895492461597,2.77148821101125,2.77468631947991,2.77096854683314,2.78442370107498,2.77367367510432,2.74648283804188,2.78975871350072,2.77092157536575,2.77865017655175,2.7960669309412,2.77701412967835,2.80548701702996,2.73785038011245,2.79263159902313,2.77306511240871,2.77081523928848,2.78576202052432,2.79138002459058,2.77451694337838,2.80328335800571,2.78701169353171,2.78865363174922,2.76668403671809,2.76384985328588,2.77759771334971,2.80943872512873,2.78048891689758,2.79999916626883,2.77939206241169,2.804681718936,2.78420831377229,2.76569741569615,2.76730140591427,2.76358865200973,2.75771155993315,2.79698597645078,2.77651359701583,2.79064692713361,2.77583798292192,2.78886229887907
"sub50_77",182980,2.71883881775384,2.04679658760273,2.72416957652816,2.7411225122741,2.72166158999093,2.73229276623948,2.72672278175062,2.7291555043878,2.73634678330092,2.74368366506354,2.7239243769864,2.73178778929494,2.74681993229928,2.74006560225845,2.72716492131042,2.70962922609308,2.73353038940238,2.7570656888409,2.7629975950131,2.7470646775552,2.72381571152852,2.74742595591116,2.7250259427387,2.74440662415358,2.71505584228687,2.72919532580159,2.73328364164215,2.72214642570293,2.71420639598481,2.72368791873236,2.72364445125586,2.71502356309633,2.72003514359842,2.72802824693115,2.74420351341492,2.73289733653138,2.7203475212073,2.72187525874325,2.72486694041801,2.71585009586917,2.04894752810025,2.7399189790586,2.72330067301509,2.74771151521391,2.72629667680279,2.71648478927008,2.72475130155371,2.74243118603673,2.7222216598629,2.73285149458249,2.72228622205679,2.72977574981346,2.72188388618347,2.70994876741838,2.73698110346184,2.74905058210875,2.76634056689444,2.73937636561147,2.73617804411066,2.73868014207796,2.72442235359213,2.73047790953475,2.7434377502844,2.7055912710262,2.71619049420737,2.75051222195623,2.72992897551315,2.72377388965929,2.73955727356825,2.74907692968641
"sub50_78",128427,2.82054189154789,2.81428471985325,2.81764101730071,2.85321333163247,2.82762916968514,2.84169158548601,2.82417755615403,2.83783389125075,2.83122978245902,2.81532188229408,2.83948723366342,2.83888821898794,2.83681118312528,2.84795472412008,2.84139208545407,2.83676425657869,2.84557890206529,2.83943002835591,2.84595878708979,2.82271623225498,2.85809332800603,2.8219676017538,2.84003927164706,2.83999347864853,2.84366166535486,2.85190450193052,2.82301369508741,2.83289362969446,2.8355914906676,2.84069443919592,2.85109898371661,2.85257034786467,2.83962623511915,2.82577818834506,2.84393526381484,2.81710471002047,2.83405372520731,2.83016340578116,2.85171043061257,2.83886272436132,2.85459477135535,2.84492309616968,2.86741447029087,2.85485062080993,2.84901943636216,2.83313136597052,2.85651900323633,2.85117396411872,2.84628108736903,2.84939411892186,2.84736520884989,2.85001805366351,2.83278714904458,2.8472740131908,2.82551472812265,2.83879560369934,2.82833133721561,2.82564686161057,2.85105903938399,2.84358290756601,2.8564372492967,2.85724102743609,2.81450018139107,2.84052530237467,2.85115252711649,2.82894582523532,2.8375258617204,2.85477000130225,2.87986727631921,2.84448503448818
"sub50_79",849,NA,NA,NA,NA,NA,NA,NA,NA,NA,NA,NA,NA,NA,NA,NA,NA,NA,NA,NA,NA,NA,NA,NA,NA,NA,NA,NA,NA,NA,NA,NA,NA,NA,NA,NA,NA,NA,NA,NA,NA,NA,NA,NA,NA,NA,NA,NA,NA,NA,NA,NA,NA,NA,NA,NA,NA,NA,NA,NA,NA,NA,NA,NA,NA,NA,NA,NA,NA,NA,NA
"sub50_8",187893,2.75573975086368,2.76628700871233,2.75708448442208,2.769258153265,2.79957712628318,2.76926588402545,2.76564860739957,2.78991285555592,2.7413570907755,2.76723831420583,2.76254886846176,2.7598106826047,2.79021862913373,2.77019572457603,2.74489633854207,2.75918483292402,2.76518170403584,2.7605872566437,2.77186317970993,2.75936741576138,2.77085289793519,2.76892924647355,2.75328120328934,2.76083346131834,2.76625415097561,2.757949843848,2.76762633143315,2.77440578457094,2.78549408426054,2.7612600298725,2.76789223446076,2.76543894814318,2.7890179358796,2.78577933743645,2.75814381692597,2.76287411407688,2.75722299974012,2.76971429601328,2.77705961144706,2.76434088706746,2.76977085341527,2.750519118414,2.76543571828962,2.76572062008259,2.74009094586091,2.76432387064153,2.78547996754497,2.75815372539364,2.77454287789177,2.78924875479441,2.80013415082835,2.78526958430241,2.75633207843092,2.76172352011797,2.79017249974362,2.78342830198307,2.76284632125977,2.75239098948228,2.76120302439022,2.78282257432878,2.73905420223935,2.75951039475384,2.74167494444583,2.78669069714588,2.76080957670303,2.76513071508678,2.78030989738616,2.78824961857254,2.75900452728534,2.77632388379627
"sub50_80",19089,2.98965833725216,2.97428033224789,2.96670905159167,2.96903149758747,2.98678790965434,2.95965992860789,2.95378116306068,2.96735038783886,2.9737063158588,2.95767822907233,2.97463379389387,2.98138312262036,2.97391892723769,2.95517206606097,2.97953044896782,2.96995879142558,2.97818310938514,3.01609716894882,2.98258497772776,2.97970138112791,2.97446798772605,2.96529544906271,2.98751025444756,2.98802442313334,2.97275209849163,2.97742086277847,2.98947985192479,2.95993322830339,2.94462795666335,2.98054199214257,2.98423909864723,2.96300028588455,2.97504562692697,2.96241542461641,2.96757140743352,2.95145267978018,2.97926210596773,2.96910791307861,2.99431348679031,2.2855659954373,2.99433928106019,2.99063716422128,2.9787808930538,2.96631281620373,2.97645264865099,2.97039405949862,2.963952707442,2.97454668236889,2.98969246507574,2.97501841445388,2.97042705539715,2.96661631205832,2.96443676663259,2.96990486848766,2.97794180967632,2.99427449158409,2.9766475456267,2.32455242996318,2.97831957224236,2.9564421922946,2.99019489074428,2.96951616530177,2.97709198535409,2.9734223242843,2.97382718458178,2.98173088107061,2.97254619757438,2.9975820245435,2.98619616339793,2.97170299171234
"sub50_9",167680,2.77828544947722,2.79594925613697,2.79220882017633,2.79839586827439,2.79406759382936,2.79425362933701,2.81863754914081,2.81266741861911,2.78354845587756,2.81228551706951,2.79915666453659,2.79824982933258,2.82201320978256,2.81578178673886,2.79303623401735,2.8102547206939,2.80178471746713,2.7956029424936,2.7973660774142,2.79985412280493,2.80624676279621,2.81408183893907,2.81088916760924,2.8231776704018,2.80740178554554,2.79836126178242,2.81933431130294,2.81116092117855,2.80486872677482,2.80468529129421,2.8087065289862,2.78166969765466,2.83220877430121,2.79773288558562,2.79927997294397,2.79489280284768,2.80073405761282,2.79465964496846,2.79588297138802,2.79764777415431,2.79655394401186,2.78850275578388,2.79019638098306,2.79227025585109,2.79058739251219,2.80025502101875,2.79536537749369,2.80890168539443,2.80298599060618,2.81053687798381,2.79942159147715,2.8206085780426,2.79194982583331,2.80394275469655,2.80429768016072,2.79428770381552,2.78731545953299,2.79179232706978,2.80095678033887,2.79304664219185,2.83618343960542,2.80326745206973,2.78880382794725,2.78195898054628,2.82231872220789,2.81740790273369,2.80877218599676,2.80693707035658,2.80069362381139,2.80378402826242
