"quad_id","n_pixels","manual_excluded","metric_method","pca_euclidean_mean","pca_euclidean_median","pca_euclidean_sd","rao_q_pca","rao_q_distance","alpha_hull_area","alpha_hull_method","alpha_hull_n_points","alpha_hull_alpha","pca_convex_hull_area","pca_hull_volume_3d","pca_hull_area_3d","pca_hull_3d_method","pca_hull_3d_n_points"
"sub50_1",175140,FALSE,"all_pixels",9.50709693038709,8.67661042508336,5.14406313429135,233.692252972607,"squared_euclidean_pc1_pc3",838.125967539002,"sampled_pixels",10000,1,1928.02448996959,18432.7860410253,4742.61821805174,"sampled_pixels",10000
"sub50_10",190670,FALSE,"all_pixels",9.30636395626182,8.45532708114871,5.17929670442351,226.866767500324,"squared_euclidean_pc1_pc3",808.522091791803,"sampled_pixels",10000,1,1680.8090870797,21948.3523229657,4858.68812655737,"sampled_pixels",10000
"sub50_11",176363,FALSE,"all_pixels",7.9308259044601,7.02872997224767,4.45490724007015,165.488171028174,"squared_euclidean_pc1_pc3",636.950594324078,"sampled_pixels",10000,1,1259.37929211163,13436.1739452488,3492.64393484036,"sampled_pixels",10000
"sub50_12",169495,FALSE,"all_pixels",10.546166099444,9.5583587013577,7.19944862596965,326.106748224298,"squared_euclidean_pc1_pc3",892.137060382378,"sampled_pixels",10000,1,4085.59799316248,50221.1761127008,10093.411500904,"sampled_pixels",10000
"sub50_13",203330,FALSE,"all_pixels",8.77967211621726,7.52397226497475,5.97835782217517,225.646457882248,"squared_euclidean_pc1_pc3",923.420604053424,"sampled_pixels",10000,1,2472.13173831579,33697.8390807014,7624.21990754822,"sampled_pixels",10000
"sub50_14",178478,FALSE,"all_pixels",7.17912230819552,6.54259453328872,4.01302348930981,135.288128820343,"squared_euclidean_pc1_pc3",595.486524775298,"sampled_pixels",10000,1,1554.05862006637,10315.6288869685,3033.45979947887,"sampled_pixels",10000
"sub50_15",172782,FALSE,"all_pixels",7.45379844498205,6.79754462476792,4.0518709719161,143.953349223956,"squared_euclidean_pc1_pc3",678.040868098998,"sampled_pixels",10000,1,1444.08027828473,11672.8421549363,3391.78536500577,"sampled_pixels",10000
"sub50_16",157562,FALSE,"all_pixels",7.61538736328586,6.98137803129393,4.13779806970795,150.230777788439,"squared_euclidean_pc1_pc3",614.830208960876,"sampled_pixels",10000,1,1388.93292408854,13421.7725031331,3915.07295609519,"sampled_pixels",10000
"sub50_17",170415,FALSE,"all_pixels",9.4951218088735,8.89237102636453,4.72734769282721,225.010046473223,"squared_euclidean_pc1_pc3",927.417094491109,"sampled_pixels",10000,1,1816.23431697896,18999.1242554146,4682.975847945,"sampled_pixels",10000
"sub50_18",175121,FALSE,"all_pixels",9.54647557127315,8.72673612395233,5.34780018937211,239.467998777225,"squared_euclidean_pc1_pc3",861.945109962049,"sampled_pixels",10000,1,2364.96652042062,24397.2835394496,5632.69416417017,"sampled_pixels",10000
"sub50_19",200918,FALSE,"all_pixels",11.2713195834184,10.1652199437965,6.23565635075574,331.851723495036,"squared_euclidean_pc1_pc3",1175.91763038573,"sampled_pixels",10000,1,2494.03070947693,36636.2095650157,7984.05724841545,"sampled_pixels",10000
"sub50_2",164543,FALSE,"all_pixels",8.16178411090156,7.4585651913912,4.42266305702714,172.349099029138,"squared_euclidean_pc1_pc3",647.299104134719,"sampled_pixels",10000,1,1451.83876517138,15120.8978039719,3835.12918770967,"sampled_pixels",10000
"sub50_20",181089,FALSE,"all_pixels",9.20020064894939,8.42288164395681,6.09978947571642,243.701836328197,"squared_euclidean_pc1_pc3",801.008785653374,"sampled_pixels",10000,1,4119.21644390432,45557.2354855666,10281.8830967455,"sampled_pixels",10000
"sub50_21",185088,FALSE,"all_pixels",8.27668521896421,7.59783828924324,4.54726224379587,178.362000820071,"squared_euclidean_pc1_pc3",733.264833366954,"sampled_pixels",10000,1,2059.74988099735,20163.8618901782,5129.25225986272,"sampled_pixels",10000
"sub50_22",159220,FALSE,"all_pixels",7.68721476621342,7.20219803550135,3.90182256196241,148.634789098845,"squared_euclidean_pc1_pc3",595.551936079027,"sampled_pixels",10000,1,1317.17301117809,13053.6554691795,3725.11333619625,"sampled_pixels",10000
"sub50_23",173628,FALSE,"all_pixels",7.84745692006551,7.2049962614148,4.26743567324294,159.586964904704,"squared_euclidean_pc1_pc3",706.732744580576,"sampled_pixels",10000,1,1670.20009958608,18259.8135208305,4896.2232641863,"sampled_pixels",10000
"sub50_24",166816,FALSE,"all_pixels",7.94024381850327,7.32685130387604,4.25410300718735,162.28951161178,"squared_euclidean_pc1_pc3",681.233049677094,"sampled_pixels",10000,1,2224.97114389119,14918.6674587244,3870.32105957008,"sampled_pixels",10000
"sub50_25",200712,FALSE,"all_pixels",7.94236349792311,7.10911316812228,4.47169190316932,166.154133569072,"squared_euclidean_pc1_pc3",708.990645526806,"sampled_pixels",10000,1,1635.0623053247,15203.2479874068,4153.19582589076,"sampled_pixels",10000
"sub50_26",168753,FALSE,"all_pixels",8.52316036223795,7.91754213384825,4.43495040458889,184.625862195792,"squared_euclidean_pc1_pc3",733.049521888119,"sampled_pixels",10000,1,1632.67918707983,15025.87709622,3756.19817873676,"sampled_pixels",10000
"sub50_27",167394,FALSE,"all_pixels",8.94509918320822,8.35316289509112,4.59057960120245,202.176189162542,"squared_euclidean_pc1_pc3",881.8422960172,"sampled_pixels",10000,1,1457.23127230961,13667.678541559,3789.74395259743,"sampled_pixels",10000
"sub50_28",178528,FALSE,"all_pixels",8.41276390924289,7.84250399040192,4.32368167325251,178.937430182326,"squared_euclidean_pc1_pc3",701.416577081561,"sampled_pixels",10000,1,1272.4472674618,14587.1683589971,3854.0613639504,"sampled_pixels",10000
"sub50_29",172241,FALSE,"all_pixels",9.49572356869832,8.65847140693712,5.51909494764316,241.257996573248,"squared_euclidean_pc1_pc3",844.651046698898,"sampled_pixels",10000,1,2666.16507177073,38466.2888695151,7435.22579155968,"sampled_pixels",10000
"sub50_3",170209,FALSE,"all_pixels",8.19251150768189,7.33764558821303,4.62872122805289,177.084358271028,"squared_euclidean_pc1_pc3",686.229891345176,"sampled_pixels",10000,1,1383.06876318854,16813.5077504535,4142.83213190892,"sampled_pixels",10000
"sub50_30",160607,FALSE,"all_pixels",7.96429970282513,7.23090405094708,5.03647999970593,177.592085209445,"squared_euclidean_pc1_pc3",648.296751213856,"sampled_pixels",10000,1,2788.37975086768,31689.1067687173,7261.27741146235,"sampled_pixels",10000
"sub50_31",187329,FALSE,"all_pixels",9.79071311139164,8.8081422559217,5.47090747926583,251.577464198921,"squared_euclidean_pc1_pc3",929.082896216486,"sampled_pixels",10000,1,2227.92290370828,19763.3832718371,5162.94333570809,"sampled_pixels",10000
"sub50_32",162092,FALSE,"all_pixels",8.13749802015088,7.50464133858126,4.37210446357558,170.668107079371,"squared_euclidean_pc1_pc3",722.302058445482,"sampled_pixels",10000,1,1536.92763629826,13199.0256700027,3677.62267205916,"sampled_pixels",10000
"sub50_33",178883,FALSE,"all_pixels",8.99384850631011,7.50020132598411,6.69637364744178,251.460960612068,"squared_euclidean_pc1_pc3",859.896477083511,"sampled_pixels",10000,1,3449.38522925996,38941.119744636,10057.8852281447,"sampled_pixels",10000
"sub50_34",182142,FALSE,"all_pixels",8.07654387486587,6.98585244490058,5.04398037508697,181.344318612217,"squared_euclidean_pc1_pc3",735.711724018573,"sampled_pixels",10000,1,2380.77181016107,26054.0961417941,6571.8401310344,"sampled_pixels",10000
"sub50_35",193953,FALSE,"all_pixels",8.71605791318978,7.8455743500503,4.95106088449371,200.965086083465,"squared_euclidean_pc1_pc3",792.290794544755,"sampled_pixels",10000,1,2581.70373504659,21278.2602451626,5510.51186981185,"sampled_pixels",10000
"sub50_36",174203,FALSE,"all_pixels",9.26729870498548,8.60453001267391,4.79780260383139,217.803205948666,"squared_euclidean_pc1_pc3",792.649015221292,"sampled_pixels",10000,1,2178.45560777646,23184.6912091211,5760.40856689998,"sampled_pixels",10000
"sub50_37",188112,FALSE,"all_pixels",7.67998985016128,6.94538541704738,4.31160884620868,155.144232234671,"squared_euclidean_pc1_pc3",633.604000584347,"sampled_pixels",10000,1,1731.50837028408,22008.5277827201,4954.37142409878,"sampled_pixels",10000
"sub50_38",172053,FALSE,"all_pixels",8.19114983010264,7.62315727833427,4.21196401327241,169.670946553609,"squared_euclidean_pc1_pc3",627.043640755838,"sampled_pixels",10000,1,1608.64258170873,17298.7145095989,4196.12477670607,"sampled_pixels",10000
"sub50_39",201042,FALSE,"all_pixels",9.74770200001624,8.97837254083403,5.12365210520947,242.538749195197,"squared_euclidean_pc1_pc3",889.934761404478,"sampled_pixels",10000,1,1843.59671772276,23556.5326512667,5070.74080185786,"sampled_pixels",10000
"sub50_4",144375,FALSE,"all_pixels",9.54714494913814,8.19587096378585,8.76582693014707,335.974332451929,"squared_euclidean_pc1_pc3",704.085166554205,"sampled_pixels",10000,1,4155.30484203523,43954.8068316224,9379.60781993374,"sampled_pixels",10000
"sub50_40",171408,FALSE,"all_pixels",8.35468334834966,7.43694937332253,5.27209621095241,195.19114030356,"squared_euclidean_pc1_pc3",693.426487633832,"sampled_pixels",10000,1,3426.72738736799,29630.1135387231,8144.43700776587,"sampled_pixels",10000
"sub50_41",183905,FALSE,"all_pixels",7.45467983819401,6.72365607138884,4.2594810157421,147.430662716553,"squared_euclidean_pc1_pc3",583.466798079118,"sampled_pixels",10000,1,1702.82013271727,11940.4578250673,4090.21471542303,"sampled_pixels",10000
"sub50_42",177583,FALSE,"all_pixels",7.36881845255225,6.66969453808185,4.05990910790497,141.564509066664,"squared_euclidean_pc1_pc3",537.90830984249,"sampled_pixels",10000,1,1567.81514319577,12253.4924663382,3446.58809038716,"sampled_pixels",10000
"sub50_43",180378,FALSE,"all_pixels",9.50787144425239,8.74169305357134,5.19314649662014,234.736480846523,"squared_euclidean_pc1_pc3",818.99178861154,"sampled_pixels",10000,1,2819.81173636625,29724.3111672085,6649.61183596007,"sampled_pixels",10000
"sub50_44",152090,FALSE,"all_pixels",9.41301037365591,8.02741365326987,7.75415739257402,297.462651650722,"squared_euclidean_pc1_pc3",787.054369198194,"sampled_pixels",10000,1,3415.18860054884,36774.6774569267,8378.58176299262,"sampled_pixels",10000
"sub50_45",196375,FALSE,"all_pixels",10.4262179092773,9.14412732631869,5.99051371457568,289.18418342551,"squared_euclidean_pc1_pc3",1115.17765462715,"sampled_pixels",10000,1,2448.04374909587,29809.9196407576,6723.12081346895,"sampled_pixels",10000
"sub50_46",178822,FALSE,"all_pixels",8.44881417953666,7.79428144104344,4.5105044215655,183.453994813807,"squared_euclidean_pc1_pc3",747.032833402404,"sampled_pixels",10000,1,1644.09796725913,13712.3942802634,3574.50232203786,"sampled_pixels",10000
"sub50_47",180256,FALSE,"all_pixels",8.95975823846277,8.00114211727471,5.07259775339118,212.016745822106,"squared_euclidean_pc1_pc3",827.63554313818,"sampled_pixels",10000,1,2203.00909116291,19833.0566144553,5081.38878144118,"sampled_pixels",10000
"sub50_48",141246,FALSE,"all_pixels",8.19969755091105,7.44674433925127,4.57829169396961,176.391292725122,"squared_euclidean_pc1_pc3",667.78745238426,"sampled_pixels",10000,1,1743.32159938544,16128.700783417,4497.48505318542,"sampled_pixels",10000
"sub50_49",206958,FALSE,"all_pixels",8.70893981480661,7.52202598419315,5.69081645394455,216.461736254982,"squared_euclidean_pc1_pc3",809.908438878047,"sampled_pixels",10000,1,2862.62891091705,27872.7049021552,7659.19450740564,"sampled_pixels",10000
"sub50_5",176981,FALSE,"all_pixels",8.34992517688133,7.50665048229816,4.71260332300246,183.859510107068,"squared_euclidean_pc1_pc3",730.241002440256,"sampled_pixels",10000,1,1662.15818067878,14903.2340805046,4253.61697224761,"sampled_pixels",10000
"sub50_50",192715,FALSE,"all_pixels",8.06160528526247,7.3143906141175,4.38550243263412,168.4440231274,"squared_euclidean_pc1_pc3",688.805571690684,"sampled_pixels",10000,1,1591.55679127179,14403.9343300047,3974.36881259992,"sampled_pixels",10000
"sub50_51",200631,FALSE,"all_pixels",8.64989995457275,7.74388964142732,4.81124307481178,195.937427545509,"squared_euclidean_pc1_pc3",791.09558662289,"sampled_pixels",10000,1,2004.02082989462,20707.236897502,5212.99233245982,"sampled_pixels",10000
"sub50_52",148734,FALSE,"all_pixels",6.78860824444591,6.20721388995432,3.75108033950735,120.311422015056,"squared_euclidean_pc1_pc3",550.382163640991,"sampled_pixels",10000,1,1285.01863741603,9615.69199769765,3100.11309880441,"sampled_pixels",10000
"sub50_53",NA,TRUE,"manual_excluded",NA,NA,NA,NA,"squared_euclidean_pc1_pc3",NA,"manual_excluded",NA,1,NA,NA,NA,"manual_excluded",NA
"sub50_54",156070,FALSE,"all_pixels",8.90607938009587,7.90457584975894,5.10611050194228,210.780894654067,"squared_euclidean_pc1_pc3",881.277362906487,"sampled_pixels",10000,1,1924.66905897828,21456.8042427285,4902.33691806998,"sampled_pixels",10000
"sub50_55",175675,FALSE,"all_pixels",8.50972996080597,7.95166116651915,4.22561484665385,180.542446393766,"squared_euclidean_pc1_pc3",710.966080044197,"sampled_pixels",10000,1,1356.5624757558,12367.1516263296,3391.41064656596,"sampled_pixels",10000
"sub50_56",145500,FALSE,"all_pixels",8.28125135210263,7.62311335700733,4.28519449805724,173.883779274878,"squared_euclidean_pc1_pc3",684.839043644228,"sampled_pixels",10000,1,1597.90308050147,14449.4402635899,3880.08207897043,"sampled_pixels",10000
"sub50_57",194198,FALSE,"all_pixels",8.63447255746615,7.75051194217362,5.03636960819069,199.838009123461,"squared_euclidean_pc1_pc3",730.655342462845,"sampled_pixels",10000,1,2305.599752426,20745.6503462011,5116.23974318908,"sampled_pixels",10000
"sub50_58",189724,FALSE,"all_pixels",8.68510602861454,7.80531422429735,4.85990960884838,198.099327289111,"squared_euclidean_pc1_pc3",710.537938497567,"sampled_pixels",10000,1,3934.61697754847,30730.5388243142,7211.18181075931,"sampled_pixels",10000
"sub50_59",182287,FALSE,"all_pixels",7.70928342122102,6.84155172580193,4.55050643075033,160.280092097646,"squared_euclidean_pc1_pc3",663.688962911453,"sampled_pixels",10000,1,1904.51180245045,15842.1398634373,4121.42235003173,"sampled_pixels",10000
"sub50_6",154062,FALSE,"all_pixels",7.74816935538322,7.11922944136459,4.18923787025562,155.167456759927,"squared_euclidean_pc1_pc3",651.819270589639,"sampled_pixels",10000,1,1537.7866330129,15471.933661869,4013.78547842779,"sampled_pixels",10000
"sub50_60",164492,FALSE,"all_pixels",9.56047367529016,8.84703952828452,5.05670558237585,233.945545585617,"squared_euclidean_pc1_pc3",772.115142921148,"sampled_pixels",10000,1,2207.04159709482,20724.5519742935,5874.48999900148,"sampled_pixels",10000
"sub50_61",121379,FALSE,"all_pixels",7.53923347461518,6.6286928511558,4.65688165607111,157.05281895076,"squared_euclidean_pc1_pc3",619.234760806462,"sampled_pixels",10000,1,1321.28771344627,8433.0254886322,3016.98703487958,"sampled_pixels",10000
"sub50_62",NA,TRUE,"manual_excluded",NA,NA,NA,NA,"squared_euclidean_pc1_pc3",NA,"manual_excluded",NA,1,NA,NA,NA,"manual_excluded",NA
"sub50_63",184856,FALSE,"all_pixels",8.60107429169193,7.48849658212875,5.38576659142316,205.969607669124,"squared_euclidean_pc1_pc3",842.553289577977,"sampled_pixels",10000,1,2505.78951818849,20219.3520470818,5929.26683010679,"sampled_pixels",10000
"sub50_64",159846,FALSE,"all_pixels",7.44132187897534,6.84530502091811,4.05823117756646,143.684817130339,"squared_euclidean_pc1_pc3",660.860401473738,"sampled_pixels",10000,1,1322.92653744243,9808.00744198986,2885.05335404818,"sampled_pixels",10000
"sub50_65",190561,FALSE,"all_pixels",8.27813210076682,7.45818203424909,4.45008074582207,176.66117160291,"squared_euclidean_pc1_pc3",633.765736627807,"sampled_pixels",10000,1,1209.82742237619,10779.9116581024,3195.93079681697,"sampled_pixels",10000
"sub50_66",194951,FALSE,"all_pixels",8.47325912583344,7.61728986259079,4.62747284743758,186.41903065369,"squared_euclidean_pc1_pc3",711.714312550698,"sampled_pixels",10000,1,1768.63903889309,17558.9037067089,5061.70542781263,"sampled_pixels",10000
"sub50_67",194915,FALSE,"all_pixels",8.34285686228557,7.48374778552501,4.768974161502,184.692516990882,"squared_euclidean_pc1_pc3",672.98614904933,"sampled_pixels",10000,1,2585.16040418613,25597.5122165093,6457.85535240614,"sampled_pixels",10000
"sub50_68",180561,FALSE,"all_pixels",7.94410095196495,7.31678531824717,4.09933733345479,159.826426879655,"squared_euclidean_pc1_pc3",618.264740118353,"sampled_pixels",10000,1,1318.84628182958,10952.473877893,3394.1676288004,"sampled_pixels",10000
"sub50_69",150307,FALSE,"all_pixels",7.49972836137089,6.93183688838322,3.8530705789808,142.183959217519,"squared_euclidean_pc1_pc3",642.553518524932,"sampled_pixels",10000,1,1372.58457262209,10824.7576566567,3230.22562556249,"sampled_pixels",10000
"sub50_7",186194,FALSE,"all_pixels",9.68731766597006,8.8519237049192,5.39930257165201,245.992870502536,"squared_euclidean_pc1_pc3",816.789734932608,"sampled_pixels",10000,1,2117.52274278946,23587.2350911245,5657.23220036887,"sampled_pixels",10000
"sub50_70",NA,TRUE,"manual_excluded",NA,NA,NA,NA,"squared_euclidean_pc1_pc3",NA,"manual_excluded",NA,1,NA,NA,NA,"manual_excluded",NA
"sub50_71",NA,TRUE,"manual_excluded",NA,NA,NA,NA,"squared_euclidean_pc1_pc3",NA,"manual_excluded",NA,1,NA,NA,NA,"manual_excluded",NA
"sub50_72",185114,FALSE,"all_pixels",8.50691976400216,7.29645137814643,5.68504886273501,209.374579697852,"squared_euclidean_pc1_pc3",826.321854222498,"sampled_pixels",10000,1,3021.38237471918,20131.1648408625,5642.65114493686,"sampled_pixels",10000
"sub50_73",165703,FALSE,"all_pixels",8.24243558801335,7.48662960499943,4.53052931870956,176.926632919684,"squared_euclidean_pc1_pc3",684.833420342328,"sampled_pixels",10000,1,1758.52188311573,18974.7983697879,4584.47919929202,"sampled_pixels",10000
"sub50_74",185454,FALSE,"all_pixels",8.08894332808424,7.20917088058417,4.53867899866523,172.061000282488,"squared_euclidean_pc1_pc3",649.923306258455,"sampled_pixels",10000,1,2216.69355039018,16898.1497974697,4578.98020940155,"sampled_pixels",10000
"sub50_75",206301,FALSE,"all_pixels",8.56895946284063,7.55091381466871,4.83371179825033,193.583445537247,"squared_euclidean_pc1_pc3",668.776494241735,"sampled_pixels",10000,1,1718.61962055616,15239.4434321809,4362.88094219743,"sampled_pixels",10000
"sub50_76",196683,FALSE,"all_pixels",8.57261340142993,7.78123243407344,4.66235529877231,190.454293883189,"squared_euclidean_pc1_pc3",706.365235841332,"sampled_pixels",10000,1,1950.99129185368,14948.9569159266,3895.82068069436,"sampled_pixels",10000
"sub50_77",182980,FALSE,"all_pixels",8.29923715609536,7.64270406098668,4.31876348583141,175.057906973135,"squared_euclidean_pc1_pc3",685.165974344692,"sampled_pixels",10000,1,1957.69945646494,15846.3255617504,4316.27139906249,"sampled_pixels",10000
"sub50_78",128427,FALSE,"all_pixels",7.88926678681552,7.3886092289908,3.84035950295837,153.977553414072,"squared_euclidean_pc1_pc3",654.412785824379,"sampled_pixels",10000,1,1076.7012610086,10052.6198508485,3141.41156918778,"sampled_pixels",10000
"sub50_79",NA,TRUE,"manual_excluded",NA,NA,NA,NA,"squared_euclidean_pc1_pc3",NA,"manual_excluded",NA,1,NA,NA,NA,"manual_excluded",NA
"sub50_8",187893,FALSE,"all_pixels",8.64390684821231,7.80155393228832,4.8502919736059,196.484665247582,"squared_euclidean_pc1_pc3",775.618990430092,"sampled_pixels",10000,1,2409.46411416997,20672.9101000699,5211.603793226,"sampled_pixels",10000
"sub50_80",NA,TRUE,"manual_excluded",NA,NA,NA,NA,"squared_euclidean_pc1_pc3",NA,"manual_excluded",NA,1,NA,NA,NA,"manual_excluded",NA
"sub50_9",167680,FALSE,"all_pixels",8.61616792044562,7.89144532818862,4.62663916543653,191.288023883784,"squared_euclidean_pc1_pc3",724.342861029185,"sampled_pixels",10000,1,1257.30813698794,13913.580599194,3678.53631530142,"sampled_pixels",10000
