"scale","sv_measure","sv_label","diversity_measure","diversity_label","analysis_set_all","n_all","edge_n_all","pearson_r_all","r_squared_all","slope_all","intercept_all","f_statistic_all","f_p_value_all","spearman_r_all","spearman_p_value_all","analysis_set_non_edge","n_non_edge","edge_n_non_edge","pearson_r_non_edge","r_squared_non_edge","slope_non_edge","intercept_non_edge","f_statistic_non_edge","f_p_value_non_edge","spearman_r_non_edge","spearman_p_value_non_edge","analysis_set_edge_only","n_edge_only","edge_n_edge_only","pearson_r_edge_only","r_squared_edge_only","slope_edge_only","intercept_edge_only","f_statistic_edge_only","f_p_value_edge_only","spearman_r_edge_only","spearman_p_value_edge_only","delta_r_non_edge_minus_all","delta_r2_non_edge_minus_all","delta_r_edge_only_minus_non_edge","delta_r_edge_only_minus_all"
"10m","spec_sa","SA entropy","phy_faith","Faith's PD","all_quads",1903,316,0.0984630163355496,0.0096949655858947,4.71118184298528e-05,2.82195929357693,18.610558301049,1.68556074363552e-05,0.10993924288962,1.52944524665134e-06,"non_edge",1587,0,0.0875995444186255,0.00767368018235074,4.24779635554608e-05,2.82580300154111,12.2568381449975,0.000476401134187001,0.105513155562563,2.53349619824489e-05,"edge_only",316,316,0.135505161055084,0.0183616486725642,6.19210805721915e-05,2.80764423207565,5.87340304643617,0.0159361749661048,0.128667973767804,0.0221547125548665,-0.0108634719169241,-0.00202128540354396,0.0479056166364581,0.037042144719534
"10m","spec_sa","SA entropy","phy_rao","Phylogenetic Rao's Q","all_quads",1903,316,0.114930106581778,0.0132089293988989,0.000176967149048412,2.82001219374461,25.4462930760116,4.98181405718525e-07,0.110663370336387,1.30357011051382e-06,"non_edge",1587,0,0.105989646078021,0.0112338050757441,0.000163317080901104,2.82354349410813,18.007878036747,2.32734738026838e-05,0.108476313469592,1.48589468640758e-05,"edge_only",316,316,0.147666929601723,0.0218055220980002,0.000232894396169863,2.8050084046298,6.99956306588149,0.00856338544078894,0.119558092992576,0.033627131129141,-0.00894046050375728,-0.00197512432315476,0.0416772835237022,0.032736823019945
"10m","spec_sa","SA entropy","phy_afaith","Abundance-weighted Faith's PD","all_quads",1903,316,0.10617909668071,0.0112740005719316,6.34504654589337e-05,2.82581820996801,21.6762531779679,3.45093269139258e-06,0.0829534479728978,0.00029168193444167,"non_edge",1587,0,0.102273725582468,0.010459914944518,6.0375437998497e-05,2.82853410922995,16.7542128282065,4.46896925882916e-05,0.080207594993004,0.00138442362616153,"edge_only",316,316,0.111411734742436,0.0124125746383189,7.42250838846755e-05,2.81388715918589,3.94653509789752,0.0478369147084928,0.0892316643943845,0.113400915879927,-0.00390537109824211,-0.000814085627413618,0.00913800915996776,0.00523263806172565
"10m","spec_sa","SA entropy","sp_shannon","Shannon diversity","all_quads",1903,316,-0.0274933393631774,0.000755883709338843,-0.00742722290753878,2.85095017551173,1.43802190878767,0.230609156430813,0.0053549939214677,0.815411088777306,"non_edge",1587,0,-0.0507673896721853,0.0025773278541275,-0.0139120802612676,2.85967871576848,4.09562040534274,0.0431619427554727,-0.0187670822656616,0.455000706656527,"edge_only",316,316,0.116283440340938,0.0135218384975245,0.0285468094592224,2.8036506730975,4.30405603886452,0.038835913622244,0.129381586891165,0.0214198925705729,-0.0232740503090078,0.00182144414478866,0.167050830013123,0.143776779704116
"10m","spec_spca_mean","Std PCA mean distance","phy_faith","Faith's PD","all_quads",1744,304,0.119174997265763,0.0142026799732946,0.000956582242081546,6.40327685231647,25.0975205662041,6.0029464994735e-07,0.151222302688669,2.1921899501865e-10,"non_edge",1440,0,0.0982220687150151,0.00964757478265715,0.000809093708892816,6.5078295140242,14.0083592307217,0.00018916870593969,0.144701888506324,3.48120083088408e-08,"edge_only",304,304,0.212454011189269,0.04513670687041,0.00150794564981255,6.01842123326967,14.2756408932497,0.000190198703673805,0.174597731944878,0.00224929148551098,-0.0209529285507477,-0.00455510519063742,0.114231942474254,0.0932790139235061
"10m","spec_spca_mean","Std PCA mean distance","phy_rao","Phylogenetic Rao's Q","all_quads",1744,304,0.140069370440033,0.0196194285354673,0.0035859506184836,6.36292636923665,34.8609973550668,4.24748911836947e-09,0.150817761532645,2.45068718448253e-10,"non_edge",1440,0,0.121493803793462,0.0147607443602043,0.00314475431272626,6.45813601769888,21.5439552052665,3.77321199060584e-06,0.142236424641148,5.94704878311151e-08,"edge_only",304,304,0.232048275058317,0.0538464019575401,0.00568544891005325,5.95319269647005,17.1870755708392,4.40522338228973e-05,0.187007486398964,0.00105250157621827,-0.0185755666465709,-0.00485868417526293,0.110554471264854,0.0919789046182833
"10m","spec_spca_mean","Std PCA mean distance","phy_afaith","Abundance-weighted Faith's PD","all_quads",1744,304,0.122298147232418,0.0149568368164822,0.00121749786192934,6.49904492597628,26.4504244160293,3.00872765899466e-07,0.141681513445298,2.80619269684847e-09,"non_edge",1440,0,0.106069053295596,0.011250644067024,0.00105301792677073,6.58554545225595,16.3625150006947,5.508719925567e-05,0.128883786130511,9.24672471748464e-07,"edge_only",304,304,0.21499391066012,0.0462223816209318,0.00222216624046256,6.06372100404496,14.6356540356281,0.000158493382629576,0.205436574718732,0.000311328849182074,-0.016229093936822,-0.00370619274945821,0.108924857364524,0.0926957634277021
"10m","spec_spca_mean","Std PCA mean distance","sp_shannon","Shannon diversity","all_quads",1744,304,-0.0318964474482305,0.00101738335981773,-0.147457978707211,6.99121376421016,1.77408673912975,0.183051356191664,0.00131225684884877,0.956327925628965,"non_edge",1440,0,-0.049228105391578,0.00242340636044431,-0.233774424299518,7.12664494149054,3.49332409013806,0.0618198885935638,-0.0263425459018747,0.317826376057773,"edge_only",304,304,0.0682747138153485,0.00466143654656774,0.264449287236939,6.35357807060227,1.41434672457491,0.235270355175617,0.135933647106876,0.0177238503399975,-0.0173316579433475,0.00140602300062658,0.117502819206927,0.100171161263579
"10m","spec_spca_med","Std PCA median distance","phy_faith","Faith's PD","all_quads",1744,304,0.159507459388687,0.0254426296006336,0.00106647386652527,5.52971232875639,45.4781443458184,2.09296704063647e-11,0.18102274663548,2.58986088567463e-14,"non_edge",1440,0,0.141243855964727,0.0199498268477845,0.000980770372262846,5.6029585617502,29.2718187221405,7.35908333434928e-08,0.173902306445467,3.05108955400853e-11,"edge_only",304,304,0.24234315793375,0.0587302061973027,0.00128538597320405,5.28722108071593,18.8431865001537,1.93867658134683e-05,0.210016790472718,0.000226116499641237,-0.0182636034239601,-0.00549280275284911,0.101099301969024,0.0828356985450636
"10m","spec_spca_med","Std PCA median distance","phy_rao","Phylogenetic Rao's Q","all_quads",1744,304,0.18280196113636,0.0334165569952994,0.00389828902189699,5.49803397695719,60.224125197982,1.43192902446609e-14,0.179429692391525,4.38019017755968e-14,"non_edge",1440,0,0.167226099397236,0.0279645683196142,0.00364875477991992,5.56510906610328,41.3699418076642,1.71077079344856e-10,0.172723189208249,4.15778435823927e-11,"edge_only",304,304,0.258676039893438,0.0669132936149516,0.00473614140453662,5.24449441699617,21.6569527070043,4.88652138582335e-06,0.209224070436325,0.000239102398714961,-0.0155758617391244,-0.00545198867568517,0.0914499404962021,0.0758740787570777
"10m","spec_spca_med","Std PCA median distance","phy_afaith","Abundance-weighted Faith's PD","all_quads",1744,304,0.159062213668665,0.0253007878171759,0.00131900793430849,5.64728584167928,45.2180240084707,2.38219889730294e-11,0.159307656663917,2.21824056591599e-11,"non_edge",1440,0,0.146098926365354,0.0213448962851091,0.00122264991413391,5.71268761728823,31.3634095826766,2.55974561104003e-08,0.149951618334928,1.07988999083439e-08,"edge_only",304,304,0.229588655670975,0.0527109508128054,0.00177330260070483,5.35596291595839,16.8044876683901,5.33083060559461e-05,0.208693906491598,0.000248172238445734,-0.0129632873033106,-0.00395589153206677,0.0834897293056207,0.0705264420023102
"10m","spec_spca_med","Std PCA median distance","sp_shannon","Shannon diversity","all_quads",1744,304,-0.01062774139185,0.000112948887092041,-0.040925971333971,6.06023273564505,0.196779187304543,0.657388340078715,0.0167945156670124,0.48336159581085,"non_edge",1440,0,-0.031093059675446,0.000966778359980844,-0.124467326141484,6.19178484803929,1.39157262395163,0.238334819919013,-0.0138230751160431,0.600196233397851,"edge_only",304,304,0.123504616385805,0.0152533902686049,0.357476702663495,5.44110799230913,4.67787734996639,0.0313380392835544,0.170143760899972,0.00291972153172678,-0.020465318283596,0.000853829472888803,0.154597676061251,0.134132357777655
"10m","spec_spca_sd","Std PCA distance SD","phy_faith","Faith's PD","all_quads",1744,304,-0.0112769962387952,0.000127170644169801,-9.50343319292081e-05,4.27710451524013,0.221559438000246,0.637913196083151,0.0370228151728462,0.122215829845922,"non_edge",1440,0,-0.0322278618363683,0.00103863507854404,-0.000273567389926439,4.37246263256197,1.49511011675988,0.221625644244691,0.04001933100781,0.129035542966496,"edge_only",304,304,0.0969546553613336,0.00940020519623498,0.00082584359181994,3.85834078640571,2.86580108753741,0.091511908094979,0.02682368225429,0.641327159019783,-0.0209508655975731,0.000911464434374241,0.129182517197702,0.108231651600129
"10m","spec_spca_sd","Std PCA distance SD","phy_rao","Phylogenetic Rao's Q","all_quads",1744,304,-4.77074264899019e-05,2.27599854228939e-09,-1.28232185608597e-06,4.23369158000388,3.96478946969398e-06,0.998411498925371,0.0383193942208576,0.10966403141728,"non_edge",1440,0,-0.0200108781000548,0.000400435242335252,-0.000533754838155845,4.31665101262688,0.57605655182302,0.447986578400975,0.0344513414806437,0.19135231786586,"edge_only",304,304,0.114852083367323,0.0131910010538146,0.00337702034445715,3.7918496239941,4.03693351246916,0.0454041717543472,0.0537656454290815,0.35017490711398,-0.0199631706735649,0.000400432966336709,0.134862961467378,0.114899790793813
"10m","spec_spca_sd","Std PCA distance SD","phy_afaith","Abundance-weighted Faith's PD","all_quads",1744,304,-0.0038079119017347,1.45001930513728e-05,-3.9800190281271e-05,4.24473088988271,0.0252597025660549,0.873740073902984,0.0627937668102387,0.00871456284492172,"non_edge",1440,0,-0.0238401319152552,0.000568351889736771,-0.000243892706187703,4.31382780815908,0.817754789921672,0.365988900634486,0.0441808727182877,0.0937560850673278,"edge_only",304,304,0.125400170532182,0.0157252027695003,0.00155545301015671,3.79880077448159,4.82488350788987,0.028811540861082,0.163502592709659,0.00425944254221621,-0.0200322200135205,0.000553851696685399,0.149240302447437,0.129208082433917
"10m","spec_spca_sd","Std PCA distance SD","sp_shannon","Shannon diversity","all_quads",1744,304,-0.0764754105181272,0.00584848841391608,-0.371191228584338,4.60918023894491,10.2480021388165,0.00139299601812246,-0.034980256382188,0.144230201487697,"non_edge",1440,0,-0.0823316058548746,0.00677849332264242,-0.402896548596444,4.65239342382156,9.81399751458081,0.00176683242233125,-0.0415149435711079,0.115327520444279,"edge_only",304,304,-0.0465319903535752,0.00216522612626521,-0.216293029908218,4.40231995681777,0.655317200054644,0.418855375943082,-0.0044716785858753,0.938109988473787,-0.0058561953367474,0.000930004908726341,0.0357996155012994,0.029943420164552
"10m","spec_spca_rao","Std PCA Rao's Q","phy_faith","Faith's PD","all_quads",1744,304,0.0258519896003669,0.000668325366297476,0.0168222046537969,135.596648953038,1.16500138806962,0.28058012717332,0.11528406291552,1.38567728912235e-06,"non_edge",1440,0,0.00261207302462456,6.82292548597128e-06,0.00173208677118398,144.613171438642,0.0098114337915086,0.921110247346561,0.111763678742075,2.13032954129241e-05,"edge_only",304,304,0.14229229784646,0.0202470980264256,0.0868867953931307,98.7575771285735,6.24098544813031,0.0130142469117122,0.131052097017273,0.0222880196717973,-0.0232399165757423,-0.000661502440811505,0.139680224821835,0.116440308246093
"10m","spec_spca_rao","Std PCA Rao's Q","phy_rao","Phylogenetic Rao's Q","all_quads",1744,304,0.0437895976538777,0.00191752886268849,0.0908832520126709,131.170305210415,3.34675277384347,0.0675085727682819,0.115416500911364,1.34736742832658e-06,"non_edge",1440,0,0.0239636695475617,0.000574257458184735,0.0499321765332141,138.582903297021,0.826256708947138,0.363509496627042,0.107502491011666,4.35593785670276e-05,"edge_only",304,304,0.153432132966979,0.0235414194267966,0.323410691230819,95.4876871276352,7.28091166214048,0.00736118338931068,0.151971720231572,0.00794883211949309,-0.019825928106316,-0.00134327140450375,0.129468463419417,0.109642535313101
"10m","spec_spca_rao","Std PCA Rao's Q","phy_afaith","Abundance-weighted Faith's PD","all_quads",1744,304,0.0247425802063645,0.000612195275268382,0.0199684838844867,137.687005148258,1.06709744152947,0.301745374940743,0.118184761008124,7.44593249276335e-07,"non_edge",1440,0,0.00658154609004947,4.33167489354455e-05,0.00525980425685015,143.912374187552,0.0622921832640331,0.802944703820908,0.103734965360104,8.02372679223822e-05,"edge_only",304,304,0.138976734900582,0.0193145328436266,0.123578842603587,102.479431143878,5.94786923445369,0.0153109705833039,0.194407520993687,0.000653878866310337,-0.0181610341163151,-0.000568878526332936,0.132395188810532,0.114234154694217
"10m","spec_spca_rao","Std PCA Rao's Q","sp_shannon","Shannon diversity","all_quads",1744,304,-0.0602378151594361,0.00362859437518239,-22.5759975248907,166.159365215954,6.34403131792391,0.0118666098133424,-0.011807395563581,0.622185742600777,"non_edge",1440,0,-0.0659801702477927,0.00435338286592771,-25.2227182947408,171.030681601607,6.28753661537431,0.0122684816210924,-0.0335315435613772,0.20348498147463,"edge_only",304,304,-0.0310348872930396,0.000963164229291668,-10.3415186185948,143.59876352401,0.291156028317702,0.58987828285992,0.0923620107646702,0.108012780946709,-0.00574235508835663,0.000724788490745323,0.0349452829547532,0.0292029278663965
"10m","spec_spca_alpha","Std PCA alpha-hull area","phy_faith","Faith's PD","all_quads",1744,304,0.152949455596971,0.0233935359674099,0.0992662098661044,502.150380124695,41.7276980606469,1.35748499117001e-10,0.113909341527726,1.85038844865614e-06,"non_edge",1440,0,0.14840887614653,0.0220251945190762,0.0986200069797777,506.479149031358,32.3855272558444,1.52977437452212e-08,0.113481906878391,1.5848923203008e-05,"edge_only",304,304,0.121819995853251,0.014840111389686,0.0702392896642967,494.621327209434,4.54922464008068,0.0337398079217235,0.100643323791986,0.0797741185330796,-0.0045405794504409,-0.0013683414483337,-0.0265888802932797,-0.0311294597437206
"10m","spec_spca_alpha","Std PCA alpha-hull area","phy_rao","Phylogenetic Rao's Q","all_quads",1744,304,0.176700073123062,0.0312229158416955,0.365775150889332,498.810808740093,56.1432761835908,1.06582636162814e-13,0.112107227401663,2.68991020084061e-06,"non_edge",1440,0,0.168800538454849,0.0284936217826471,0.352469729109901,504.651407272657,42.1755626541852,1.14630947643129e-10,0.105685364458002,5.8631303850878e-05,"edge_only",304,304,0.176153266870376,0.0310299734291061,0.350604830667172,481.559944865958,9.67114742315964,0.00205044929630679,0.121956074268574,0.0335401505821478,-0.00789953466821267,-0.00272929405904839,0.007352728415527,-0.000546806252685661
"10m","spec_spca_alpha","Std PCA alpha-hull area","phy_afaith","Abundance-weighted Faith's PD","all_quads",1744,304,0.188235408715587,0.0354325690943239,0.151518614955482,504.996807175095,63.9908972505503,2.25843841968381e-15,0.132439292794359,2.83501960598959e-08,"non_edge",1440,0,0.179682521041373,0.0322858083677833,0.143902490269834,511.465148115703,47.9759342524111,6.48693007638497e-12,0.118273505210944,6.79312548655741e-06,"edge_only",304,304,0.209116920166068,0.0437298862997416,0.175582139597647,478.769225486955,13.8103507296909,0.000240910150984393,0.200602260398602,0.000433097820798165,-0.00855288767421397,-0.00314676072654062,0.0294343991246952,0.0208815114504813
"10m","spec_spca_alpha","Std PCA alpha-hull area","sp_shannon","Shannon diversity","all_quads",1744,304,-0.0246043137563756,0.000605372255422172,-9.19715612563094,556.983309077242,1.05519725608826,0.304455753016458,-0.0160589552763287,0.50272772890915,"non_edge",1440,0,-0.0412381978738394,0.00170058896388193,-15.7978853522003,569.019196916087,2.44961271441013,0.117773890403594,-0.0317145456103098,0.229077019021297,"edge_only",304,304,0.0679393319523857,0.00461575282613646,21.3768919155191,501.191196979752,1.40042135230791,0.237583725948899,0.0636952578166871,0.268244560755504,-0.0166338841174638,0.00109521670845976,0.109177529826225,0.0925436457087613
"10m","spec_spca_convex","Std PCA convex-hull area","phy_faith","Faith's PD","all_quads",1744,304,-0.0257109679161645,0.000661053871186038,-0.123554421643737,1942.85279873804,1.1523175876082,0.283213197033312,-0.0199782343140522,0.404393366132108,"non_edge",1440,0,-0.0446382063415009,0.00199256946538641,-0.21442390034919,1991.22007215904,2.87103562915435,0.0904033483085105,-0.0190528139533048,0.470023281902982,"edge_only",304,304,0.0684646295293239,0.00468740549658757,0.346516924439523,1729.96461381832,1.42226318423682,0.233967427327432,-0.0406072528485518,0.480570119021797,-0.0189272384253364,0.00133151559420037,0.113102835870825,0.0941755974454884
"10m","spec_spca_convex","Std PCA convex-hull area","phy_rao","Phylogenetic Rao's Q","all_quads",1744,304,-0.0208447425749369,0.000434503293015388,-0.319492278117737,1928.87039339122,0.757233756993801,0.384315491776219,-0.0259149586661782,0.279409789223188,"non_edge",1440,0,-0.0376763147233664,0.00141950469113416,-0.568692782734533,1968.08918645688,2.04414942554987,0.153009578687883,-0.0312374942793973,0.236160105964337,"edge_only",304,304,0.0716136742353141,0.00512851833748169,1.25118004202309,1721.43736668201,1.55679659781912,0.213101474803872,-0.0121904390907328,0.832356837062614,-0.0168315721484295,0.000985001398118772,0.109289988958681,0.092458416810251
"10m","spec_spca_convex","Std PCA convex-hull area","phy_afaith","Abundance-weighted Faith's PD","all_quads",1744,304,-0.00404106053952449,1.6330170284102e-05,-0.0240849854421851,1892.97287001866,0.0284476211894039,0.866080339647608,0.0167348026080911,0.484918507029389,"non_edge",1440,0,-0.0299048908642038,0.000894302497599938,-0.173127477998198,1940.0575363097,1.28715810025257,0.256761419727549,-0.00746188593063881,0.77724068879792,"edge_only",304,304,0.158967983239774,0.025270819695321,1.17164889032781,1575.64096172982,7.8296492012288,0.00546997557924742,0.131757062677795,0.0215717381638601,-0.0258638303246793,0.000877972327315836,0.188872874103978,0.163009043779298
"10m","spec_spca_convex","Std PCA convex-hull area","sp_shannon","Shannon diversity","all_quads",1744,304,-0.0606062947022864,0.00367312295754039,-167.743768917272,2055.95201401884,6.42216961066951,0.011357395802789,-0.038761312086885,0.105626521710875,"non_edge",1440,0,-0.0672216790715365,0.00451875413719665,-186.152956971764,2079.0487876232,6.52746445630612,0.0107243515246714,-0.0387231017707336,0.141910600796837,"edge_only",304,304,-0.0277721674724415,0.000771293286117339,-76.7060683125419,1944.19202712604,0.233110368869871,0.629576864057666,-0.0367263673559381,0.523523575553853,-0.00661538436925015,0.000845631179656265,0.039449511599095,0.0328341272298448
"10m","spec_spca_hull3d_v","Std PCA 3D hull volume","phy_faith","Faith's PD","all_quads",1744,304,-0.0214750369887623,0.000461177213668708,-2.196745448613,30147.6812200189,0.803741373417991,0.370100982255308,0.0016499000390077,0.945107032938585,"non_edge",1440,0,-0.0425211752041448,0.00180805034074158,-4.38177662919093,31401.7475414241,2.60468579302198,0.106767669224332,7.4682331694129e-05,0.997740765609233,"edge_only",304,304,0.081037069671074,0.0065670066608745,8.36699860983121,24891.1906206909,1.99634602925563,0.158708697152783,-0.014292522803477,0.803991489178489,-0.0210461382153825,0.00134687312707287,0.123558244875219,0.102512106659836
"10m","spec_spca_hull3d_v","Std PCA 3D hull volume","phy_rao","Phylogenetic Rao's Q","all_quads",1744,304,-0.0111195475314079,0.00012364433730324,-3.62791325704414,29624.8791728709,0.215415070435874,0.642613827293525,-0.00333596725636153,0.889280583863717,"non_edge",1440,0,-0.0306938540362949,0.000942112675601379,-9.93892111383104,30698.3653975462,1.3560355658099,0.244418887562128,-0.0101169291385623,0.701284654336445,"edge_only",304,304,0.0954730062512353,0.00911509492264842,34.0276713408922,24239.3259974873,2.77808113993314,0.0965993102756594,0.00599825985112684,0.917047673442732,-0.019574306504887,0.000818468338298139,0.12616686028753,0.106592553782643
"10m","spec_spca_hull3d_v","Std PCA 3D hull volume","phy_afaith","Abundance-weighted Faith's PD","all_quads",1744,304,-0.00274645924033993,7.5430383588486e-06,-0.348441711771015,29238.3655553247,0.0131400719371804,0.908751489125706,0.0265259554209659,0.268226060660741,"non_edge",1440,0,-0.0285194410012128,0.000813358515021657,-3.54195720021787,30357.4118367281,1.17056163087097,0.279467266323221,0.00273090022963538,0.917533946232599,"edge_only",304,304,0.161404954411488,0.0260515593085745,24.2679148410469,22167.4145547481,8.07801581940431,0.00478565354684784,0.135717885852433,0.0179068764748537,-0.0257729817608729,0.000805815476662809,0.189924395412701,0.164151413651828
"10m","spec_spca_hull3d_v","Std PCA 3D hull volume","sp_shannon","Shannon diversity","all_quads",1744,304,-0.0536947196895887,0.00288312292254351,-3163.48800372726,32341.7920738434,5.03692219691578,0.0249376437091244,-0.0301116671918811,0.208795811439859,"non_edge",1440,0,-0.0600090720905271,0.00360108873316608,-3564.97110341101,32953.8685470276,5.19708074721698,0.0227707581259502,-0.0326970734647446,0.214967714328469,"edge_only",304,304,-0.0219677657958112,0.000482582734059614,-1237.75194369819,29450.7157327287,0.145810351243962,0.702840270626967,-0.0208441985854155,0.717372097237084,-0.00631435240093841,0.000717965810622575,0.0380413062947159,0.0317269538937775
"10m","spec_spca_hull3d_a","Std PCA 3D hull area","phy_faith","Faith's PD","all_quads",1744,304,-0.0211346718121434,0.000446674352607007,-0.266982171132054,5468.30215162638,0.778454437873483,0.377735974109632,-0.00914620791686851,0.702690588476413,"non_edge",1440,0,-0.0397317025101087,0.00157860818435178,-0.501556430378074,5599.45572389202,2.27362773645078,0.131811208176334,-0.00933900890011391,0.723271107589576,"edge_only",304,304,0.0672134565433168,0.00451764874050034,0.895333171972109,4909.2393956264,1.37052145415228,0.2426452403472,-0.0285284479000963,0.620273902952181,-0.0185970306979653,0.00113193383174477,0.106945159053425,0.0883481283554602
"10m","spec_spca_hull3d_a","Std PCA 3D hull area","phy_rao","Phylogenetic Rao's Q","all_quads",1744,304,-0.0149590677707946,0.000223773708571226,-0.602719504914089,5426.37840002085,0.389901049934998,0.532433186684172,-0.0165172407220916,0.490613932767862,"non_edge",1440,0,-0.0316681072969576,0.00100286901977162,-1.25616757806996,5535.19558889919,1.44357336543756,0.229759807658197,-0.0224074832841787,0.39550720534877,"edge_only",304,304,0.0730239415676352,0.0053324960420734,3.35783521397925,4872.59771891128,1.61904736839004,0.204203464977356,-0.00670260582381844,0.907348377599716,-0.016709039526163,0.000779095311200394,0.104692048864593,0.0879830093384298
"10m","spec_spca_hull3d_a","Std PCA 3D hull area","phy_afaith","Abundance-weighted Faith's PD","all_quads",1744,304,0.00138424845722844,1.91614379133932e-06,0.0216876235416911,5339.7511117322,0.00333792888046495,0.953934628070211,0.0208099692132598,0.385109300019852,"non_edge",1440,0,-0.0234789189825273,0.00055125963658808,-0.357205427938482,5466.00353805868,0.793148588216161,0.373298732130196,-0.00295049830956941,0.910929217132456,"edge_only",304,304,0.154742172827122,0.0239451400512589,3.00169642715899,4516.881426106,7.40883795800163,0.00686737070227355,0.130560657446245,0.0227994385719379,-0.0248631674397557,0.000549343492796741,0.178221091809649,0.153357924369894
"10m","spec_spca_hull3d_a","Std PCA 3D hull area","sp_shannon","Shannon diversity","all_quads",1744,304,-0.0585217079803112,0.00342479030493282,-425.787142132944,5776.77307389328,5.98648717442856,0.0145141168111334,-0.0344921801314841,0.149915110038401,"non_edge",1440,0,-0.0640196753606581,0.00409851883328406,-465.897330747049,5835.82060753877,5.91792480854425,0.0151088686898153,-0.0348690949581763,0.18602094451453,"edge_only",304,304,-0.031948026886302,0.00102067642192787,-232.238514666922,5496.74113107314,0.308559218541352,0.57897689737233,-0.033150391319932,0.564767975678837,-0.0054979673803469,0.000673728528351234,0.0320716484743562,0.0265736810940093
"20m","spec_sa","SA entropy","phy_faith","Faith's PD","all_quads",485,80,0.169797814012205,0.0288312976433233,5.80564424218147e-05,2.79126846063049,14.3389266230809,0.000171910148243026,0.218161869159303,1.23046306379733e-06,"non_edge",405,0,0.140382080323011,0.0197071284758164,4.95323617207661e-05,2.7997549636471,8.10163269208075,0.00464852291694664,0.211161677395393,1.82884757254702e-05,"edge_only",80,80,0.328611085270475,0.107985245362639,9.71368083312402e-05,2.75671105160452,9.4424997955444,0.00291990201640474,0.221426520318619,0.0483925347366105,-0.0294157336891933,-0.00912416916750683,0.188229004947464,0.15881327125827
"20m","spec_sa","SA entropy","phy_rao","Phylogenetic Rao's Q","all_quads",485,80,0.202725653945516,0.0410976907676371,0.00034595548155215,2.77310608643914,20.7009457059912,6.7999077026032e-06,0.192017225256838,2.06715825105389e-05,"non_edge",405,0,0.180373955084698,0.0325347636728966,0.000311407870687226,2.78128046283601,13.5524350311067,0.000263563910251521,0.191805535233326,0.000102665576018052,"edge_only",80,80,0.334031258986549,0.111576881980139,0.000557097839132618,2.72993605643142,9.79600442393743,0.0024607115176509,0.174566338490389,0.121450775023082,-0.0223516988608179,-0.00856292709474041,0.153657303901851,0.131305605041034
"20m","spec_sa","SA entropy","phy_afaith","Abundance-weighted Faith's PD","all_quads",485,80,0.181424373062246,0.0329148031410289,4.18286265166158e-05,2.79956109013171,16.4389342001637,5.85589040106411e-05,0.136392667695386,0.00261192376661801,"non_edge",405,0,0.165758756516707,0.0274759653619651,3.83722652501226e-05,2.80458889101858,11.3856456462725,0.000811874427502684,0.124002268863996,0.0125097058214948,"edge_only",80,80,0.250268200507071,0.0626341721850475,6.09540416793577e-05,2.77591812969202,5.21190903856816,0.0251561288956475,0.16643225503985,0.140078453096504,-0.0156656165455383,-0.00543883777906382,0.0845094439903637,0.0688438274448254
"20m","spec_sa","SA entropy","sp_shannon","Shannon diversity","all_quads",485,80,-0.0208378448756692,0.000434215779062451,-0.00532562661932695,2.84339563065015,0.209817327281389,0.647116623701874,0.0166422109252475,0.714673821848864,"non_edge",405,0,-0.0645482419454342,0.00416647553824632,-0.0169221318048923,2.86501859973515,1.6861147979737,0.194856464916273,-0.0203247582557927,0.68341627666502,"edge_only",80,80,0.325960974930794,0.106250557177834,0.0665852862594896,2.71279434723697,9.27278167995458,0.00317117942983949,0.253914674167839,0.0230428346143562,-0.0437103970697651,0.00373225975918386,0.390509216876228,0.346798819806463
"20m","spec_spca_mean","Std PCA mean distance","phy_faith","Faith's PD","all_quads",436,76,0.240127222391164,0.0576610829332953,0.00116235428175076,6.20529881075271,26.5561673616826,3.89463083274924e-07,0.291806698233982,5.2546560528859e-10,"non_edge",360,0,0.221715977029582,0.049157974470182,0.00111066910076517,6.28034409346092,18.5083898143007,2.18510295275224e-05,0.298046664514973,8.07143013633494e-09,"edge_only",76,76,0.265171297344943,0.0703158169356004,0.00110202596578332,6.0784878023222,5.59692264106637,0.0206125735931153,0.192181764746559,0.0962768674703699,-0.0184112453615818,-0.00850310846311331,0.0434553203153617,0.0250440749537799
"20m","spec_spca_mean","Std PCA mean distance","phy_rao","Phylogenetic Rao's Q","all_quads",436,76,0.273805906821417,0.0749696746102983,0.00652952822208481,5.9007312268599,35.1738076988581,6.16341983438995e-09,0.29506333265043,3.30268220102739e-10,"non_edge",360,0,0.248521102784859,0.0617627385294027,0.00601946184141313,6.02919386796605,23.5665980253963,1.80545530522302e-06,0.291790060108488,1.6977145835596e-08,"edge_only",76,76,0.381821078780684,0.145787336201246,0.00874243363218775,5.38808276412486,12.6294813178206,0.000665549155148047,0.250088858509911,0.0293434690062865,-0.0252848040365572,-0.0132069360808956,0.133299975995825,0.108015171959268
"20m","spec_spca_mean","Std PCA mean distance","phy_afaith","Abundance-weighted Faith's PD","all_quads",436,76,0.301183817758066,0.0907116920793237,0.000975544004707486,6.25077502510027,43.2963604826874,1.35797770799472e-10,0.284024187809524,1.55676587511576e-09,"non_edge",360,0,0.291195656973763,0.0847949106403814,0.000948251531556802,6.3081811963439,33.1691534085518,1.82028610796535e-08,0.277118650606872,9.05647752638057e-08,"edge_only",76,76,0.280702528214504,0.0787939093460142,0.00093988178974504,6.11784706886308,6.32947323162579,0.0140434323153323,0.265755297334245,0.0203248512255666,-0.00998816078430265,-0.00591678143894225,-0.0104931287592594,-0.020481289543562
"20m","spec_spca_mean","Std PCA mean distance","sp_shannon","Shannon diversity","all_quads",436,76,-0.0358714206984151,0.00128675882292269,-0.138437216954731,7.3028344749747,0.559172849746394,0.454998687429413,-0.0160087508153215,0.738881968805627,"non_edge",360,0,-0.0750573921429377,0.00563361211529873,-0.3014541984937,7.63072588549417,2.02825956493493,0.155268370709618,-0.0507485911671129,0.336976247205236,"edge_only",76,76,0.199850057369007,0.0399400454303953,0.569134507994308,5.87834404039545,3.07851957347209,0.0834721686990807,0.146274777853725,0.207361393834998,-0.0391859714445226,0.00434685329237604,0.274907449511944,0.235721478067422
"20m","spec_spca_med","Std PCA median distance","phy_faith","Faith's PD","all_quads",436,76,0.295003484475298,0.0870270558525675,0.00106942199192153,5.3814806263811,41.370056453628,3.33116487178053e-10,0.329350336539354,1.72497331355806e-12,"non_edge",360,0,0.27722769254189,0.0768551935121009,0.00104192804018225,5.43315257895571,29.8048140269668,8.94765088858804e-08,0.333214162164801,8.77892565455237e-11,"edge_only",76,76,0.302022009618584,0.0912172942940483,0.000901027365603113,5.34479975646514,7.42760589014076,0.0080121144038003,0.24649519136045,0.0318314317186659,-0.0177757919334078,-0.0101718623404666,0.0247943170766941,0.00701852514328627
"20m","spec_spca_med","Std PCA median distance","phy_rao","Phylogenetic Rao's Q","all_quads",436,76,0.347966187462541,0.121080467617216,0.0062144239522904,5.06388196690352,59.7880932323915,7.43726122019562e-14,0.33533431256366,6.42495673426027e-13,"non_edge",360,0,0.32723223531198,0.107080935827275,0.00594653375332568,5.14204848010265,42.9321946011773,1.97545364748568e-10,0.330280326237085,1.30962256253297e-10,"edge_only",76,76,0.406802348861065,0.16548815103888,0.00668636329841738,4.85366255224455,14.6745947251944,0.000265627971858785,0.320519480519481,0.00476066550370663,-0.0207339521505607,-0.013999531789941,0.0795701135490846,0.0588361613985238
"20m","spec_spca_med","Std PCA median distance","phy_afaith","Abundance-weighted Faith's PD","all_quads",436,76,0.384317848824905,0.147700208925403,0.000932246212673608,5.39381905630562,75.2104967581933,8.53554785707182e-17,0.317382979200887,1.16635268574752e-11,"non_edge",360,0,0.379391104389443,0.143937610089842,0.000926913524238186,5.42633898983475,60.1938188378667,9.06099801925384e-14,0.317241388179436,7.36288510448135e-10,"edge_only",76,76,0.30134048000788,0.0908060848913798,0.000724299959768094,5.40796586743503,7.3907778861007,0.00816231726940334,0.287053998632946,0.0119316857198681,-0.00492674443546193,-0.00376259883556124,-0.0780506243815629,-0.0829773688170248
"20m","spec_spca_med","Std PCA median distance","sp_shannon","Shannon diversity","all_quads",436,76,-0.0111012692901179,0.000123238179851715,-0.0320849792626305,6.23803938765562,0.0534919623077161,0.817203722262765,-0.000164041590986255,0.997274865837575,"non_edge",360,0,-0.0557448781639231,0.00310749144151063,-0.167975619830278,6.51462247628721,1.11594974032803,0.291504591091762,-0.0435448318788468,0.410097243605558,"edge_only",76,76,0.270748488674566,0.0733047441195617,0.553491246527713,5.04189602685459,5.85365148944653,0.018001908619461,0.217224880382775,0.0594417005821253,-0.0446436088738052,0.00298425326165892,0.326493366838489,0.281849757964684
"20m","spec_spca_sd","Std PCA distance SD","phy_faith","Faith's PD","all_quads",436,76,0.0635859794651317,0.00404317678454015,0.00042713595348975,4.27035031073304,1.76186224501704,0.185090213380215,0.0988244732420133,0.0391465404498347,"non_edge",360,0,0.050936769321442,0.0025945544689058,0.000346925901928286,4.34939916498614,0.931266722103854,0.335185400019947,0.126925653909026,0.015969025283433,"edge_only",76,76,0.109125164786431,0.0119083015896658,0.000767461921513642,3.97556991179494,0.891834552453975,0.348053904019681,-0.0391116822407103,0.737289282426068,-0.0126492101436897,-0.00144862231563436,0.0581883954649893,0.0455391853212996
"20m","spec_spca_sd","Std PCA distance SD","phy_rao","Phylogenetic Rao's Q","all_quads",436,76,0.0582507179215976,0.00339314613838153,0.00192773758013967,4.24363629921509,1.47763927004065,0.224805058174956,0.0955403997663167,0.0461763268807244,"non_edge",360,0,0.0334861471765456,0.00112132205272928,0.00110275035219725,4.41495748969327,0.401883936197376,0.526522747929156,0.12635154077835,0.0164563074268192,"edge_only",76,76,0.202839487364633,0.0411438576343471,0.00785943919101722,3.21330870665752,3.17528910794695,0.078862465578651,-0.0834996582365003,0.473298403375124,-0.024764570745052,-0.00227182408565226,0.169353340188087,0.144588769443035
"20m","spec_spca_sd","Std PCA distance SD","phy_afaith","Abundance-weighted Faith's PD","all_quads",436,76,0.0556479933758947,0.00309669916676362,0.000250133799460215,4.37918761866399,1.34814222929354,0.246241375062558,0.126298704824314,0.00828561914427878,"non_edge",360,0,0.0428598574839602,0.00183696738354538,0.000189761022503553,4.45192340391726,0.658844599349075,0.417507488081637,0.143694267188276,0.00631209475102541,"edge_only",76,76,0.120548203589185,0.0145318693885795,0.000683052781199873,3.98297432513525,1.09121573935394,0.299602436074451,0.0206698564593301,0.859329217775298,-0.0127881358919345,-0.00125973178321824,0.0776883461052244,0.0649002102132899
"20m","spec_spca_sd","Std PCA distance SD","sp_shannon","Shannon diversity","all_quads",436,76,-0.081641140717514,0.00666527585765691,-0.437241109725736,5.29499046999928,2.91213993824762,0.0886304983887864,-0.0844663617008492,0.0781038041970992,"non_edge",360,0,-0.106568318689933,0.0113568065483992,-0.581933836416071,5.55852251763256,4.11244094053023,0.0433090362849035,-0.0830613404938824,0.115668624188129,"edge_only",76,76,0.0470524200944335,0.00221393023674305,0.226756224535696,4.1040887591818,0.164194352360379,0.68649296196824,-0.0812576896787423,0.485300384365662,-0.0249271779724194,0.00469153069074229,0.153620738784367,0.128693560811947
"20m","spec_spca_rao","Std PCA Rao's Q","phy_faith","Faith's PD","all_quads",436,76,0.123120431377605,0.0151586406226075,0.046011242012297,118.923292744523,6.68011143883188,0.010074930010526,0.224444516515566,2.2055978223223e-06,"non_edge",360,0,0.103139290464177,0.0106377132374539,0.0394988875714197,125.801816785433,3.84924854116915,0.050542693678819,0.243478529256509,2.95187012435923e-06,"edge_only",76,76,0.189793327483919,0.036021507157418,0.068302133631252,96.195574940499,2.76519813402541,0.100564945752417,0.0972938981150419,0.403088803634174,-0.0199811409134276,-0.00452092738515358,0.0866540370197415,0.0666728961063139
"20m","spec_spca_rao","Std PCA Rao's Q","phy_rao","Phylogenetic Rao's Q","all_quads",436,76,0.132208893059991,0.017479191404148,0.243408850356179,109.587433912291,7.7209245880925,0.00569535277703345,0.227524528416622,1.58416192896817e-06,"non_edge",360,0,0.101762931309407,0.010355694188683,0.188433028111183,121.618896898594,3.74613232024734,0.0537170137125691,0.238533990745813,4.73156351341085e-06,"edge_only",76,76,0.302115025569734,0.0912734886750012,0.599008224582739,44.3210668802213,7.43264125980197,0.00799180370599323,0.121886534518113,0.294229415474551,-0.0304459617505839,-0.00712349721546499,0.200352094260328,0.169906132509744
"20m","spec_spca_rao","Std PCA Rao's Q","phy_afaith","Abundance-weighted Faith's PD","all_quads",436,76,0.132961948408866,0.0176788797246821,0.0332490550131327,125.286966658901,7.81071855439857,0.00542396414419155,0.230348418258278,1.16477746736998e-06,"non_edge",360,0,0.119166592928048,0.014200676870079,0.0296664928410629,130.367770336028,5.15707629352701,0.0237452111061703,0.235534482004748,6.26867451750351e-06,"edge_only",76,76,0.178397285392355,0.0318255914353613,0.0517253179617237,103.215359515593,2.43250983023634,0.123109249124699,0.160546821599453,0.165922898402408,-0.0137953554808187,-0.00347820285460303,0.0592306924643072,0.0454353369834885
"20m","spec_spca_rao","Std PCA Rao's Q","sp_shannon","Shannon diversity","all_quads",436,76,-0.0608583228509166,0.0037037354602264,-18.1326370269709,182.7155887744,1.61339678462087,0.204695517881924,-0.0420505343658446,0.381080176174574,"non_edge",360,0,-0.0912558245458515,0.00832762551354323,-28.0195711999774,201.748100355682,3.00632548667331,0.0838010003546345,-0.0648369200379632,0.219744671031784,"edge_only",76,76,0.105019297777579,0.0110290529056959,25.8980919160408,98.6019532126153,0.825251659231676,0.366598260537526,0.0833902939166097,0.473880129929136,-0.0303975016949349,0.00462389005331684,0.196275122323431,0.165877620628496
"20m","spec_spca_alpha","Std PCA alpha-hull area","phy_faith","Faith's PD","all_quads",436,76,0.284820247835823,0.0811225735772597,0.139060754389837,544.796327293856,38.3154443891336,1.39520168956582e-09,0.30585616212279,6.79334960621517e-11,"non_edge",360,0,0.27148199768191,0.0737024750653605,0.136241354486372,550.660591595306,28.4848932045466,1.67983134395913e-07,0.310877026928226,1.6602865777827e-09,"edge_only",76,76,0.261454380336837,0.0683583929973192,0.115233440286692,542.515841952792,5.4296856685868,0.0225265541667247,0.199222140962555,0.0844670568082871,-0.0133382501539134,-0.00742009851189926,-0.0100276173450732,-0.0233658674989866
"20m","spec_spca_alpha","Std PCA alpha-hull area","phy_rao","Phylogenetic Rao's Q","all_quads",436,76,0.335667375712764,0.112672587117894,0.807392521104055,503.622694941829,55.1091988134745,6.07745949936531e-13,0.295289631862002,3.19710939500939e-10,"non_edge",360,0,0.325136201793938,0.105713549716989,0.788932665266727,510.490049433708,42.3191593551542,2.61385661345122e-10,0.297580485446133,8.53648746217352e-09,"edge_only",76,76,0.306536355404473,0.0939645371846576,0.744340628524868,497.309225869832,7.67450727597161,0.00707700273485026,0.22066985645933,0.0554213390223089,-0.0105311739188259,-0.00695903740090544,-0.018599846389465,-0.029131020308291
"20m","spec_spca_alpha","Std PCA alpha-hull area","phy_afaith","Abundance-weighted Faith's PD","all_quads",436,76,0.383532746134409,0.147097367357401,0.125300925526208,542.933814596823,74.8505808163728,9.97076235920742e-17,0.295930740568875,2.91553655867308e-10,"non_edge",360,0,0.38141577374126,0.145477992458644,0.124427829523099,546.925979767305,60.9476652919018,6.53039170192204e-14,0.297342314884117,8.78399314168031e-09,"edge_only",76,76,0.292380392294753,0.0854862937984338,0.103822730637703,542.741183037084,6.9173219583106,0.0103790524309924,0.217498291182502,0.059114200198749,-0.00211697239314873,-0.00161937489875677,-0.0890353814465069,-0.0911523538396556
"20m","spec_spca_alpha","Std PCA alpha-hull area","sp_shannon","Shannon diversity","all_quads",436,76,-0.0243352970022207,0.000592206680186293,-9.47278176680434,664.701753138693,0.257169996991013,0.612328674783977,-0.00472824910577063,0.921578257794232,"non_edge",360,0,-0.060719630415915,0.00368687351784531,-24.4307726327324,696.053560472879,1.32478503424823,0.250503253347035,-0.0318608425476534,0.546796377318009,"edge_only",76,76,0.178128591372564,0.0317297950643738,53.7974346434628,530.614192942631,2.42494793580865,0.123683961037947,0.120984278879016,0.297844720946913,-0.0363843334136942,0.00309466683765901,0.238848221788479,0.202463888374784
"20m","spec_spca_convex","Std PCA convex-hull area","phy_faith","Faith's PD","all_quads",436,76,-0.0290925242545193,0.000846374967499791,-0.127951721629066,2652.71013503475,0.367637895406686,0.544611647519705,-0.0468965549194407,0.328591291718158,"non_edge",360,0,-0.0278710994555318,0.000776798184860146,-0.12296126569499,2650.7386248327,0.278309940836803,0.59813787804955,-0.0143589255561833,0.786000375757296,"edge_only",76,76,-0.0372973954435046,0.00139109570686915,-0.183303735945696,2678.76771388242,0.103084482689632,0.749064097954789,-0.179686805792344,0.120379470651548,0.00122142479898744,-6.95767826396454e-05,-0.00942629598797274,-0.0082048711889853
"20m","spec_spca_convex","Std PCA convex-hull area","phy_rao","Phylogenetic Rao's Q","all_quads",436,76,-0.0205691977413091,0.000423091895721074,-0.445680825618768,2636.90674016447,0.183699604556882,0.668425591616275,-0.0443433522253842,0.355635906897704,"non_edge",360,0,-0.0245602882910177,0.000603207760937903,-0.523907213128587,2652.1483582094,0.216078718775908,0.642326712889561,-0.0159209047394913,0.763379075005448,"edge_only",76,76,0.00670362946834852,4.49386480489107e-05,0.181513922699111,2533.67354470757,0.00332560940400991,0.954168443745123,-0.194777853725222,0.0917799432094823,-0.00399109054970867,0.000180115865216829,0.0312639177593663,0.0272728272096576
"20m","spec_spca_convex","Std PCA convex-hull area","phy_afaith","Abundance-weighted Faith's PD","all_quads",436,76,-0.0200592121109148,0.00040237199051067,-0.059033251884764,2606.59170834144,0.174699738163017,0.676175056895224,-0.0307966731264981,0.521289137487608,"non_edge",360,0,-0.0259015572492996,0.000670890667938744,-0.0742832777532176,2620.59495947783,0.240340101052998,0.624260897527956,-0.0200459365684406,0.7046431303445,"edge_only",76,76,0.0231195593948129,0.000534514026610283,0.0915448592869626,2498.27996461697,0.0395751914641042,0.842859053414303,-0.0735201640464798,0.527931589772367,-0.00584234513838482,0.000268518677428075,0.0490211166441125,0.0431787715057277
"20m","spec_spca_convex","Std PCA convex-hull area","sp_shannon","Shannon diversity","all_quads",436,76,-0.0994853223757831,0.00989732936821348,-348.843713094041,3117.37862861715,4.33837931480755,0.0378472779096337,-0.0965321781407703,0.0439495660971297,"non_edge",360,0,-0.114100077552292,0.013018827697439,-403.589937377579,3206.5492586592,4.72221805894226,0.0304305261911989,-0.0883016072654882,0.0943573050894275,"edge_only",76,76,-0.0248922243190323,0.000619622831549021,-83.830459137559,2694.94177495987,0.0458805181511972,0.830982267571639,-0.109008885850991,0.348570905207613,-0.0146147551765086,0.00312149832922549,0.0892078532332594,0.0745930980567508
"20m","spec_spca_hull3d_v","Std PCA 3D hull volume","phy_faith","Faith's PD","all_quads",436,76,-0.012025527444744,0.000144613310324292,-1.20672454361913,44287.2128469655,0.0627712542396113,0.802286852620799,-0.0144303941520739,0.763821637974003,"non_edge",360,0,-0.0244554959258073,0.000598071280977177,-2.47179759541535,45312.67621523,0.214237647974387,0.643747280988627,0.0125615842735314,0.812253573109201,"edge_only",76,76,0.0613677965391962,0.00376600645207618,6.72763160176375,39058.3845074609,0.279737972462824,0.598455924608251,-0.119741078205656,0.302873611147168,-0.0124299684810633,0.000453457970652886,0.0858232924650035,0.0733933239839402
"20m","spec_spca_hull3d_v","Std PCA 3D hull volume","phy_rao","Phylogenetic Rao's Q","all_quads",436,76,0.00709310994203067,5.03122086497343e-05,3.50657047274694,42745.4815271486,0.0218365972014193,0.882591245781254,-0.0146568917376174,0.76022701028914,"non_edge",360,0,-0.0059739722079452,3.56883439413017e-05,-2.91948550111829,43931.0467628787,0.0127768831167851,0.91006626270866,0.0129957278476943,0.805891683224801,"edge_only",76,76,0.0982123025760161,0.00964565637728293,59.3191193525793,33898.3184515974,0.720730490571621,0.398642440531225,-0.15393028024607,0.184303385535267,-0.0130670821499759,-1.46238647084327e-05,0.104186274783961,0.0911191926339854
"20m","spec_spca_hull3d_v","Std PCA 3D hull volume","phy_afaith","Abundance-weighted Faith's PD","all_quads",436,76,0.00303972676652979,9.23993881515763e-06,0.20410642109961,43205.3639839704,0.0040101704995085,0.949536141359927,-0.00341533723722398,0.943310355858093,"non_edge",360,0,-0.00965508434741799,9.32206537557558e-05,-0.6343712069332,43949.538398832,0.0333761053869246,0.855143666491179,0.00782079079828291,0.882441206272761,"edge_only",76,76,0.0987960784972851,0.00976066512644172,8.72615605631264,37201.6631316107,0.729408733747095,0.395831249998177,-0.047218045112782,0.685447182394934,-0.0126948111139478,8.39807149405982e-05,0.108451162844703,0.0957563517307553
"20m","spec_spca_hull3d_v","Std PCA 3D hull volume","sp_shannon","Shannon diversity","all_quads",436,76,-0.0998358962565283,0.00996720618134429,-7987.26131702901,56223.2900868752,4.36931736979995,0.0371729979825861,-0.0968078490933191,0.0433469162242526,"non_edge",360,0,-0.117865155834293,0.0138921949598421,-9551.29001228334,58807.1823319392,5.04347067349388,0.0253283882872068,-0.0955444615056186,0.0701922011798942,"edge_only",76,76,-0.00617364430735511,3.81138840337381e-05,-463.776355698278,44057.5738672782,0.00282053492003745,0.957788405130037,-0.0872180451127819,0.453750432565781,-0.0180292595777643,0.00392498877849779,0.111691511526938,0.0936622519491732
"20m","spec_spca_hull3d_a","Std PCA 3D hull area","phy_faith","Faith's PD","all_quads",436,76,-0.0142561337738979,0.000203237350179272,-0.167135331126034,7320.92531329288,0.0882229401743904,0.766590697176102,-0.0309050127005974,0.519823941837853,"non_edge",360,0,-0.0167315758380702,0.000279945630025094,-0.196911801787949,7328.84149732504,0.100248599706387,0.751716049841231,0.00262193718307866,0.960461201895631,"edge_only",76,76,0.0159290826861029,0.000253735675220704,0.20775500119585,7155.3725537472,0.0187812054281731,0.89136777400848,-0.130499866714373,0.26117020144587,-0.00247544206417227,7.67082798458212e-05,0.0326606585241731,0.0301852164600008
"20m","spec_spca_hull3d_a","Std PCA 3D hull area","phy_rao","Phylogenetic Rao's Q","all_quads",436,76,-0.00364688103641363,1.32997412937533e-05,-0.21063472434024,7233.16983409963,0.00577216448978338,0.939474186025671,-0.0297604457066493,0.535409417772841,"non_edge",360,0,-0.00634533887364711,4.02633254214172e-05,-0.36107416377901,7242.57713615991,0.0144148508906995,0.904501492328832,0.00577576473069494,0.913038133639728,"edge_only",76,76,0.0317295498905742,0.00100676433625844,2.27998380173471,6924.80652249849,0.0745756409788152,0.78554824109937,-0.195652768284347,0.0903022408898007,-0.00269845783723349,2.69635841276639e-05,0.0380748887642213,0.0353764309269878
"20m","spec_spca_hull3d_a","Std PCA 3D hull area","phy_afaith","Abundance-weighted Faith's PD","all_quads",436,76,-0.00401615067328613,1.61294662305366e-05,-0.0315060972884249,7221.90863890074,0.00700030125517565,0.933359134188069,-0.0153424494898857,0.749378569467413,"non_edge",360,0,-0.00928383327497456,8.61895602775248e-05,-0.0710253188085842,7238.31219232836,0.0308585222618183,0.860655713412155,0.00116899050146992,0.982365868816983,"edge_only",76,76,0.0519887195583112,0.00270282696131273,0.546300299617748,6903.77928577506,0.200551250464021,0.6555845786132,-0.0688174982911825,0.554724735430377,-0.00526768260168843,7.00600940469882e-05,0.0612725528332858,0.0560048702315973
"20m","spec_spca_hull3d_a","Std PCA 3D hull area","sp_shannon","Shannon diversity","all_quads",436,76,-0.106864964616389,0.0114201206624621,-998.870093913968,8801.41340463054,5.01358814912344,0.025655081044855,-0.101430115458929,0.0342338720794967,"non_edge",360,0,-0.119941591679954,0.0143859854147209,-1131.73533006218,9002.45014882126,5.22535465431378,0.0228436462463814,-0.0926254575009581,0.0792409566684363,"edge_only",76,76,-0.0375503382460032,0.00141002790238925,-335.598415250146,7817.25755823678,0.104489397743126,0.747418973788351,-0.112481203007519,0.333338429924999,-0.0130766270635652,0.00296586475225879,0.0823912534339513,0.0693146263703861
