"scale","sv_measure","sv_label","diversity_measure","diversity_label","n_edge","n_non_edge_available","edge_r","resample_reps","resampled_non_edge_mean_r","resampled_non_edge_sd_r","resampled_non_edge_q025_r","resampled_non_edge_median_r","resampled_non_edge_q975_r","edge_r_percentile_in_resampled_non_edge","abs_edge_r_tail_probability","same_direction_tail_probability"
"10m","spec_sa","SA entropy","phy_faith","Faith's PD",316,1587,0.135505161055084,2000,0.0885101702697703,0.0483848985350434,-0.00537872296265943,0.0874700561996482,0.185594057140444,0.834,0.166,0.166
"10m","spec_sa","SA entropy","phy_rao","Phylogenetic Rao's Q",316,1587,0.147666929601723,2000,0.105896053783824,0.0486855142473132,0.0134830190149333,0.104062428128122,0.204272512656905,0.7965,0.2035,0.2035
"10m","spec_sa","SA entropy","phy_afaith","Abundance-weighted Faith's PD",316,1587,0.111411734742436,2000,0.102011616159279,0.0541724918492607,-0.00658202138234339,0.100597294182436,0.212419939993093,0.581,0.419,0.419
"10m","spec_sa","SA entropy","sp_shannon","Shannon diversity",316,1587,0.116283440340938,2000,-0.0509457474218673,0.0480998755234906,-0.143808417951302,-0.0525747100611029,0.0427607194328619,0.9995,0.081,5e-04
"10m","spec_spca_mean","Std PCA mean distance","phy_faith","Faith's PD",304,1440,0.212454011189269,2000,0.106203791409658,0.0619567186869778,-0.00883843729644028,0.104151425945156,0.236320049565617,0.9515,0.0485,0.0485
"10m","spec_spca_mean","Std PCA mean distance","phy_rao","Phylogenetic Rao's Q",304,1440,0.232048275058317,2000,0.127151907122761,0.0614382029284074,0.0146404242188548,0.126013836878354,0.253163165730703,0.954,0.046,0.046
"10m","spec_spca_mean","Std PCA mean distance","phy_afaith","Abundance-weighted Faith's PD",304,1440,0.21499391066012,2000,0.112744448930065,0.0645490303741388,-0.00489882363075374,0.110179532788903,0.24719435439037,0.936,0.064,0.064
"10m","spec_spca_mean","Std PCA mean distance","sp_shannon","Shannon diversity",304,1440,0.0682747138153485,2000,-0.048019682517776,0.0508033340094534,-0.146623960774077,-0.0465438841388135,0.0478614209416668,0.9875,0.353,0.0125
"10m","spec_spca_med","Std PCA median distance","phy_faith","Faith's PD",304,1440,0.24234315793375,2000,0.14924018820155,0.0673021292499625,0.0301886033594934,0.145961959705632,0.290179731221536,0.9045,0.0955,0.0955
"10m","spec_spca_med","Std PCA median distance","phy_rao","Phylogenetic Rao's Q",304,1440,0.258676039893438,2000,0.176785245775558,0.0651639703675095,0.0564810483550827,0.177169300485397,0.304163734289731,0.888,0.112,0.112
"10m","spec_spca_med","Std PCA median distance","phy_afaith","Abundance-weighted Faith's PD",304,1440,0.229588655670975,2000,0.156280313870167,0.0726829518923291,0.0247893284418137,0.15628029245203,0.299785841560282,0.8355,0.1645,0.1645
"10m","spec_spca_med","Std PCA median distance","sp_shannon","Shannon diversity",304,1440,0.123504616385805,2000,-0.0305974911925665,0.0474655480220967,-0.124688674236442,-0.0301567733372659,0.0626987157397733,1,0.027,0
"10m","spec_spca_sd","Std PCA distance SD","phy_faith","Faith's PD",304,1440,0.0969546553613336,2000,-0.0307904571389712,0.0479975059403598,-0.115193082304063,-0.0341433383302185,0.069723485496152,0.9915,0.079,0.0085
"10m","spec_spca_sd","Std PCA distance SD","phy_rao","Phylogenetic Rao's Q",304,1440,0.114852083367323,2000,-0.0181480234591556,0.0505466146300826,-0.110262494375701,-0.0194874052811772,0.0837136111560495,0.9935,0.0235,0.0065
"10m","spec_spca_sd","Std PCA distance SD","phy_afaith","Abundance-weighted Faith's PD",304,1440,0.125400170532182,2000,-0.023286506582208,0.047585425633478,-0.113226986272582,-0.025412108790264,0.0749020862470123,0.998,0.012,0.002
"10m","spec_spca_sd","Std PCA distance SD","sp_shannon","Shannon diversity",304,1440,-0.0465319903535752,2000,-0.0818897731753343,0.0531861632407499,-0.183710051332881,-0.0826861335083559,0.0203492173217736,0.743,0.7505,0.743
"10m","spec_spca_rao","Std PCA Rao's Q","phy_faith","Faith's PD",304,1440,0.14229229784646,2000,0.0142916141876462,0.0556859369619,-0.0737698784938432,0.00664411401491213,0.139134744516947,0.9775,0.0225,0.0225
"10m","spec_spca_rao","Std PCA Rao's Q","phy_rao","Phylogenetic Rao's Q",304,1440,0.153432132966979,2000,0.0310912593244817,0.0536453606940004,-0.0590013995380242,0.0273606178631686,0.14303612708398,0.9805,0.0195,0.0195
"10m","spec_spca_rao","Std PCA Rao's Q","phy_afaith","Abundance-weighted Faith's PD",304,1440,0.138976734900582,2000,0.0145092042617577,0.0521144206365225,-0.0751054396966432,0.00933030289180366,0.130183012446411,0.982,0.018,0.018
"10m","spec_spca_rao","Std PCA Rao's Q","sp_shannon","Shannon diversity",304,1440,-0.0310348872930396,2000,-0.0668684435629733,0.0487389410993297,-0.159821749356699,-0.0676045848675627,0.0236209814351742,0.7515,0.768,0.7515
"10m","spec_spca_alpha","Std PCA alpha-hull area","phy_faith","Faith's PD",304,1440,0.121819995853251,2000,0.150268924346002,0.0600254982251863,0.0335045590529488,0.150397099046043,0.266372548863452,0.3175,0.6825,0.6825
"10m","spec_spca_alpha","Std PCA alpha-hull area","phy_rao","Phylogenetic Rao's Q",304,1440,0.176153266870376,2000,0.168141629886761,0.0603423800293837,0.0517876688018506,0.169068776266381,0.282833613568973,0.5495,0.4505,0.4505
"10m","spec_spca_alpha","Std PCA alpha-hull area","phy_afaith","Abundance-weighted Faith's PD",304,1440,0.209116920166068,2000,0.179022448842018,0.0622135271187613,0.0610176589403072,0.179150048355037,0.297237519619487,0.685,0.315,0.315
"10m","spec_spca_alpha","Std PCA alpha-hull area","sp_shannon","Shannon diversity",304,1440,0.0679393319523857,2000,-0.041684481707095,0.0525870707547537,-0.141796950696417,-0.0424884428565253,0.0652655342916431,0.9775,0.3335,0.0225
"10m","spec_spca_convex","Std PCA convex-hull area","phy_faith","Faith's PD",304,1440,0.0684646295293239,2000,-0.0449359887994772,0.0490905718885744,-0.141144587517872,-0.0455338950633677,0.0546023516903359,0.9865,0.3245,0.0135
"10m","spec_spca_convex","Std PCA convex-hull area","phy_rao","Phylogenetic Rao's Q",304,1440,0.0716136742353141,2000,-0.0388530098842708,0.0479884247504313,-0.130140385701444,-0.0400862858362952,0.0542879553249425,0.9905,0.2615,0.0095
"10m","spec_spca_convex","Std PCA convex-hull area","phy_afaith","Abundance-weighted Faith's PD",304,1440,0.158967983239774,2000,-0.0307920811052319,0.0459808089035183,-0.117075252272394,-0.0311966536215097,0.0616737216949797,1,5e-04,0
"10m","spec_spca_convex","Std PCA convex-hull area","sp_shannon","Shannon diversity",304,1440,-0.0277721674724415,2000,-0.0651225915149396,0.0510847254288291,-0.164634807375087,-0.0665951279549341,0.0337081876826746,0.764,0.7955,0.764
"10m","spec_spca_hull3d_v","Std PCA 3D hull volume","phy_faith","Faith's PD",304,1440,0.081037069671074,2000,-0.0440131213515759,0.0445369971707424,-0.128562931416265,-0.0444988559972104,0.0434867203406289,0.997,0.207,0.003
"10m","spec_spca_hull3d_v","Std PCA 3D hull volume","phy_rao","Phylogenetic Rao's Q",304,1440,0.0954730062512353,2000,-0.0302048891684882,0.0466434673793321,-0.119391891097238,-0.0310551867108537,0.0628878061504452,0.9945,0.0825,0.0055
"10m","spec_spca_hull3d_v","Std PCA 3D hull volume","phy_afaith","Abundance-weighted Faith's PD",304,1440,0.161404954411488,2000,-0.0272081921908681,0.0440670300140484,-0.110002358915118,-0.0270647715195418,0.0603093428670389,1,0.0015,0
"10m","spec_spca_hull3d_v","Std PCA 3D hull volume","sp_shannon","Shannon diversity",304,1440,-0.0219677657958112,2000,-0.0602636474865062,0.0496055724494731,-0.159564039142878,-0.0589045989311857,0.0362147560116113,0.785,0.835,0.785
"10m","spec_spca_hull3d_a","Std PCA 3D hull area","phy_faith","Faith's PD",304,1440,0.0672134565433168,2000,-0.0396667350281761,0.0498723175297349,-0.132483697652102,-0.0412401350266275,0.0600119165338215,0.981,0.315,0.019
"10m","spec_spca_hull3d_a","Std PCA 3D hull area","phy_rao","Phylogenetic Rao's Q",304,1440,0.0730239415676352,2000,-0.0309820383850666,0.0481751349871905,-0.126983542352704,-0.0298597430312478,0.0621933053542733,0.987,0.2065,0.013
"10m","spec_spca_hull3d_a","Std PCA 3D hull area","phy_afaith","Abundance-weighted Faith's PD",304,1440,0.154742172827122,2000,-0.0253644139102247,0.0453969412884389,-0.110726959760891,-0.0269549130585397,0.0659574532160447,1,5e-04,0
"10m","spec_spca_hull3d_a","Std PCA 3D hull area","sp_shannon","Shannon diversity",304,1440,-0.031948026886302,2000,-0.063415447044054,0.0506631910321079,-0.167421540627714,-0.0619438064020431,0.0351603497680458,0.7415,0.7715,0.7415
"20m","spec_sa","SA entropy","phy_faith","Faith's PD",80,405,0.328611085270475,2000,0.147135384390146,0.100652329157137,-0.0472942947521705,0.148489027307284,0.340204787792346,0.967,0.033,0.033
"20m","spec_sa","SA entropy","phy_rao","Phylogenetic Rao's Q",80,405,0.334031258986549,2000,0.182353138173555,0.10396565307835,-0.0175961934806528,0.182903421984938,0.381976306095532,0.9265,0.0735,0.0735
"20m","spec_sa","SA entropy","phy_afaith","Abundance-weighted Faith's PD",80,405,0.250268200507071,2000,0.166209715591955,0.103786772203283,-0.0431043396546555,0.170166694414814,0.357395296896166,0.7795,0.2205,0.2205
"20m","spec_sa","SA entropy","sp_shannon","Shannon diversity",80,405,0.325960974930794,2000,-0.0639181508997362,0.115788297521265,-0.29159446741908,-0.0659852268829726,0.163998881002921,0.9995,0.011,5e-04
"20m","spec_spca_mean","Std PCA mean distance","phy_faith","Faith's PD",76,360,0.265171297344943,2000,0.228968788703469,0.112188393217396,0.00710927866755155,0.229493834432649,0.44607339943804,0.611,0.389,0.389
"20m","spec_spca_mean","Std PCA mean distance","phy_rao","Phylogenetic Rao's Q",76,360,0.381821078780684,2000,0.256525018331217,0.108489555189394,0.046399367805252,0.255200648135817,0.468908020412016,0.872,0.128,0.128
"20m","spec_spca_mean","Std PCA mean distance","phy_afaith","Abundance-weighted Faith's PD",76,360,0.280702528214504,2000,0.299439404048057,0.107877068570719,0.085005326600801,0.299437738238145,0.512717951168937,0.4265,0.5735,0.5735
"20m","spec_spca_mean","Std PCA mean distance","sp_shannon","Shannon diversity",76,360,0.199850057369007,2000,-0.0737831889383002,0.101577557440976,-0.272520440227172,-0.0725409061652632,0.122987342901639,0.997,0.115,0.003
"20m","spec_spca_med","Std PCA median distance","phy_faith","Faith's PD",76,360,0.302022009618584,2000,0.283095269947157,0.100004774828696,0.0814730453425009,0.28724383607593,0.466993603839145,0.5535,0.4465,0.4465
"20m","spec_spca_med","Std PCA median distance","phy_rao","Phylogenetic Rao's Q",76,360,0.406802348861065,2000,0.330181207779007,0.115453058508743,0.0934156491908803,0.33569710698236,0.544248038295979,0.731,0.269,0.269
"20m","spec_spca_med","Std PCA median distance","phy_afaith","Abundance-weighted Faith's PD",76,360,0.30134048000788,2000,0.375645667601663,0.11356711007724,0.148250178323476,0.382685565280656,0.583798092720871,0.251,0.749,0.749
"20m","spec_spca_med","Std PCA median distance","sp_shannon","Shannon diversity",76,360,0.270748488674566,2000,-0.0585242372381196,0.109353945011454,-0.270437567131666,-0.060330539729567,0.153582729979901,0.998,0.027,0.002
"20m","spec_spca_sd","Std PCA distance SD","phy_faith","Faith's PD",76,360,0.109125164786431,2000,0.0513777348010365,0.108124187085068,-0.148948446022575,0.0456926584254104,0.260761613708987,0.697,0.377,0.303
"20m","spec_spca_sd","Std PCA distance SD","phy_rao","Phylogenetic Rao's Q",76,360,0.202839487364633,2000,0.0406843288599934,0.0812271048568946,-0.117729709947819,0.0411091479497385,0.198820792835369,0.976,0.025,0.024
"20m","spec_spca_sd","Std PCA distance SD","phy_afaith","Abundance-weighted Faith's PD",76,360,0.120548203589185,2000,0.0478854389414019,0.0790787737417033,-0.0958982669113745,0.0444998962538809,0.219527626171517,0.8325,0.1775,0.1675
"20m","spec_spca_sd","Std PCA distance SD","sp_shannon","Shannon diversity",76,360,0.0470524200944335,2000,-0.107483541380834,0.0956401001881633,-0.296447137840636,-0.105644118693843,0.0715149093919231,0.956,0.762,0.044
"20m","spec_spca_rao","Std PCA Rao's Q","phy_faith","Faith's PD",76,360,0.189793327483919,2000,0.11635970736954,0.120230174807097,-0.109408619111465,0.11690283250603,0.337245377321793,0.6995,0.3005,0.3005
"20m","spec_spca_rao","Std PCA Rao's Q","phy_rao","Phylogenetic Rao's Q",76,360,0.302115025569734,2000,0.118405628403594,0.0970323650935935,-0.0585953701843154,0.116033125078205,0.312507907583005,0.969,0.031,0.031
"20m","spec_spca_rao","Std PCA Rao's Q","phy_afaith","Abundance-weighted Faith's PD",76,360,0.178397285392355,2000,0.138454355704612,0.103517351656725,-0.0390502736789954,0.129328973226687,0.386116199780663,0.68,0.32,0.32
"20m","spec_spca_rao","Std PCA Rao's Q","sp_shannon","Shannon diversity",76,360,0.105019297777579,2000,-0.0970811593862987,0.0935674172126978,-0.276092572879077,-0.0961992345368139,0.0737419931062056,0.9905,0.4755,0.0095
"20m","spec_spca_alpha","Std PCA alpha-hull area","phy_faith","Faith's PD",76,360,0.261454380336837,2000,0.274214385949966,0.093528330310014,0.0902542024940387,0.274821341148038,0.446601574089194,0.4415,0.5585,0.5585
"20m","spec_spca_alpha","Std PCA alpha-hull area","phy_rao","Phylogenetic Rao's Q",76,360,0.306536355404473,2000,0.321951646748185,0.106016549383996,0.114175691122198,0.323581683471329,0.521881790706924,0.434,0.566,0.566
"20m","spec_spca_alpha","Std PCA alpha-hull area","phy_afaith","Abundance-weighted Faith's PD",76,360,0.292380392294753,2000,0.37949174588677,0.105676693149631,0.164957308828847,0.38310679449888,0.577292747114633,0.1995,0.8005,0.8005
"20m","spec_spca_alpha","Std PCA alpha-hull area","sp_shannon","Shannon diversity",76,360,0.178128591372564,2000,-0.0593136860553974,0.103279895520751,-0.261589444184151,-0.0597578391998815,0.14501292799804,0.989,0.135,0.011
"20m","spec_spca_convex","Std PCA convex-hull area","phy_faith","Faith's PD",76,360,-0.0372973954435046,2000,-0.0256331101236296,0.096269973580706,-0.207018201398792,-0.0272424783041546,0.177978147423906,0.4575,0.712,0.4575
"20m","spec_spca_convex","Std PCA convex-hull area","phy_rao","Phylogenetic Rao's Q",76,360,0.00670362946834852,2000,-0.0233271751384399,0.0737029209238973,-0.166344883811009,-0.024521556976261,0.121765901930703,0.675,0.928,0.325
"20m","spec_spca_convex","Std PCA convex-hull area","phy_afaith","Abundance-weighted Faith's PD",76,360,0.0231195593948129,2000,-0.025924359358135,0.0801019653015629,-0.186074804902364,-0.0268883134733606,0.131066084164291,0.7385,0.779,0.2615
"20m","spec_spca_convex","Std PCA convex-hull area","sp_shannon","Shannon diversity",76,360,-0.0248922243190323,2000,-0.11669920132479,0.0923774132998546,-0.291138926600684,-0.117569905196667,0.0647076227243666,0.844,0.9075,0.844
"20m","spec_spca_hull3d_v","Std PCA 3D hull volume","phy_faith","Faith's PD",76,360,0.0613677965391962,2000,-0.0228103106131378,0.0963361951671939,-0.193874889266204,-0.0272440100357667,0.176961988006204,0.8105,0.5505,0.1895
"20m","spec_spca_hull3d_v","Std PCA 3D hull volume","phy_rao","Phylogenetic Rao's Q",76,360,0.0982123025760161,2000,-0.00516856260548182,0.0774133704297954,-0.153103264688187,-0.00427962027880262,0.145136842461193,0.9065,0.2135,0.0935
"20m","spec_spca_hull3d_v","Std PCA 3D hull volume","phy_afaith","Abundance-weighted Faith's PD",76,360,0.0987960784972851,2000,-0.0053513239435154,0.0812630191349934,-0.161635261790175,-0.0065495224028991,0.156283620292048,0.898,0.2255,0.102
"20m","spec_spca_hull3d_v","Std PCA 3D hull volume","sp_shannon","Shannon diversity",76,360,-0.00617364430735511,2000,-0.119077348318115,0.0910638099438675,-0.292223870322253,-0.118371475081122,0.0537178383616218,0.8825,0.9735,0.8825
"20m","spec_spca_hull3d_a","Std PCA 3D hull area","phy_faith","Faith's PD",76,360,0.0159290826861029,2000,-0.0168864212501067,0.0980883360639982,-0.204246361954265,-0.0203126826335509,0.182224629459323,0.6355,0.884,0.3645
"20m","spec_spca_hull3d_a","Std PCA 3D hull area","phy_rao","Phylogenetic Rao's Q",76,360,0.0317295498905742,2000,-0.00668997072492071,0.0797643413098105,-0.158337923209737,-0.00590103134521192,0.141100753404636,0.6815,0.6905,0.3185
"20m","spec_spca_hull3d_a","Std PCA 3D hull area","phy_afaith","Abundance-weighted Faith's PD",76,360,0.0519887195583112,2000,-0.00755575444048657,0.0788691250746519,-0.159861206122725,-0.00985208662289625,0.148092955374455,0.772,0.514,0.228
"20m","spec_spca_hull3d_a","Std PCA 3D hull area","sp_shannon","Shannon diversity",76,360,-0.0375503382460032,2000,-0.119100106590999,0.0959023609399374,-0.300657272885971,-0.11860130753653,0.0715815451763498,0.801,0.8555,0.801
