"scale","spectral_metric","spectral_label","biodiversity_metric","biodiversity_label","n","pearson_r","r_squared","f_statistic","f_p_value","slope","intercept"
"10m","spec_sa","Spectral angle entropy","phy_faith","Faith's PD",1903,0.0984630163355496,0.00969496558589483,18.610558301049,1.68556074363551e-05,4.71118184298528e-05,2.82195929357693
"20m","spec_sa","Spectral angle entropy","phy_faith","Faith's PD",485,0.169797814012205,0.0288312976433233,14.3389266230809,0.000171910148243026,5.80564424218147e-05,2.79126846063049
"50m","spec_sa","Spectral angle entropy","phy_faith","Faith's PD",80,0.170649203834405,0.0291211507693164,2.33958105257577,0.130169067142278,3.61602996975768e-05,2.79850110504972
"10m","spec_sa","Spectral angle entropy","phy_rao","Phylogenetic Rao's Q",1903,0.114930106581778,0.0132089293988989,25.4462930760116,4.98181405718525e-07,0.000176967149048412,2.82001219374461
"20m","spec_sa","Spectral angle entropy","phy_rao","Phylogenetic Rao's Q",485,0.202725653945516,0.0410976907676371,20.7009457059912,6.79990770260317e-06,0.00034595548155215,2.77310608643914
"50m","spec_sa","Spectral angle entropy","phy_rao","Phylogenetic Rao's Q",80,0.339670044773391,0.115375739316357,10.1730283315101,0.00205278699607648,0.000572401452586361,2.72760417917179
"10m","spec_sa","Spectral angle entropy","phy_afaith","Abundance-weighted Faith's PD",1903,0.10617909668071,0.0112740005719317,21.6762531779679,3.45093269139253e-06,6.34504654589336e-05,2.82581820996801
"20m","spec_sa","Spectral angle entropy","phy_afaith","Abundance-weighted Faith's PD",485,0.181424373062246,0.0329148031410289,16.4389342001637,5.85589040106418e-05,4.18286265166158e-05,2.79956109013171
"50m","spec_sa","Spectral angle entropy","phy_afaith","Abundance-weighted Faith's PD",80,0.227838204522037,0.0519102474398258,4.27069197760307,0.0420938278359521,1.05841843387123e-05,2.8069234291066
"10m","spec_sa","Spectral angle entropy","sp_rich","Species richness",1903,-0.0233392839271353,0.000544722174231354,1.03608122963389,0.30886415282513,-0.00165832629353976,2.85036359936038
"20m","spec_sa","Spectral angle entropy","sp_rich","Species richness",485,0.0089868388987992,8.07632733929699e-05,0.039011811770424,0.843508357246559,0.000385895255695438,2.83204109638046
"50m","spec_sa","Spectral angle entropy","sp_rich","Species richness",80,0.0716775852249167,0.00513767622367523,0.402808243783454,0.52749976684536,0.00153196450319237,2.82332611604475
"10m","spec_sa","Spectral angle entropy","sp_shannon","Shannon diversity",1903,-0.0274933393631774,0.000755883709338845,1.43802190878767,0.230609156430814,-0.00742722290753874,2.85095017551173
"20m","spec_sa","Spectral angle entropy","sp_shannon","Shannon diversity",485,-0.020837844875669,0.000434215779062445,0.209817327281387,0.647116623701876,-0.0053256266193269,2.84339563065015
"50m","spec_sa","Spectral angle entropy","sp_shannon","Shannon diversity",80,0.0471013094209912,0.00221853334917196,0.173430362277886,0.678224710717653,0.0105589800042941,2.82352088854447
"10m","spec_sa","Spectral angle entropy","sp_simpson","Simpson diversity",1903,-0.0255669427138978,0.000653668559735732,1.24343672755245,0.264950685641024,-0.0142915922448457,2.85137489218295
"20m","spec_sa","Spectral angle entropy","sp_simpson","Simpson diversity",485,-0.0460305998868879,0.00211881612594674,1.02556116436548,0.311710538515421,-0.0355482833190688,2.86111028717317
"50m","spec_sa","Spectral angle entropy","sp_simpson","Simpson diversity",80,0.000501177476405036,2.51178862855227e-07,1.9591956223793e-05,0.996479652021057,0.000564610153626654,2.84657451031782
"10m","spec_sa","Spectral angle entropy","sp_even","Species evenness",1903,-0.0268981528544264,0.00072351062698008,1.37638953434409,0.240864075318933,-0.0130133302719656,2.85280711613779
"20m","spec_sa","Spectral angle entropy","sp_even","Species evenness",485,-0.032510389183223,0.00105692540484463,0.511035096516231,0.475036487734065,-0.0276538170010089,2.8572042146769
"50m","spec_sa","Spectral angle entropy","sp_even","Species evenness",80,-0.0333408947923418,0.00111161526555398,0.0868024816769309,0.76906489440999,-0.0335418609262669,2.87453587645434
"10m","spec_alpha","Raw PCA alpha hull","phy_faith","Faith's PD",1741,0.0216571076011506,0.000469030309647819,0.816026449615902,0.366469617987335,0.0147918911475803,527.786485468402
"20m","spec_alpha","Raw PCA alpha hull","phy_faith","Faith's PD",436,0.116581265416051,0.0135911914460077,5.97985037888525,0.0148666880349928,0.0609210413685166,606.395755498412
"50m","spec_alpha","Raw PCA alpha hull","phy_faith","Faith's PD",74,0.148933630246046,0.0221812262182658,1.63327636013627,0.205355410936057,0.0467206559994537,666.3200854229
"10m","spec_alpha","Raw PCA alpha hull","phy_rao","Phylogenetic Rao's Q",1741,0.0481748699927916,0.00232081809882237,4.04529105855581,0.044448783169685,0.104966952347124,520.55184084803
"20m","spec_alpha","Raw PCA alpha hull","phy_rao","Phylogenetic Rao's Q",436,0.155617117607741,0.0242166872925414,10.7708772512222,0.00111438194624287,0.400624761475503,579.883451920306
"50m","spec_alpha","Raw PCA alpha hull","phy_rao","Phylogenetic Rao's Q",74,0.332476010826451,0.11054029777507,8.94801801576434,0.00380132293466773,0.823820466563553,556.775499503187
"10m","spec_alpha","Raw PCA alpha hull","phy_afaith","Abundance-weighted Faith's PD",1741,0.0573613355193954,0.00329032281256866,5.74076032571809,0.0166807281297006,0.0485616481190177,520.897127857845
"20m","spec_alpha","Raw PCA alpha hull","phy_afaith","Abundance-weighted Faith's PD",436,0.217047789473394,0.0471097429152866,21.4564355897457,4.79147154409325e-06,0.0758948013112461,587.723441396906
"50m","spec_alpha","Raw PCA alpha hull","phy_afaith","Abundance-weighted Faith's PD",74,0.412349720991812,0.170032292402025,14.7503631055437,0.000261595134354656,0.0282087588841585,620.645373088475
"10m","spec_alpha","Raw PCA alpha hull","sp_rich","Species richness",1741,-0.065746611298696,0.00432261689726178,7.54966509424328,0.00606408672191896,-6.81418826326755,562.958842629235
"20m","spec_alpha","Raw PCA alpha hull","sp_rich","Species richness",436,-0.128204816256347,0.0164364749113238,7.25263791260599,0.00735387286877455,-8.78740357892716,718.157044467605
"50m","spec_alpha","Raw PCA alpha hull","sp_rich","Species richness",74,-0.023224014936866,0.00053935486978777,0.0388545069922789,0.844292569543604,-0.76154208797595,741.469707939878
"10m","spec_alpha","Raw PCA alpha hull","sp_shannon","Shannon diversity",1741,-0.0447627850412115,0.00200370692464571,3.49144216880953,0.0618548442804156,-17.6074075107608,552.383158327855
"20m","spec_alpha","Raw PCA alpha hull","sp_shannon","Shannon diversity",436,-0.0969434453870789,0.00939803160351753,4.11744156185052,0.0430530486252948,-40.3890989160574,717.201600123222
"50m","spec_alpha","Raw PCA alpha hull","sp_shannon","Shannon diversity",74,-0.157318640207792,0.0247491545568287,1.82715978808705,0.180694804491216,-55.2467926302235,853.243107351627
"10m","spec_alpha","Raw PCA alpha hull","sp_simpson","Simpson diversity",1741,-0.0372343031977777,0.00138639333462404,2.41428515776181,0.120414803944353,-30.4394646596451,551.492186095742
"20m","spec_alpha","Raw PCA alpha hull","sp_simpson","Simpson diversity",436,-0.0625470201298074,0.00391212972711854,1.70453265443772,0.192387923139898,-80.986090077135,712.465067949148
"50m","spec_alpha","Raw PCA alpha hull","sp_simpson","Simpson diversity",74,-0.12716258856782,0.0161703239312686,1.18339927262979,0.280293217495425,-225.591601267918,921.110111266461
"10m","spec_alpha","Raw PCA alpha hull","sp_even","Species evenness",1741,-0.0108959975048952,0.000118722761626683,0.206483396747894,0.64959446728955,-7.76539268526477,540.165906210112
"20m","spec_alpha","Raw PCA alpha hull","sp_even","Species evenness",436,0.0134385295075997,0.000180594075326627,0.0783919858199481,0.779621882119262,18.5276211040157,637.230243540944
"50m","spec_alpha","Raw PCA alpha hull","sp_even","Species evenness",74,-0.261798530362481,0.068538470499955,5.29787835536854,0.0242472167245599,-402.254542306746,1059.7574779137
"10m","spec_rao_q","Raw PCA Rao's Q","phy_faith","Faith's PD",1744,0.0100877822167479,0.000101763350052535,0.177289797395228,0.673764708640176,0.00398901495682345,157.700474776206
"20m","spec_rao_q","Raw PCA Rao's Q","phy_faith","Faith's PD",436,0.102762974176994,0.0105602288617015,4.63205488567111,0.031930767512012,0.0246274647383882,156.53245613623
"50m","spec_rao_q","Raw PCA Rao's Q","phy_faith","Faith's PD",74,0.1594731425415,0.0254316831920616,1.8788638602842,0.174721428869938,0.0191298435099813,166.673990078434
"10m","spec_rao_q","Raw PCA Rao's Q","phy_rao","Phylogenetic Rao's Q",1744,0.0272486443352239,0.000742488618107531,1.2943762323634,0.255399485614891,0.0343667791060809,154.938774447796
"20m","spec_rao_q","Raw PCA Rao's Q","phy_rao","Phylogenetic Rao's Q",436,0.100197130134142,0.0100394648871182,4.4013146044377,0.0364889040462233,0.118298759685399,153.700494345001
"50m","spec_rao_q","Raw PCA Rao's Q","phy_rao","Phylogenetic Rao's Q",74,0.319454659106728,0.102051279224996,8.18275246036103,0.0055309729280205,0.302683813499987,129.085509752341
"10m","spec_rao_q","Raw PCA Rao's Q","phy_afaith","Abundance-weighted Faith's PD",1744,0.0191835709997855,0.00036800939630381,0.641308375869486,0.4233466176469,0.00940828763625112,156.879844348228
"20m","spec_rao_q","Raw PCA Rao's Q","phy_afaith","Abundance-weighted Faith's PD",436,0.12459495523136,0.0155239028691046,6.84361343543681,0.00920605869547105,0.0199802816953343,158.081903407635
"50m","spec_rao_q","Raw PCA Rao's Q","phy_afaith","Abundance-weighted Faith's PD",74,0.345646792233139,0.119471704981059,9.76909294942211,0.00255879120793995,0.00904187529218,157.659795961041
"10m","spec_rao_q","Raw PCA Rao's Q","sp_rich","Species richness",1744,-0.0818538587998546,0.00670005420042659,11.7502215383169,0.000622516767596648,-4.91482051420856,180.009258120667
"20m","spec_rao_q","Raw PCA Rao's Q","sp_rich","Species richness",436,-0.123736181632776,0.0153106426450593,6.74813722553572,0.00970361529787535,-3.88953272154756,204.241244073898
"50m","spec_rao_q","Raw PCA Rao's Q","sp_rich","Species richness",74,-0.0285426870537627,0.000814684984249028,0.0587051450661136,0.809243171587761,-0.357897918460841,198.162768311577
"10m","spec_rao_q","Raw PCA Rao's Q","sp_shannon","Shannon diversity",1744,-0.0571243888431012,0.00326319580069783,5.70309740832945,0.0170409783672351,-13.0100909114291,172.696618175479
"20m","spec_rao_q","Raw PCA Rao's Q","sp_shannon","Shannon diversity",436,-0.0797017315765266,0.00635236601629669,2.77455181976308,0.096495052177263,-15.2285291068624,199.558886780055
"50m","spec_rao_q","Raw PCA Rao's Q","sp_shannon","Shannon diversity",74,-0.110523126720012,0.0122153615399678,0.890382373478536,0.348529351078841,-14.8418404015637,225.799419446279
"10m","spec_rao_q","Raw PCA Rao's Q","sp_simpson","Simpson diversity",1744,-0.0490058300801318,0.00240157138184276,4.19360859756465,0.0407263008023322,-23.1988749005006,172.429466241756
"20m","spec_rao_q","Raw PCA Rao's Q","sp_simpson","Simpson diversity",436,-0.0434186921856003,0.00188518283110791,0.819714660705602,0.365765940550163,-25.7825004260296,194.239162636836
"50m","spec_rao_q","Raw PCA Rao's Q","sp_simpson","Simpson diversity",74,-0.0779005985234394,0.00606850325031008,0.439599947733985,0.509432754045606,-52.8459938372199,237.445184658029
"10m","spec_rao_q","Raw PCA Rao's Q","sp_even","Species evenness",1744,-0.00740247270503513,5.47966021487902e-05,0.0954609118768015,0.757383201433584,-3.05792482681501,161.73487846358
"20m","spec_rao_q","Raw PCA Rao's Q","sp_even","Species evenness",436,0.0272884372427278,0.000744658807150294,0.323422761911318,0.569852070993423,17.2540504628845,161.081022337454
"50m","spec_rao_q","Raw PCA Rao's Q","sp_even","Species evenness",74,-0.180931182663698,0.0327360928600846,2.43676898158586,0.122905121500228,-106.305291585052,279.835076823042
"10m","spec_pca_mean","Raw PCA mean distance","phy_faith","Faith's PD",1744,0.032578858499392,0.0010613820211234,1.85089198427212,0.173855691695709,0.000223241065806311,7.50441572681919
"20m","spec_pca_mean","Raw PCA mean distance","phy_faith","Faith's PD",436,0.0973377455337454,0.00947463670559219,4.15132462287574,0.0422080300486148,0.000419206696652885,7.70501991764119
"50m","spec_pca_mean","Raw PCA mean distance","phy_faith","Faith's PD",74,0.126983982170555,0.0161249317278919,1.18002287266733,0.280974839068959,0.000282006317972662,8.07697140077044
"10m","spec_pca_mean","Raw PCA mean distance","phy_rao","Phylogenetic Rao's Q",1744,0.0528132377302096,0.00278923807954764,4.87244313851436,0.0274187843829757,0.00115426354866738,7.4525972662613
"20m","spec_pca_mean","Raw PCA mean distance","phy_rao","Phylogenetic Rao's Q",436,0.117851258951857,0.0138889192365377,6.11268960084147,0.0138038188873437,0.00250047791280108,7.56887880759986
"50m","spec_pca_mean","Raw PCA mean distance","phy_rao","Phylogenetic Rao's Q",74,0.291630971162552,0.085048623341213,6.69270634132395,0.0117003721806345,0.00511563612565182,7.38575111464991
"10m","spec_pca_mean","Raw PCA mean distance","phy_afaith","Abundance-weighted Faith's PD",1744,0.0539579291933256,0.00291145812283194,5.08656938372282,0.0242354957194644,0.000458568969524292,7.47763134686512
"20m","spec_pca_mean","Raw PCA mean distance","phy_afaith","Abundance-weighted Faith's PD",436,0.163686367540231,0.0267932269185155,11.9483965836129,0.000600851126840495,0.000471712676556099,7.61949568617567
"50m","spec_pca_mean","Raw PCA mean distance","phy_afaith","Abundance-weighted Faith's PD",74,0.375448308455495,0.140961432322093,11.8146303426461,0.000979965548292768,0.000181828587535492,7.75663017902172
"10m","spec_pca_mean","Raw PCA mean distance","sp_rich","Species richness",1744,-0.0605955784071762,0.00367182412250029,6.41989032957144,0.0113719269149668,-0.0630489265212653,7.86951351081888
"20m","spec_pca_mean","Raw PCA mean distance","sp_rich","Species richness",436,-0.129889415381605,0.0168712602281752,7.4477803799403,0.00660961036071927,-0.0733733535793161,8.57086035133348
"50m","spec_pca_mean","Raw PCA mean distance","sp_rich","Species richness",74,-0.0424243294251745,0.00179982372717572,0.129820963206516,0.719672591539897,-0.00984839216850912,8.61247362461246
"10m","spec_pca_mean","Raw PCA mean distance","sp_shannon","Shannon diversity",1744,-0.0338442458988579,0.00114543298046236,1.99763240600611,0.157723787447764,-0.133570903411352,7.74197655133842
"20m","spec_pca_mean","Raw PCA mean distance","sp_shannon","Shannon diversity",436,-0.082700753060714,0.00683941455680919,2.98874719875296,0.0845561730881264,-0.283964175016073,8.47720560848821
"50m","spec_pca_mean","Raw PCA mean distance","sp_shannon","Shannon diversity",74,-0.157317534937267,0.0247488067987383,1.8271334625698,0.180697906488629,-0.39110895351609,9.33424345928396
"10m","spec_pca_mean","Raw PCA mean distance","sp_simpson","Simpson diversity",1744,-0.0261745624674905,0.000685107720364561,1.19427585648459,0.274619863130909,-0.214717212705179,7.7261895501275
"20m","spec_pca_mean","Raw PCA mean distance","sp_simpson","Simpson diversity",436,-0.0408310502690222,0.00166717466607143,0.724762110103893,0.395055757701178,-0.435715223980413,8.34451657941596
"50m","spec_pca_mean","Raw PCA mean distance","sp_simpson","Simpson diversity",74,-0.108103594903406,0.0116863872310397,0.851369312092596,0.359247005424391,-1.35768006955706,9.61149656421327
"10m","spec_pca_mean","Raw PCA mean distance","sp_even","Species evenness",1744,0.00780893284765786,6.09794322192304e-05,0.106232648932514,0.744513813840065,0.0558997589739488,7.56648994814892
"20m","spec_pca_mean","Raw PCA mean distance","sp_even","Species evenness",436,0.0348281351181984,0.00121299899581148,0.52708091280012,0.46822802501085,0.395736863308905,7.69971642489863
"50m","spec_pca_mean","Raw PCA mean distance","sp_even","Species evenness",74,-0.238822068903824,0.0570359805955028,4.35498122767145,0.0404421541504994,-2.59777748471146,10.5911036684048
"10m","spec_spca_alpha","Std PCA alpha hull","phy_faith","Faith's PD",1744,0.152949455596971,0.0233935359674098,41.7276980606469,1.35748499117e-10,0.0992662098661044,502.150380124695
"20m","spec_spca_alpha","Std PCA alpha hull","phy_faith","Faith's PD",436,0.284820247835823,0.0811225735772597,38.3154443891336,1.39520168956579e-09,0.139060754389837,544.796327293856
"50m","spec_spca_alpha","Std PCA alpha hull","phy_faith","Faith's PD",74,0.312046202184145,0.097372832297548,7.76715367793423,0.006798368113766,0.0979531633920174,561.111766943329
"10m","spec_spca_alpha","Std PCA alpha hull","phy_rao","Phylogenetic Rao's Q",1744,0.176700073123062,0.0312229158416955,56.1432761835908,1.06582636162815e-13,0.365775150889332,498.810808740093
"20m","spec_spca_alpha","Std PCA alpha hull","phy_rao","Phylogenetic Rao's Q",436,0.335667375712764,0.112672587117894,55.1091988134745,6.07745949936524e-13,0.807392521104055,503.622694941829
"50m","spec_spca_alpha","Std PCA alpha hull","phy_rao","Phylogenetic Rao's Q",74,0.487492851705372,0.237649280463836,22.4447196741768,1.05731990146838e-05,1.20871502928829,440.209375650145
"10m","spec_spca_alpha","Std PCA alpha hull","phy_afaith","Abundance-weighted Faith's PD",1744,0.188235408715587,0.035432569094324,63.9908972505503,2.25843841968386e-15,0.151518614955482,504.996807175095
"20m","spec_spca_alpha","Std PCA alpha hull","phy_afaith","Abundance-weighted Faith's PD",436,0.383532746134409,0.147097367357401,74.8505808163727,9.97076235920757e-17,0.125300925526208,542.933814596823
"50m","spec_spca_alpha","Std PCA alpha hull","phy_afaith","Abundance-weighted Faith's PD",74,0.49661711716589,0.246628561062159,23.5703870344633,6.7867866274078e-06,0.0339956513409134,562.470883499817
"10m","spec_spca_alpha","Std PCA alpha hull","sp_rich","Species richness",1744,-0.0323210510994041,0.00104465034417031,1.82168392228105,0.177288329307417,-3.18520594703115,560.947729444582
"20m","spec_spca_alpha","Std PCA alpha hull","sp_rich","Species richness",436,-0.0117257246096542,0.000137492617621448,0.059680001607349,0.807117876297014,-0.750915536232061,655.10035192861
"50m","spec_spca_alpha","Std PCA alpha hull","sp_rich","Species richness",74,0.0993962206874893,0.00987960868695609,0.718429629065117,0.399468353588474,3.2614437164656,642.908629656901
"10m","spec_spca_alpha","Std PCA alpha hull","sp_shannon","Shannon diversity",1744,-0.0246043137563754,0.000605372255422163,1.05519725608824,0.304455753016462,-9.19715612563088,556.983309077242
"20m","spec_spca_alpha","Std PCA alpha hull","sp_shannon","Shannon diversity",436,-0.0243352970022209,0.000592206680186302,0.257169996991017,0.612328674783974,-9.47278176680439,664.701753138693
"50m","spec_spca_alpha","Std PCA alpha hull","sp_shannon","Shannon diversity",74,0.00735254036469407,5.40598498144547e-05,0.00389251961566656,0.95042508656658,2.58373347379555,687.986798499371
"10m","spec_spca_alpha","Std PCA alpha hull","sp_simpson","Simpson diversity",1744,-0.0215551090498706,0.00046462272615181,0.809749016752115,0.368318839351865,-16.7476137113802,556.987818469377
"20m","spec_spca_alpha","Std PCA alpha hull","sp_simpson","Simpson diversity",436,-0.0212100944926629,0.000449868108387698,0.195330632062217,0.658736662663412,-25.6591094534689,668.546157595526
"50m","spec_spca_alpha","Std PCA alpha hull","sp_simpson","Simpson diversity",74,0.00565706299604386,3.20023617412086e-05,0.00230424378661022,0.961847124066499,10.0424109695184,685.244001676708
"10m","spec_spca_alpha","Std PCA alpha hull","sp_even","Species evenness",1744,-0.0250580210488732,0.000627904418885771,1.09449673703665,0.295622160845553,-16.9894882585307,559.926043250088
"20m","spec_spca_alpha","Std PCA alpha hull","sp_even","Species evenness",436,-0.0119997142693878,0.000143993142546953,0.0625020237281899,0.802702512858819,-15.4573123893887,662.000505827107
"50m","spec_spca_alpha","Std PCA alpha hull","sp_even","Species evenness",74,-0.116331001239826,0.0135329018494603,0.987735865684645,0.323624772286631,-178.859753111313,840.574575885504
"10m","spec_spca_rao","Std PCA Rao's Q","phy_faith","Faith's PD",1744,0.0258519896003669,0.000668325366297476,1.16500138806962,0.28058012717332,0.0168222046537969,135.596648953038
"20m","spec_spca_rao","Std PCA Rao's Q","phy_faith","Faith's PD",436,0.123120431377605,0.0151586406226075,6.68011143883188,0.010074930010526,0.046011242012297,118.923292744523
"50m","spec_spca_rao","Std PCA Rao's Q","phy_faith","Faith's PD",74,0.228497773040916,0.0522112322846578,3.96629381202415,0.0502138828430735,0.042112034344048,107.566721895534
"10m","spec_spca_rao","Std PCA Rao's Q","phy_rao","Phylogenetic Rao's Q",1744,0.0437895976538778,0.0019175288626885,3.34675277384349,0.0675085727682812,0.090883252012671,131.170305210415
"20m","spec_spca_rao","Std PCA Rao's Q","phy_rao","Phylogenetic Rao's Q",436,0.132208893059991,0.0174791914041481,7.72092458809252,0.00569535277703338,0.243408850356179,109.587433912291
"50m","spec_spca_rao","Std PCA Rao's Q","phy_rao","Phylogenetic Rao's Q",74,0.351984292043169,0.123892941845131,10.1817371859052,0.00210224532802153,0.512393531220324,57.1107778462464
"10m","spec_spca_rao","Std PCA Rao's Q","phy_afaith","Abundance-weighted Faith's PD",1744,0.0247425802063645,0.000612195275268382,1.06709744152948,0.301745374940742,0.0199684838844868,137.687005148258
"20m","spec_spca_rao","Std PCA Rao's Q","phy_afaith","Abundance-weighted Faith's PD",436,0.132961948408866,0.017678879724682,7.81071855439855,0.0054239641441916,0.0332490550131326,125.286966658901
"50m","spec_spca_rao","Std PCA Rao's Q","phy_afaith","Abundance-weighted Faith's PD",74,0.27182203942987,0.0738872211198138,5.74431110545646,0.0191401335572798,0.0109247380844179,122.405230838584
"10m","spec_spca_rao","Std PCA Rao's Q","sp_rich","Species richness",1744,-0.0816976109520962,0.00667449963528009,11.7051040775545,0.000637688841598317,-8.07229145284834,176.947667850264
"20m","spec_spca_rao","Std PCA Rao's Q","sp_rich","Species richness",436,-0.0860098150477906,0.00739768828455515,3.23452472113256,0.072795957493857,-4.2159895001661,185.176249175386
"50m","spec_spca_rao","Std PCA Rao's Q","sp_rich","Species richness",74,0.0543247057077504,0.00295117365023369,0.213113437578318,0.645729748442504,1.04655506545574,148.278356073814
"10m","spec_spca_rao","Std PCA Rao's Q","sp_shannon","Shannon diversity",1744,-0.0602378151594359,0.00362859437518237,6.34403131792388,0.0118666098133426,-22.5759975248907,166.159365215954
"20m","spec_spca_rao","Std PCA Rao's Q","sp_shannon","Shannon diversity",436,-0.0608583228509165,0.00370373546022638,1.61339678462087,0.204695517881925,-18.1326370269709,182.7155887744
"50m","spec_spca_rao","Std PCA Rao's Q","sp_shannon","Shannon diversity",74,0.0347138647079294,0.00120505240296043,0.0868684540524481,0.769044820674281,7.16205985427963,148.569358337628
"10m","spec_spca_rao","Std PCA Rao's Q","sp_simpson","Simpson diversity",1744,-0.0518602044973615,0.00268948081050815,4.69770997273019,0.0303379226966391,-40.3991633163401,165.775239321829
"20m","spec_spca_rao","Std PCA Rao's Q","sp_simpson","Simpson diversity",436,-0.0412127401911592,0.00169848995406399,0.73839880301278,0.39064865564632,-38.1619514195965,181.929923686797
"50m","spec_spca_rao","Std PCA Rao's Q","sp_simpson","Simpson diversity",74,0.0197925058769975,0.000391743288890977,0.0282165704522606,0.867071625393393,20.6287276915897,147.086167336325
"10m","spec_spca_rao","Std PCA Rao's Q","sp_even","Species evenness",1744,-0.0204223348792913,0.000417071761921918,0.726842154606042,0.394025885341952,-13.8827133434371,153.321988432505
"20m","spec_spca_rao","Std PCA Rao's Q","sp_even","Species evenness",436,0.00920236063087431,8.46834411806655e-05,0.0367557260737758,0.848052903490436,9.07324075664999,146.200195397626
"50m","spec_spca_rao","Std PCA Rao's Q","sp_even","Species evenness",74,-0.0268539192268312,0.000721132977841169,0.0519590437845343,0.820334889628767,-24.240943786502,184.495513815975
"10m","spec_spca_mean","Std PCA mean distance","phy_faith","Faith's PD",1744,0.119174997265763,0.0142026799732946,25.0975205662041,6.00294649947351e-07,0.000956582242081547,6.40327685231647
"20m","spec_spca_mean","Std PCA mean distance","phy_faith","Faith's PD",436,0.240127222391164,0.0576610829332954,26.5561673616826,3.89463083274921e-07,0.00116235428175076,6.20529881075271
"50m","spec_spca_mean","Std PCA mean distance","phy_faith","Faith's PD",74,0.282206004698475,0.0796402290878758,6.23027719762704,0.0148492854422724,0.00075778278031684,6.30552110396668
"10m","spec_spca_mean","Std PCA mean distance","phy_rao","Phylogenetic Rao's Q",1744,0.140069370440033,0.0196194285354673,34.8609973550668,4.2474891183694e-09,0.00358595061848359,6.36292636923665
"20m","spec_spca_mean","Std PCA mean distance","phy_rao","Phylogenetic Rao's Q",436,0.273805906821417,0.0749696746102984,35.1738076988581,6.16341983438988e-09,0.00652952822208481,5.9007312268599
"50m","spec_spca_mean","Std PCA mean distance","phy_rao","Phylogenetic Rao's Q",74,0.443755339348242,0.196918801200073,17.6546950764035,7.49221640000885e-05,0.00941191896033385,5.35738417441559
"10m","spec_spca_mean","Std PCA mean distance","phy_afaith","Abundance-weighted Faith's PD",1744,0.122298147232418,0.0149568368164822,26.4504244160293,3.00872765899464e-07,0.00121749786192934,6.49904492597628
"20m","spec_spca_mean","Std PCA mean distance","phy_afaith","Abundance-weighted Faith's PD",436,0.301183817758065,0.0907116920793236,43.2963604826874,1.35797770799476e-10,0.000975544004707486,6.25077502510027
"50m","spec_spca_mean","Std PCA mean distance","phy_afaith","Abundance-weighted Faith's PD",74,0.418752580398847,0.175353723590693,15.310162016985,0.000204733071759934,0.00024520995368623,6.38473021157698
"10m","spec_spca_mean","Std PCA mean distance","sp_rich","Species richness",1744,-0.0516658583962656,0.002669360923823,4.6624725513366,0.030964889680954,-0.0629708202632219,7.1043710054576
"20m","spec_spca_mean","Std PCA mean distance","sp_rich","Species richness",436,-0.0385724589646704,0.00148783459058119,0.64668236870952,0.421741582066619,-0.0244901884391184,7.26388872280133
"50m","spec_spca_mean","Std PCA mean distance","sp_rich","Species richness",74,0.09200059274604,0.00846410906562271,0.61461804690756,0.435625894318764,0.0258231702863469,6.92908279668875
"10m","spec_spca_mean","Std PCA mean distance","sp_shannon","Shannon diversity",1744,-0.0318964474482303,0.00101738335981772,1.77408673912973,0.183051356191666,-0.14745797870721,6.99121376421016
"20m","spec_spca_mean","Std PCA mean distance","sp_shannon","Shannon diversity",436,-0.0358714206984152,0.00128675882292269,0.559172849746397,0.454998687429412,-0.138437216954731,7.3028344749747
"50m","spec_spca_mean","Std PCA mean distance","sp_shannon","Shannon diversity",74,0.00861894511590569,7.42862149109937e-05,0.00534900483091398,0.941899985949822,0.0259085630535952,7.27379801334447
"10m","spec_spca_mean","Std PCA mean distance","sp_simpson","Simpson diversity",1744,-0.0248121691009242,0.00061564373549286,1.07311204193466,0.300387343042258,-0.238424621733219,6.97455483546111
"20m","spec_spca_mean","Std PCA mean distance","sp_simpson","Simpson diversity",436,-0.022836488060163,0.000521505186921966,0.22645134667601,0.634407121005034,-0.273899786368309,7.28385812762776
"50m","spec_spca_mean","Std PCA mean distance","sp_simpson","Simpson diversity",74,-0.00896748545516929,8.04157953886715e-05,0.00579040290783981,0.939554807229045,-0.13617474581951,7.44739043233513
"10m","spec_spca_mean","Std PCA mean distance","sp_even","Species evenness",1744,-0.0137369490611173,0.00018870376950773,0.328784009264367,0.56644999885391,-0.115188062895594,6.92503923389731
"20m","spec_spca_mean","Std PCA mean distance","sp_even","Species evenness",436,0.00419454305809307,1.75941914661965e-05,0.0076360134458119,0.930406363055685,0.0535687037309677,7.03678146770759
"50m","spec_spca_mean","Std PCA mean distance","sp_even","Species evenness",74,-0.107336341944514,0.0115210903020297,0.839186849216234,0.362687551374,-1.41170147472457,8.49048531053612
